<?xml version="1.0" standalone="yes" ?>

<!-- July   18, 2003  bpk   creation  -->
<!-- July   18, 2009  bpk   minor format changes  -->

<CHAPTER>

<COPYRIGHTDATE>2009</COPYRIGHTDATE>
<COPYRIGHTHOLDER>Bradley Kjell</COPYRIGHTHOLDER> 
<AUTHORNAME>Bradley Kjell kjell at ieee dot org </AUTHORNAME>
<HOMEFILE>../vectorIndex.html#00</HOMEFILE>
<STYLESHEET>../vectorStyle.css</STYLESHEET>

<CAI> CHAPTER 0 &#8212 Points and Lines

<p>
<small>created 07/18/2003; some fixes 10/06/2005, 07/18/2009</small>
</p>

<LESSON>
<p>
This is a tutorial on the mathematical tools
used in Three Dimensional Computer Graphics (3D Graphics).
A 3D graphics program
builds a scene composed of three dimensional objects
in three dimensional space.
Then two dimensional images are produced from the 3D scene.
The scene is represented as a data structure in computer memory.
The 2D image is typically the picture on the face of a computer monitor.
</p>

<p>
The 3D objects are composed of points, lines, and polygons.
You know what these are,
but so that we can start from a common ground,
this chapter reviews these concepts
and introduces some of the vocabulary of computer graphics.
</p>

<h4>Chapter Topics:</h4>
<ul>
<li>Points</li>
<li>Lines</li>
<li>Triangles</li>
<li>Vectors</li>
<li>Representing points, lines, and vectors</li>
</ul>
</LESSON>

<p>
Two fundamental objects in geometry are points
and lines.
What are they?
</p>

<QUESTION>
<p>
What is a point? (Think about this question before you go on!)
</p>
</QUESTION>
</CAI>


<!-- ***********************************************************************  -->
<!-- ***********************************************************************  -->
<!-- ***********************************************************************  -->
<CAI>Picture of a Point

<ANSWER>
<p>
A point is a location in space.
</p>
</ANSWER>

<LESSON>

<table border="1"  bordercolor="brown" align="right" hspace="5">
<tr><td>
<img src="points8mod1.jpg" width="463" height="480" />
</td>
</tr>
</table>

<INDEX>point</INDEX>
<p>
A geometrical <b>point</b> is a location in space.
It has no other characteristics.
It has no length, width, or thickness.
It is pure location.
</p>

<p>
The above answer would not help you if you
somehow did not already understand the concept of "point".
The phrase "location is space" designates
the same concept as the word "point".
The definition cannot convey a concept you
do not already have.
</p>

<p>
In geometry, the word <em>point</em> is
not defined.
It is one of the undefined primitives
that are used to define other objects.
Instead of defining "point"
books give examples and hope that you
somehow build up the concept from them.
</p>

<p>
At right is a picture that I hope will clarify this.
The picture shows two spires atop a building.
The picture is 2D, but think about
the actual 3D building.
Focus on the spike at the top of the closest spire.
</p>

<p>
What is the location of the very top of the spike?
On the scale of the building,
the end of the spike defines an exact location.
We can conceptualize that location as a point.
</p>

</LESSON>


<QUESTION>
<p>
If you had the spike lying in front of you on your desk,
would you consider its end to be a point?
</p>
</QUESTION>
</CAI>


<!-- ***********************************************************************  -->
<!-- ***********************************************************************  -->
<!-- ***********************************************************************  -->
<CAI>Physical Points

<ANSWER>
<p>
Probably not.
On that scale, the end is too blunt to be considered a point.
</p>
</ANSWER>

<LESSON>

<p>
A point is an idealization.
On the scale of a building,
the end of a spike is small enough to be considered an exact location,
a point.
But on the scale of your desktop,
its end does not exactly define one location.
For the scale of a desktop,
the spike would have to taper to a pin point.
Then, perhaps, you could consider its end to define a point.
</p>

<p>
But if you put that pin point under a microscope,
then for that scale it is again too blunt.
It would have to taper further,
perhaps to the thickness of a bacterium,
before the end could define a point.
But now, 
on the scale of bacteria,
the end of the spike is again too thick to 
exactly define a location.
</p>

<p>
So,
points in 3D space are an idealization.
For a computer model of a building,
the sharp end of a spike is exact enough to be a point.
The edges, planes, and other shapes that make up the
building do not need to be specified to any greater accuracy.
</p>

</LESSON>


<QUESTION>
<p>
Where, in space,
is the end of the more distant spike?
(Look at the picture again and envision the
relationship between the two points.)
</p>
</QUESTION>
</CAI>



<!-- ***********************************************************************  -->
<!-- ***********************************************************************  -->
<!-- ***********************************************************************  -->
<CAI>Points in Space

<ANSWER>
<p>
No verbal answer is required here.
</p>
</ANSWER>

<LESSON>
<table border="1"  bordercolor="brown" align="right" hspace="5">
<tr><td>
<img src="points8mod1small.jpg" width="216" height="224"  />
</td>
</tr>
</table>


<p>
In the physical world (the "real world"),
the endpoints of the two spikes are at definite locations.
Later on in these notes,
locations will be specified using a
coordinate frame.
But for now let's just think of points in space.
In 3D graphics programs you put points in space,
and lines in space,
and other things in space.
And then project them into a 2D picture.
</p>

<p>
This mimics what has happened when the picture
was produced with a camera.
The ends of the spikes in the physical world define two 3D points.
The whole scene was projected by a lens
onto a 2D sheet of film.
The ends of the  spikes in the 2D picture define two 2D points.
</p>

<br clear="all" />
<p>
&#160;
</p>

</LESSON>


<QUESTION>
<p>
What is the distance between the two points at
the ends of the spikes?
</p>
</QUESTION>
</CAI>



<!-- ***********************************************************************  -->
<!-- ***********************************************************************  -->
<!-- ***********************************************************************  -->
<CAI>Lines

<ANSWER>
<p>
I would guess about 100 feet.
</p>
</ANSWER>

<LESSON>

<p>
In a 2D picture it is often  hard to judge depth.
When a 2D picture is produced from a 3D scene 
(either a real scene or a scene in a computer),
a great deal of information is lost.
</p>

<INDEX>line segment</INDEX>
<INDEX>line</INDEX>
<p>
The real reason I asked the question was to
trick you into thinking about the <b>line segment</b>
between the two points.
A line segment is the straight path between two points.
It has no thickness.
There is only one line segment between the two points.
</p>

<p>
Again,
if you did not already have the concept of "line" 
the above definition would not be enough to learn it.
The phrase "straight path" designates the concept that
is being defined.
In 3D graphics you mostly deal with line segments.
In geometry,
lines continue without end.
A line segment is the part of a line between two points.
</p>

<p>
In geometry books the world <em>line</em> is usually not
defined.
It (like <em>point</em>) is an  undefined concept 
 used to define other objects.
Books give pictures and examples of lines and hope that
somehow you will come to understand what a line is by
looking at them.
</p>

<p>
Often people say "line" when properly they should say
"line segment."
These notes will do that also, since
line segments are so common.
</p>

</LESSON>


<QUESTION>
<p>
Could you stretch a length of wire between the
two points?
</p>
</QUESTION>
</CAI>


<!-- ***********************************************************************  -->
<!-- ***********************************************************************  -->
<!-- ***********************************************************************  -->
<CAI>Very Thin Wire

<ANSWER>
<p>
Yes, conceptually, at least.
</p>
</ANSWER>

<LESSON>
<table border="1"  bordercolor="brown" align="right" hspace="5">
<tr><td>
<img src="points8mod1line.jpg" width="216" height="224"  />
</td>
</tr>
</table>

<p>
At the scale of the building,
a thin wire
stretched between the two spikes
is a close approximation to a line segment.
</p>

<p>
Again,
this is a matter of scale.
The wire is likely to be thicker than a line
drawn by a pencil.
On your desk the wire is too thick to be
considered a line segment.
Perhaps a thin, straight pencil line
is thin enough to be considered a geometrical line.
If that is too thick,
then a length of spider silk stretched between two
points might work.
</p>

<p>
But on an architectural level,
taught wires can be considered line segments.
You could build a geometrical model of the
building using line segments to represent edges.
</p>

<br clear="all" />
<p>
&#160;
</p>

</LESSON>


<QUESTION>
<p>
Mentally draw a triangle that connects the two spikes
and the top left corner of the white railing.
</p>
</QUESTION>
</CAI>



<!-- ***********************************************************************  -->
<!-- ***********************************************************************  -->
<!-- ***********************************************************************  -->
<CAI>Triangles

<ANSWER>
<p>
See the picture.
</p>
</ANSWER>

<LESSON>

<table border="1"  bordercolor="brown" align="right" hspace="5">
<tr><td>
<img src="points8mod1triangle.jpg" width="216" height="224"  />
</td>
</tr>
</table>

<INDEX>triangle</INDEX>

<p>
A <b>triangle</b> is made by connecting three points
in 3D space with line segments.
Unless the three points all lie on the same line,
three points in space define a unique triangle.
Triangles in space are very important in 3D graphics.
The 3D objects that make up the scene are constructed
out of triangles and other flat polygons.
</p>

<p>
The triangle in the 2D picture is a projection of
the 3D triangle in the scene.
The projection distorts the 3D triangle.
The 3D triangle is much larger than the 2D triangle,
and the angles are different.
</p>

<p>
Say that a 3D object in the scene is constructed of
several triangles.
Now project each triangle into a 2D picture.
The result is the projected version of the 3D object.
The white lattice work on the building is made up of
many triangles.
The image of the lattice in the picture shows all
these triangles projected (by the lens and camera).
</p>

<p>
These topics will be discussed in depth in your
computer graphics book.
Right now,
just think about geometrical figures in space.
</p>

</LESSON>


<QUESTION>
<p>
Do you need a coordinate frame
(a system of labeling points with x, y, and z coordinates)
to talk about points, lines, and plane figures?
</p>
</QUESTION>
</CAI>


<!-- ***********************************************************************  -->
<!-- ***********************************************************************  -->
<!-- ***********************************************************************  -->
<CAI>Representation

<ANSWER>
<p>
No.
</p>
</ANSWER>

<LESSON>

<table border="1"  bordercolor="brown" align="right" hspace="5">
<tr><td>
<img src="points8coord.jpg" width="216" height="224"  />
</td>
</tr>
</table>

<INDEX>representation</INDEX>
<INDEX>coordinate frame</INDEX>
<p>
You can think about the points,
lines, and plane figures that compose 
the 3D scene without using a coordinate system.
In fact, that is what we have been doing.
But in computer graphics we need to represent
these objects, somehow, and to manipulate them.
To do this,
we need a method to represent such objects.
</p>

<INDEX>origin</INDEX>
<INDEX>axis</INDEX>
<p>
Pick a convenient point in the 3D scene
and call it the <b>origin</b>.
Now define three lines called X, Y, and Z
that go through the origin.
Usually the three lines are perpendicular
to each other.
Each line is called an <b>axis</b>.
</p>

<p>
Pick a positive direction for each line.
There are several choices here, but let's
make the choice shown in the picture.
</p>

<p>
Now each point of the X axis is a unique
distance (positive, negative, or zero) from the origin.
For example,
the corner of the building that lies on the
X axis is at a distance of 8.0 feet (or so) from
the origin.
</p>


</LESSON>


<QUESTION>
<p>
The origin is at a height of zero.
About how high is the end point of the closest spike?
</p>
</QUESTION>
</CAI>



<!-- ***********************************************************************  -->
<!-- ***********************************************************************  -->
<!-- ***********************************************************************  -->
<CAI>Coordinates

<ANSWER>
<p>
I would say 12 feet.
</p>
</ANSWER>

<LESSON>



<table border="1"  bordercolor="brown" align="right" hspace="5">
<tr><td>
<img src="points8coord.jpg" width="216" height="224"  />
</td>
</tr>
</table>

<p>
Or you could say that for the endpoint of the spike, y=12.0.
</p>

<p>
Any point in our 3D scene can be assigned a representation
by measuring its distance along the three axes.
For these notes (and for many computer graphics books),
these three distances are put into a column matrix as follows.
</p>


<blockquote>
<img src="colMat00-01.gif" />
</blockquote>


<p>
You are probably accustomed to putting the
three coordinates into a triple
such as (x, y, z).
But it will turn out that for computer graphics
it is more conventient to put them into a column,
as above.
</p>

<p>
For example,
the coordinates of the corner of the building
that lies along the X axis are (about):
</p>


<blockquote>
<img src="colMat00-02.gif" />
</blockquote>


<QUESTION>
<p>
What are the coordinates of the corner
point of the white lattice along the top edge
(labeled P0)?
</p>
</QUESTION>
</CAI>



<!-- ***********************************************************************  -->
<!-- ***********************************************************************  -->
<!-- ***********************************************************************  -->
<CAI>Little Boxes

<ANSWER>
<p>
Roughly,
</p>

<blockquote>
<img src="colMat00-06.gif" />
</blockquote>
</ANSWER>

<LESSON>

<img src="littleBoxes.gif" align="right" hspace="20" />

<INDEX>coordinates, determining</INDEX>
<p>
In determining coordinates,
measure distance along lines that are
parallel to the coordinate axes.
The lines you use will form a rectangle
or the sides of a box.
</p>

<p>
For example,
in the figure,
the black dotted lines used for point Q0
form a rectangle.
Measuring the sides of the rectangle leads
to the coordinates:
</p>

<blockquote>
<img src="colMat00-07.gif" />
</blockquote>

<p>
It is harder to figure out the coordinates of Q1.
The picture is 2D,
but the scene it shows is 3D,
so the Z axis is distorted.
The dotted lines in the 3D scene form a box.
All the angles are 90 degrees.
</p>

<br clear="all" />

</LESSON>


<QUESTION>
<p>
Estimate the coordinates of Q1.
</p>

<blockquote>
<img src="colMat00-guess.gif" />
</blockquote>

</QUESTION>
</CAI>



<!-- ***********************************************************************  -->
<!-- ***********************************************************************  -->
<!-- ***********************************************************************  -->
<CAI>More Points

<ANSWER>

<blockquote>
<img src="colMat00-08.gif" />
</blockquote>
</ANSWER>

<LESSON>

<table border="1"  bordercolor="brown" align="center" hspace="15">
<tr><td>
<img src="points8coord.jpg" width="216" height="224"  />
</td>
</tr>
</table>

<p>
Now back to our real-world scene.
The white lattice is (I guess) eight feet
long on each side.
</p>


<br clear="all" />

</LESSON>


<QUESTION>
<p>
Make a reasonable guess about the coordinates
of the end of the closest spike:
</p>

<blockquote>
<img src="colMat00-guess.gif" />
</blockquote>

</QUESTION>
</CAI>



<!-- ***********************************************************************  -->
<!-- ***********************************************************************  -->
<!-- ***********************************************************************  -->
<CAI>The Point and its Representation

<ANSWER>
<blockquote>
<img src="colMat00-03.gif" />
</blockquote>
</ANSWER>

<LESSON>

<table border="1"  bordercolor="brown" align="right" hspace="5">
<tr><td>
<img src="points8coord.jpg" width="216" height="224"  />
</td>
</tr>
</table>

<p>
The column matrix is a mathematical object that <b>represents</b> the point
using our choosen coordinate frame.
The column matrix <u>is not</u> the point.
The column matrix and the point are different things.
One is used to represent the other,
just as your name is used to represent you.
</p>

<p>
I hope this is obvious,
but students who try to skip lightly through the mathematics
of computer graphics sometimes are vague about this,
to their eventual grief.
Your computer graphics book will soon start representing
the same point in several different ways.
It is vital to keep separated the ideas of the
geometrical point, and the several ways it might be represented.
</p>

<p>
<b>Note:</b> often people speak casually and say things like,
"the point (4, 12, -4)," as if the triple of numbers were
identical to the point.
This is just for convenience.
They really should say "the point that is represented in
our choosen coordinate system by (4, 12, -4)."
</p>


</LESSON>


<QUESTION>
<p>
Are the distances measured along the coordinate axes
in feet or in meters?
</p>
</QUESTION>
</CAI>



<!-- ***********************************************************************  -->
<!-- ***********************************************************************  -->
<!-- ***********************************************************************  -->
<CAI>Another Frame

<ANSWER>
<p>
It doesn't matter,
as long as you are consistent
</p>
</ANSWER>

<LESSON>


<table border="1"  bordercolor="brown" align="right" hspace="5">
<tr><td>
<img src="points8newFrame.jpg" width="216" height="224"  />
</td>
</tr>
</table>

<INDEX>change of frames</INDEX>
<p>
The coordinate frames used in math books are not
usually placed in a real world scene,
so the distances are not expressed in any particular unit.
When you create your 3D world inside a computer you
need to decide on the units you are using.
</p>

<p>
The picture shows our 3D world with a different coordinate frame
placed in it.
The points in the world are the same points as before.
But now,
with a different coordinate frame,
they will have different representations.
</p>

<p>
In the previous frame,
the point labeled P1
was given the representation:
</p>

<blockquote>
<img src="colMat00-03.gif" />
</blockquote>

<p>
Now,
the distances along the axes
in the new (green) frame are different.
The column matrix that represents P1
in the new frame is roughly:
</p>

<blockquote>
<img src="colMat00-04.gif" />
</blockquote>

<p>
(I am not doing math, here.
I'm looking at the picture and guessing distances.
Try to do the same.
The goal is not to calculate anything but to think
about points in space.)
</p>

<p>
The same point has a different
representation in each frame.
When you represent a point with a column matrix
you have to know what frame is being used.
</p>

</LESSON>


<QUESTION>
<p>
Estimate the coordinates of the point P0,
on the top edge of the lattice:
</p>

<blockquote>
<img src="colMat00-guess.gif" />
</blockquote>

</QUESTION>
</CAI>



<!-- ***********************************************************************  -->
<!-- ***********************************************************************  -->
<!-- ***********************************************************************  -->
<CAI>Sunlight

<ANSWER>

<blockquote>
<img src="colMat00-05.gif" />
</blockquote>

<p>
But this is just an estimate.
</p>

</ANSWER>

<LESSON>

<p>
&nbsp;
</p>

<table border="1"  bordercolor="brown" align="right" hspace="5">
<tr><td>
<img src="points8mod1small.jpg" width="216" height="224"  />
</td>
</tr>
</table>

<p>
Look at the picture of the building again.
The scene is being illuminated by the sun,
which is not in the picture.
In the scene,
sunlight is coming in diagonally from off 
scene to the left.
</p>


<br clear="all" />
<br clear="all" />
</LESSON>


<QUESTION>
<p>
Mentally sketch some lines in the picture
that show light from the sun.
</p>
</QUESTION>
</CAI>



<!-- ***********************************************************************  -->
<!-- ***********************************************************************  -->
<!-- ***********************************************************************  -->
<CAI>Vector

<ANSWER>
<p>
See Below.
</p>
</ANSWER>

<LESSON>


<table border="1"  bordercolor="brown" align="right" hspace="5">
<tr><td>
<img src="points8vector.jpg" width="216" height="224"  />
</td>
</tr>
</table>

<INDEX>vector</INDEX>
<p>
As you look at the building,
Light is flooding in from 
the
upper left.
The picture represents this sunlight
as arrows.
Although the picture is 2D,
try to think of the 3D scene.
The direction  
in which the light is traveling is shown by an arrow.
The length of the arrow (let us say)
represents the intensity of the light.
Although there are several arrows in the picture,
  any one arrow is enough to represent the light
  and its intensity.
</p>

<p>
The direction of the light and its
intensity can be represented as a <b>vector</b>.
A vector is a geometrical object that has
two properties: length and direction.
Light from the sun has two properties:
brightness and direction
(we are disregarding color information.)
The length of the vector proportional to the
brightness of the light.
</p>

<p>
Wind, also, can be represented as a vector.
Wind has direction and speed.
A particle of dust travels in the direction of the wind.
The length of the vector is proportional to the speed
of the dust particle.
</p>

<p>
A vector does <u>not</u> have a position.
The picture shows several arrows that represent
the flood of light coming in from the sun.
But the arrows could have been drawn anywhere
as long as their direction and length was the same.
</p>

</LESSON>

<QUESTION>
<p>
Do you suspect that a computer graphics program needs
to represent light intensity and direction?
</p>
</QUESTION>
</CAI>



<!-- ***********************************************************************  -->
<!-- ***********************************************************************  -->
<!-- ***********************************************************************  -->
<CAI>Representing a Vector

<ANSWER>
<p>
Yes.
</p>
</ANSWER>

<LESSON>

<table border="1"  bordercolor="brown" align="right" hspace="5">
<tr><td>
<img src="points8vectorFrame.jpg" width="216" height="224"  />
</td>
</tr>
</table>

<p>
&#160;
</p>

<INDEX>vector, representation</INDEX>
<p>
Vectors are used for several purposes in 3D computer graphics.
So they need to be represented in a way that programs can manipulate.
And,
just as you feared,
this is done with numbers.
The picture now includes our coordinate frame.
</p>

<p>
A vector is represented with a column matrix
(as are points).
It is somewhat confusing that both points and vectors
are represented with the same thing.
But this will prove to be convenient for computer manipulation.
</p>

<p>
To represent a vector as a column matrix:
</p>

<ol>
<li>Choose a coordinate frame.</li>
<li>Calculate the X length (positive or negative) from the tail of the vector to the tip.</li>
<li>Calculate the Y length (positive or negative) from the tail of the vector to the tip.</li>
<li>Calculate the Z length (positive or negative) from the tail of the vector to the tip.</li>
<li>Put those three numbers into a column.
</ol>

<p>
A convenient way to do this is to position the tail of the vector at the origin,
and then just read off the x, y, z values at the tip.
</p>

</LESSON>


<QUESTION>
<p>
Try to do this with the picture.
</p>

<ol>
<li>For the arrows in the picture,
    how many feet in the X direction is the tip from the tail? ______ </li>
<li>How many feet in the Y direction is the tip from the tail? ______ </li>
<li>How many feet in the Z direction is the tip from the tail? ______ </li>
</ol>

</QUESTION>
</CAI>



<!-- ***********************************************************************  -->
<!-- ***********************************************************************  -->
<!-- ***********************************************************************  -->
<CAI>Vectors and Frames

<ANSWER>
<p>
It is hard to do anything but guess.
My guesses are:
</p>

<ol>
<li>For the arrows in the picture,
    how many feet in the X direction is the tip from the tail? <u>3 ft</u> </li>
<li>How many feet in the Y direction is the tip from the tail? <u>-4 ft</u> </li>
<li>How many feet in the Z direction is the tip from the tail? <u>-3 ft</u> </li>
</ol>

</ANSWER>

<LESSON>

<table border="1"  bordercolor="brown" align="right" hspace="5">
<tr><td>
<img src="points8vectorFrame.jpg" width="216" height="224"  />
</td>
</tr>
</table>

<p>
&#160;
</p>

<p>
So the vector that gives the intensity and direction of sunlight
in the picture is:
</p>

<blockquote>
<img src="colMat00-09.gif" />
</blockquote>

<p>
The column matrix <b>represents</b> the vector
using our choosen coordinate frame.
The column matrix <u>is not</u> the vector.
If we had picked a different coordinate frame,
the vector in the physical scene would be the same,
but its representation using the new frame would change.
</p>

<p>
The next chapter will continue this discussion.
</p>


</LESSON>


<QUESTION>
<p>
(Review: )
</p>

<dl>
<dd>A point has only one property: ______________ .</dd>
<dd>A vector has two properties: ______________ and _____________
    but does not have _____________.</dd>
</dl>

</QUESTION>
</CAI>



<!-- ***********************************************************************  -->
<!-- ***********************************************************************  -->
<!-- ***********************************************************************  -->
<CAI>End of the Chapter

<ANSWER>

<dl>
<dd>A point has only one property: <u>location</u> .</dd>
<dd>A vector has two properties: <u>length</u> and <u>direction</u>
    but does not have <u>location</u>.</dd>
</dl>
</ANSWER>


<LESSON>

<p>
If you want to read more about points and lines,
and how they cannot be defined, here are some
references:
</p>

<ul>
<li><a href="http://en.wikipedia.org/wiki/Point_%28geometry%29">Wikipeia article on point </a></li>
<li><a href="http://en.wikipedia.org/wiki/Line_%28mathematics%29">Wikipeia article on line  </a></li>
<li><a href="http://www.mathleague.com/help/geometry/basicterms.htm"> Math League article </a></li>
<li><a href="http://www.cut-the-knot.org/WhatIs/WhatIsGeometry.shtml"> Why "point" and "line" are not defined. </a></li>
</ul>

<p>
You may wish to review the following.
Click on a subject that interests you to go to where it was discussed.
</p>

<ul>
<li>
<GOTO>point</GOTO></li> Points

<li>
<GOTO>line</GOTO></li> Lines

<li>
<GOTO>triangle</GOTO></li> Triangles

<li>
<GOTO>coordinate frame</GOTO></li> Coordinate frames

<li>
<GOTO>coordinates, determining</GOTO></li> Determining Coordinates

<li>
<GOTO>change of frames</GOTO></li> Effect of changing frames
on coordinates

<li>
<GOTO>vector</GOTO></li> Vectors

<li>
<GOTO>vector, representation</GOTO></li> Representing vectors


</ul>

<p>
The next chapter continues the
discussion of these topics.
</p>


</CAI>
</CHAPTER>
