<?xml version="1.0" standalone="yes" ?>

<!--  July 22, 2003  bpk   extensive editing  -->
<!--  Dec   9, 2007  bpk   a few small changes  -->
<!--  July 23, 2009  bpk   a few small changes  -->

<CHAPTER>

<COPYRIGHTDATE>2003</COPYRIGHTDATE>
<COPYRIGHTHOLDER>Bradley Kjell</COPYRIGHTHOLDER> 
<AUTHORNAME>Bradley Kjell kjell at ieee dot org </AUTHORNAME>
<HOMEFILE>../vectorIndex.html#07</HOMEFILE>
<STYLESHEET>../vectorStyle.css</STYLESHEET>

<CAI>CHAPTER 7 &#8212; Dot Product

<p>
<small>created 08/26/97;  revised 08/12/00, 07/23/0, 07/23/09</small>
</p>

<LESSON>

<p>
Examine the operations that have been discussed so far:
</p>

<table cellpadding="10" border="0" class="layout">
<tr><td>Vector addition:      </td><td> vector + vector </td><td>  = </td><td>vector</td></tr>
<tr><td>Vector subtraction:   </td><td> vector - vector </td><td> =  </td><td>vector</td></tr>
<tr><td>Difference of points: </td><td> point - point </td><td>  = </td><td>vector</td></tr>
<tr><td>Scaling:              </td><td> real * vector </td><td>  =  </td><td>vector</td></tr>
</table>

<INDEX>inner product</INDEX>
<INDEX>scalar product</INDEX>

<img src="dotprodPict.gif" align="right" vspace="20" hspace="20" height="72" width="281" alt="Dot Product" />

<p>
This chapter discusses the <b>dot product</b>,
which takes two vectors as operands and produces a real
number as its output.
Sometimes the dot product is called the <em>inner product</em>.
Sometimes the dot product is called the <em>scalar product</em>,
which should not be confused with the operation called
<em>scaling</em> (but probably will be).
</p>

<QUESTION>
<p>
Why is the dot product sometimes called the scalar product?
</p>
</QUESTION>
</CAI>



<!-- ------------------------------------------------------------------------ -->
<!-- ------------------------------------------------------------------------ -->
<!-- ------------------------------------------------------------------------ -->
<CAI>Angle between two Vectors
<p>
Why is the dot product sometimes called the scalar product?
</p>

<ANSWER>
<p>
Because it takes two vectors and produces a <em>scalar</em> (a real number.)
</p>

<LESSON>

<INDEX>angle between vectors</INDEX>

<p>
The angle between two vectors <b>u</b> and <b>v</b> is
the angle  &theta;  that satisfies:
</p>

<big>
<pre>
0 <= &theta; <= 180&deg;
</pre>
</big>

<p>
This definition works for both 2D space and 3D space.
</p>

<table align="center" width="95%" cellpadding="10" class="layout">
<tr>
<td>
<img src="dotprod1.gif" height=217 width=217 border=2  />
</td>

<td>
&nbsp;
&nbsp;
</td>

<td>
<img src="dotprod2.gif" height=161 width=217 border=0 />
</td>
</tr>

</table>

<br clear="all" />

<p>The angle is the smallest angle that one vector can be rotated until
it aligns with the other.
</p>


<QUESTION>
<p>
If two vectors point in opposite directions, what is the angle between them?
</QUESTION>

</CAI>

<!-- ------------------------------------------------------------------------ -->
<!-- ------------------------------------------------------------------------ -->
<!-- ------------------------------------------------------------------------ -->
<CAI>The Dot Product

<ANSWER>
<p>
180&#176;  (or &pi; radians)
</p>

<LESSON>
<INDEX>dot product, definition</INDEX>

<p>
For geometrical vectors in two or three dimensional space, the
<b>dot product</b> of two vectors <b>u</b> and <b>v</b> is:
</p>

<blockquote>
<span class="math">
<b>u &#183; v</b>  =  |<b>u</b>| |<b>v</b>| cos &#952;
</span>
</blockquote>

<p>
The dot product is indicated by the dot
between the
two vectors.
Unfortunately,
many browsers do not show the dot very clearly.
You may see a very tiny dot,
or a small black bar.
<span class="math">
&#952;
</span>
is the angle between
the two vectors.
</p>

<p>
Don't write two vectors next to each other like this: 
<b>uv</b>
when you want the dot product.
Always put a dot between them: 
<b>u &#183; v</b> .
</p>


<table align="center" width="95%" cellpadding="10" class="layout">
<tr>
<td>
<img src="dotprod1.gif" height=217 width=217 border=2  />
</td>

<td>
&nbsp;
&nbsp;
</td>

<td>
<img src="dotprod2.gif" height=161 width=217 border=0 />
</td>
</tr>

</table>

<br clear="all" />

<p>
In 2D the two vectors lie in a plane (of course) and the angle between
them is easy to visualize.
</p>

<p>
In 3D two vectors also lie in a plane embedded within the 3D space,
except when the two vectors are co-linear 
(when they both point in the same direction).
</p>

<p>
When two vectors are co-linear,
the angle between them is zero and so:
</p>

<blockquote>
<span class="math">
<b>u &#183; v</b> = |<b>u</b>||<b>v</b>| cos 0 = |<b>u</b>||<b>v</b>| 1 = |<b>u</b>||<b>v</b>|
</span>
</blockquote>


<QUESTION>
<p style="text-align:left;">
If   
<span class="math">
<b>u &#183; v</b>  =  |<b>u</b>| |<b>v</b>| cos &#952;
</span> , 
what is 
<span class="math">
<b>v &#183; u</b>  ?
</span>
</p>
</QUESTION>
</CAI>

<!-- ------------------------------------------------------------------------ -->
<!-- ------------------------------------------------------------------------ -->
<!-- ------------------------------------------------------------------------ -->
<CAI>Commutative

<ANSWER>

<p>
<span class="math">
<b>v  &#183;  u</b>  =  |<b>v</b>| |<b>u</b>| cos &#952;
 =  |<b>u</b>| |<b>v</b>| cos &#952;  
 =   <b>u  &#183;  v</b>   
</span>
</p>

<LESSON>


<INDEX>dot product, commutative</INDEX>

<p>
The dot product is <b>commutative</b> 
The order of operands does not make any difference.
</p>


<blockquote>
<b>u &#183; v</b> &nbsp; = &nbsp; <b>v &#183; u</b>.
</blockquote>


<p>
Another property is: 
</p>

<blockquote>
<b>0 &#183; 0</b> &nbsp; = &nbsp; 0
</blockquote>

<p>
This means that the dot product of the <em>zero vector</em> with itself
results in the <em>scalar value</em> of zero.
There are two different kinds of zero in the equation.
The operands of the dot product are two vectors,
and the output is a scalar (a real number).
</p>


<QUESTION>
<p>
What is
&nbsp;
<span class="math">
a (<b>u &#183; v</b>)
&nbsp;
</span>
where "a" is a scalar? 
</p>
</QUESTION>
</CAI>

<!-- ------------------------------------------------------------------------ -->
<!-- ------------------------------------------------------------------------ -->
<!-- ------------------------------------------------------------------------ -->
<CAI>Cosine of 90&#176;

<ANSWER>
<p>
<span class="math">
a (<b>u &#183; v</b>)  =  a |<b>u</b>| |<b>v</b>| cos &#952;

 =   | a<b>u</b> | |<b>v</b>| cos &#952;

 =   (a<b>u</b>) <b>&#183;</b> <b>v</b>
</span>
</p>

<LESSON>

<div align="center">
<img src="unitCircle.gif" height="217" width="217"  hspace="20" border="1" />
</div>


<INDEX>cosine, and unit circle</INDEX>
<p>
You may be somewhat fuzzy about how the cosine function behaves.
Rather than memorize abstract stuff, visualize the
unit circle with its radius projected onto the x-axis.
From the picture,
</p>

<blockquote>
the cosine of 0&#176;  &nbsp; = &nbsp; 1.0,<br />
the cosine of 30&#176; &nbsp; = &nbsp; 0.866,<br />
the cosine of 45&#176; &nbsp; = &nbsp; 0.707,<br />
the cosine of 60&#176; &nbsp; = &nbsp; 0.500,<br />
the cosine of 90&#176; &nbsp; = &nbsp; 0.0.
</blockquote>

<p>
Recall that:
</p>

<blockquote>
<span class="math">
<b>u &#183; v</b> = |<b>u</b>| |<b>v</b>| cos &#952;
</span>
</blockquote>

<br clear="all" />

<QUESTION>
<p>
Two vectors are oriented at 90&#176; to each other.
What is their dot product?
</p>
</QUESTION>
</CAI>

<!-- ------------------------------------------------------------------------ -->
<!-- ------------------------------------------------------------------------ -->
<!-- ------------------------------------------------------------------------ -->
<CAI>Dot Product of Orthogonal Vectors
<p>
Two vectors are oriented at 90&#176; to each other.
What is their dot product?
</p>

<ANSWER>
<p>
If <b>u</b> and <b>v</b> are orthogonal, then
<span class="math">
<b>u   &#183;  v</b> &nbsp; = &nbsp; 
|<b>u</b>| |<b>v</b>| cos 90&#176; &nbsp; = &nbsp;  
|<b>u</b>| |<b>v</b>| 0.0   &nbsp; = &nbsp; 0.0
</span>
</p>

<LESSON>

<INDEX>dot product, of orthogonal vectors</INDEX>
<p>
This fact is of fundamental importance.
It works for vectors of all dimensions:
</p>

<blockquote>
The dot product of orthogonal vectors is zero.
</blockquote>

<p>
"Orthogonal" means "oriented at 90&#176; to each other".
To keep things consistent, the zero vector is regarded as
orthogonal to all other vectors since 
<span class="math">
<b>0 &#183; v</b> = 0.0
</span>
for all vectors 
<span class="math">
<b>v</b>
</span>
.
</p>



<QUESTION>
<p>
Say that two vectors <b>s</b> and <b>t</b> have a dot product that is zero.
</p>
<ul>
<li>What can you say about the <u>relative orientation</u> of <b>s</b> and <b>t</b>? </li>
<li>What can you say about the <u>lengths</u> of <b>s</b> and <b>t</b>? </li>
</ul>

</CAI>

<!-- ------------------------------------------------------------------------ -->
<!-- ------------------------------------------------------------------------ -->
<!-- ------------------------------------------------------------------------ -->
<CAI>Orthogonality Detector and Length Calculator

<ANSWER>
<p>
Say that two vectors <b>s</b> and <b>t</b> have a dot product that is zero.
</p>
<ul>
<li>What can you say about the <u>relative orientation</u> of <b>s</b> and <b>t</b>?
    <DL><DD><span class="blue"> <b>s</b> and <b>t</b> are orthogonal.</span></DD></DL></li>
<li>What can you say about the <u>lengths</u> of <b>s</b> and <b>t</b>? </li>
    <DL><DD><span class="blue"> You can't say anything, not from what you know about the dot product, anyway.</span></DD></DL></li>
</ul>

<LESSON>
<p>
When two vectors are orthogonal (to each other) then their dot product is
zero, regardless of their lengths.
The dot product <b>detects orthogonality</b> no matter what the lengths of the vectors.
</p>


<p>
The sign of the dot product of two vectors  <b>u</b> and <b>v</b>
depends on whether the angle between them is acute or obtuse.
If the value of the dot produce is zero, then the vectors are
perpendicular:
</p>

<center>
<img src="acuteORobtuse.gif" alt="acute and obtuse angles" />
</center>


<INDEX>dot product, and vector length</INDEX>
<p>
Now look at the dot product of a vector with itself:
</p>

<blockquote>
<span class="math">
<b>v &#183 v</b>  =  |<b>v</b>||<b>v</b>|cos 0&#176; = |<b>v</b>||<b>v</b>| 1.0 = |<b>v</b>|<sup>2</sup>
</span>
</blockquote>

<p>
The dot product of a vector with itself yields the square of its length, or:
</p>

<blockquote>
<span class="math">
|<b>v</b>|  &nbsp; = &nbsp;  <img src="sqrt.gif" align="bottom">(<b>v &#183 v</b>)
</span>
</blockquote>

<p>
Used in this fashion, the dot product <b>calculates length</b>.
Since the two properties of a vector are length and orientation, you might
suspect that the dot product is useful.
</p>

<QUESTION>

<ul>
<li>Will
<span class="math">
|<b>v</b>|  &nbsp; = &nbsp;  <img src="sqrt.gif" align="bottom">(<b>v &#183; v</b>)
</span>
ever be negative?</li>
<li>Will 
<b>v &#183; v</b></code> ever be zero?</li>
</ul>

</CAI>




<!-- ------------------------------------------------------------------------ -->
<!-- ------------------------------------------------------------------------ -->
<!-- ------------------------------------------------------------------------ -->
<CAI>Properties of Dot Product

<ANSWER>
<ul>
<li>Will  <b>v &#183; v</b>  ever be negative?
    <dl><dd><span class="blue">No, since length is always zero or positive.</span></DD></DL></li>
<li>Will <b>v &#183; v</b>  ever be zero?
    <dl><dd><span class="blue">Yes, when v is the zero vector.</span></dd></dl></li>
</ul>

<LESSON>
<p>
Another property of the dot product is:
</p>

<blockquote>
<span class="math">
(a<b>u</b> + b<b>v</b>) <b>&#183;</b> <b>w</b> = 
(a<b>u</b>) <b>&#183;</b> <b>w</b>  + (b<b>v</b>) <b>&#183;</b> <b>w</b>,   
where a and b are scalars
</span>
</blockquote>

<INDEX>dot product, properties</INDEX>
<p>
Here is the list of properties of the dot product:
</p>

<span class="math">

<ol>
<li><b>u &#183; v</b>  =  |<b>u</b>||<b>v</b>| cos &#952;</li>

<li><b>u &#183; v</b>  =  <b>v &#183; u</b> </li>

<li><b>u &#183; v</b>  =  0 when <b>u</b> and <b>v</b> are orthogonal.</li>

<li><b>0 &#183; 0</b>  =  0</li>

<li>|<b>v</b>|<sup>2</sup>  =  <b>v &#183; v</b> </li>

<li>a (<b>u&#183;v</b>) =  (a <b>u</b>) <b>&#183;</b> <b>v</b></li>

<li>(a<b>u</b> + b<b>v</b>) <b>&#183;</b> <b>w</b>  = (a<b>u</b>) <b>&#183;</b> <b>w</b>  + (b<b>v</b>) <b>&#183;</b> <b>w</b></li>
</ol>
</span>
<QUESTION>
<p>
(Trick Question: ) What is  <b>u &#183; v &#183; w</b>  ?
</p>
</CAI>

<!-- ------------------------------------------------------------------------ -->
<!-- ------------------------------------------------------------------------ -->
<!-- ------------------------------------------------------------------------ -->
<CAI>Review of Dot Product Properties

<ANSWER>
<p>
<b>u &#183; v &#183; w</b> makes no sense.  
If <b>u &#183; v</b>  = a (a scalar), 
then a <b>&#183; w</b>
makes no sense.  If <b>v &#183; w</b>  = b (a scalar), 
then <b>u &#183; </b>b makes no sense.
Either way the original expression makes no sense.
</p>

<LESSON>
<p>
It would be good to review the properties of the dot product.
</p>

<blockquote>
<form>
<table cellpadding="10" class="layout" >
<tr>
<td>Definition of dot product <b>u &#183; v</b> &nbsp; </td>
<td><input type="button" name=b1 value="   ?   " onClick='t1.value="u . v = |u| |v| cos theta"'</td>
<td><input type="text" name="t1" value="    "></td>
</tr>

<tr>
<td>Commutivity of dot product <b>u &#183; v</b> &nbsp; </td>
<td><input type="button" name=b2 value="   ?   " onClick='t2.value="u . v = v . u"'</td>
<td><input type="text" name="t2" value="    "></td>
</tr>

<tr>
<td>Dot product of <u>orthogonal</u> <b>u &#183; v</b> &nbsp; </td>
<td><input type="button" name=b3 value="   ?   " onClick='t3.value="u . v = 0"'</td>
<td><input type="text" name="t3" value="    "></td>
</tr>

<tr>
<td><b>0 &#183; 0</b> &nbsp; </td>
<td><input type="button" name=b4 value="   =   " onClick='t4.value="0 -- scalar zero"'</td>
<td><input type="text" name="t4" value="   "></td>
</tr>

<tr>
<td>a (<b>u &#183; v</b>)    </td>
<td><input type="button" name=b5 value="   =   " onClick='t5.value="(au) . v"'</td>
<td><input type="text" name="t5" value="   "></td>
</tr>

<tr>
<td>| <b>v</b> |<sup>2</sup>  </td>
<td><input type="button" name=b6 value="   =   " onClick='t6.value="v . v"'</td>
<td><input type="text" name="t6" value="   "></td>
</tr>

<tr>
<td><b>u <b>&#183;</b> (<b>v</b> + <b>w </b>)    </td>
<td><input type="button" name=b7 value="   =   " onClick='t7.value="(u.v) + (u.w)"'</td>
<td><input type="text" name="t7" value="   "></td>
</tr>

<tr>
<td>(<b>v</b> + <b>w </b>) <b>&#183;</b> <b>u</b>    </td>
<td><input type="button" name=b8 value="   =   " onClick='t8.value="(v.u) + (w.u) = (u.v) + (u.w)"'</td>
<td><input type="text" name="t8" value="   "></td>
</tr>

<tr>
<td><b>0 &#183; u</b>    </td>
<td><input type="button" name=b9 value="   =   " onClick='t9.value="0 -- scalar zero"'</td>
<td><input type="text" name="t9" value="   "></td>
</tr>

</table>
</form>
</blockquote>

<QUESTION>
<p>
(Trick Question: ) What is 0 <b>&#183;</b> <b>u</b> ?
</p>
</CAI>


<!-- ------------------------------------------------------------------------ -->
<!-- ------------------------------------------------------------------------ -->
<!-- ------------------------------------------------------------------------ -->
<CAI>Dot Product of Column Matrices
<p>
(Trick Question: ) What is 0  <b>&#183;</b> <b>u</b> ?
</p>

<ANSWER>
<p>
If the "0" is a scalar (which the non-bold type indicates)
then this operation makes no sense.
</p>

<p>
If the "0" means the zero-vector (which means the zero should have been in bold face)
then the result is the scalar 0.
</p>



<LESSON>

<INDEX>dot product of column matrices</INDEX>
<p>
The dot product is also defined for the column matrices that represent two
vectors.
For two-dimensional column matrices the <b>dot product</b> is defined as:
</p>

<blockquote>
Let <b>a</b>  = ( a<sub>1</sub>, a<sub>2</sub> )<sup>T</sup>  <br />    
Let <b>b</b>  = ( b<sub>1</sub>, b<sub>2</sub> )<sup>T</sup>
</blockquote>

<p>
Then the dot product is:
</p>

  <blockquote>
  <table border="1" bgcolor="white" cellpadding="20" bordercolor="tan">
      <tr><td>
	  <b>a &#183; b</b> = a<sub>1</sub>b<sub>1</sub> + a<sub>2</sub>b<sub>2</sub>
	  </td></tr>
  </table>

  </blockquote>


<p>
Multiply corresponding elements of each column matrix, then add up
the products.
The result is a scalar value.
</p>

<p>
Sometimes the dot product 
of column matrices is written like this: <b>a<sup>T</sup>&nbsp;b</b>
(but it is defined the same way).
The reason for this second, odd notation will be apparent in a later chapter
when matrix multiplication is discussed.
</p>

<p>
Here is an example:
</p>

<dl>
<dd><b>a</b> &nbsp; = &nbsp; ( 1, 2 )<sup>T</sup></dd>
<dd><b>b</b> &nbsp; = &nbsp; ( 3, 4 )<sup>T</sup></dd>
<dd><b>a&nbsp;&#183;&nbsp;b</b> &nbsp;=&nbsp; 1*3 + 2*4&nbsp;  =  &nbsp;3 + 8&nbsp;  =  &nbsp;11</li>
</dl>


<QUESTION>
<dl>
<dd><b>a</b> &nbsp; = &nbsp; ( 1, 2 )<sup>T</sup></dd>
<dd><b>b</b> &nbsp; = &nbsp; ( 3, 4 )<sup>T</sup></dd>
<dd>What is: <b>b&nbsp;&#183;&nbsp;a</b> ?</li>
</dl>
</CAI>

<!-- ------------------------------------------------------------------------ -->
<!-- ------------------------------------------------------------------------ -->
<!-- ------------------------------------------------------------------------ -->
<CAI>Same Properties

<ANSWER>
<dl>
<dd><b>a</b> &nbsp; = &nbsp; ( 1, 2 )<sup>T</sup></dd>
<dd><b>b</b> &nbsp; = &nbsp; ( 3, 4 )<sup>T</sup></dd>
<dd><b>b&nbsp;&#183;&nbsp;a</b> &nbsp; = &nbsp; 3*1 + 4*2 &nbsp; = &nbsp; 1*3 + 2*4&nbsp;  = &nbsp; <b>a&nbsp;&#183;&nbsp;b</b></dd>
</dl>

<LESSON>

<p>
The dot product between column matrices has the same properties as the dot
product between vectors.
Here is another example:
</p>

<ol>
<li><b>p</b> &nbsp;=&nbsp; ( -2,  5 )<sup>T</sup>
<li><b>q</b> &nbsp;=&nbsp; (  3, -1 )<sup>T</sup>
<li>then <b>p&nbsp;&#183;&nbsp;q</b> &nbsp; = &nbsp; (-2)*3 + 5*( -1) &nbsp;  =  &nbsp; -6 + -5&nbsp;  =  &nbsp;-11
</ol>

<p>
Here is a more realistic example:
</p>

<ol>
<li><b>s</b> &nbsp;=&nbsp; ( 1.082, -3.224 )<sup>T</sup>
<li><b>t</b> &nbsp;=&nbsp; ( 2.381, 7.009 )<sup>T</sup>
<li>then <b>s&nbsp;&#183;&nbsp;t</b> &nbsp;=&nbsp;1.082*2.381 + -3.224*7.009 &nbsp; = &nbsp;
 2.576242 + -22.597016 &nbsp;  =&nbsp -20.020774
</ol>

<p>
In all  cases  the dot product takes two column matrix operands and yields one scalar value.
</p>

<QUESTION>
<p>
Form the dot product of: ( -1, 3)<sup>T</sup> and (2, 4)<sup>T</sup>.
</p>
<p>
Form the dot product of: (2, 4)<sup>T</sup> and ( -1, 3)<sup>T</sup>.
</p>
</CAI>

<!-- ------------------------------------------------------------------------ -->
<!-- ------------------------------------------------------------------------ -->
<!-- ------------------------------------------------------------------------ -->
<CAI>Commutative

<ANSWER>
<p>
( -1, 3)<sup>T</sup> <b>&#183;</b> ( 2, 4 )<sup>T</sup> &nbsp;=&nbsp -1*2 + 3*4&nbsp;  =  &nbsp;-2 + 12&nbsp;  =  &nbsp;10
</p>

<p>
( 2, 4 )<sup>T</sup> <b>&#183;</b> ( -1, 3)<sup>T</sup> &nbsp;=&nbsp 2*(-1) + 4*3&nbsp;  =  &nbsp;-2 + 12&nbsp;  =  &nbsp;10
</p>


<ANSWER>

<LESSON>
<INDEX>dot product, column matrix, commutative</INDEX>

<p>
The dot product of column matrices is commutative:
</p>

<blockquote>
<span class="math">
<b>a &#183; b</b> &nbsp;=&nbsp; <b>b &#183; a</b>
</span>
</blockquote>

<p>
As with the dot product of vectors, the order of operands makes no difference.
Write out the definition of dot product for both arrangements of
<b>a</b> and <b>b</b>:
</p>

<blockquote>
<span class="math">
<b>a &#183; b</b> &nbsp;=&nbsp;
( a<sub>1</sub>, a<sub>2</sub> )<sup>T</sup> <b>&#183;</b> ( b<sub>1</sub>, b<sub>2</sub> )<sup>T</sup> 
&nbsp; = &nbsp; a<sub>1</sub>b<sub>1</sub> +  a<sub>2</sub>b<sub>2</sub>
</span>
</blockquote>

<blockquote>
<span class="math">
<b>b &#183; a</b>&nbsp;=&nbsp;
( b<sub>1</sub>, b<sub>2</sub> )<sup>T</sup> <b>&#183;</b> ( a<sub>1</sub>, a<sub>2</sub> )<sup>T</sup> 
&nbsp; = &nbsp; b<sub>1</sub>a<sub>1</sub> +  b<sub>2</sub>a<sub>2</sub>
&nbsp; = &nbsp; a<sub>1</sub>b<sub>1</sub> +  a<sub>2</sub>b<sub>2</sub>
</span>
</blockquote>

<p>
(Just in case your eyes have glazed over: 
notice that the stuff after the last "=" sign
is the same in each case.)
</p>

<QUESTION>
<p>
(Review: )
What do you think might be true about:
</p>

<blockquote>
<span class="math">
<b>a &nbsp;&#183;&nbsp; b &nbsp;&#183;&nbsp; c</b>
</span>
</blockquote>

</CAI>

<!-- ------------------------------------------------------------------------ -->
<!-- ------------------------------------------------------------------------ -->
<!-- ------------------------------------------------------------------------ -->
<CAI>Mixed Types == Trouble 
<p>
What do you think might be true about:
</p>

<blockquote>
<span class="math">
<b>a &nbsp;&#183;&nbsp; b &nbsp;&#183;&nbsp; c</b>
</span>
</blockquote>

<ANSWER>
<p>
It makes no sense.
Remember that the dot product of two vectors (or column matrices) makes a real number.
There is no such thing as the dot product between a real number and a vector (or column matrix).
</p>

<LESSON>

<p>
There is no such thing as the dot product between a real number and a column matrix.
</p>

<blockquote>
<span class="math">
<b>a &nbsp;&#183;&nbsp; b &nbsp;&#183;&nbsp; c </b>&nbsp;  =  &nbsp;real <b>&nbsp;&#183;&nbsp; c</b> &nbsp; &nbsp; <span class="red">(garbage)</span>
</span>
</blockquote>

<p>
or:
</p>

<blockquote>
<span class="math">
<b>a &nbsp;&#183;&nbsp; b &nbsp;&#183;&nbsp; c</b>&nbsp;  =  &nbsp; <b>a &nbsp;&#183;&nbsp;</b> real   &nbsp; &nbsp; <span class="red">(garbage)</span>
</span>
</blockquote>

<p>
When dealing with dot products, keep track of
the types of operands and results,
as illustrated by the previous question.
</p>


<QUESTION>
<p>
What is 2( -1, 2)<sup>T</sup> <b>&#183;</b> ( 4, 1 )<sup>T</sup> ?  
</p>
</CAI>


<!-- ------------------------------------------------------------------------ -->
<!-- ------------------------------------------------------------------------ -->
<!-- ------------------------------------------------------------------------ -->
<CAI>Dot Product in Three Dimensions 

<ANSWER>
<p>
This <em>does</em> make sense:
</p>

<blockquote>
2( -1, 2)<sup>T</sup> <b>&#183;</b> ( 4, 1 )<sup>T</sup> 
&nbsp;  =  &nbsp;( -2, 4)<sup>T</sup> <b>&#183;</b> ( 4, 1 )<sup>T</sup> 
&nbsp; =  &nbsp; -2*4  +  4*1 &nbsp;  =  &nbsp; -8 + 4 &nbsp;  =  &nbsp; -4
</blockquote>

<p>
(Notice that there is no "dot" between the 2 and the vector following it,
so this means "scaling," not dot product.)
</p>

<LESSON>
<INDEX>dot product, 3D column matrices</INDEX>
<p>
The dot product is defined for 3D column matrices.
The idea is the same: <em>multiply corresponding elements of both column matrices,
then add up all the products</em>.
</p>

<DL>
<DD>Let <b>a</b> &nbsp;  =  &nbsp; ( a<sub>1</sub>, a<sub>2</sub>, a<sub>3</sub> )<sup>T</sup></DD>
<DD>Let <b>b</b> &nbsp;  =  &nbsp; ( b<sub>1</sub>, b<sub>2</sub>, b<sub>3</sub>  )<sup>T</sup></DD>
</DL>

<p>
Then the dot product is:
</p>


  <blockquote><big>
      <table border="1" bgcolor="white" cellpadding="20" bordercolor="tan">
      <tr><td><b>a &#183; b</b> &nbsp;  =  &nbsp; a<sub>1</sub>b<sub>1</sub> + a<sub>2</sub>b<sub>2</sub>  +  a<sub>3</sub>b<sub>3</sub>
	  </td></tr>
      </table></big>
  </blockquote>

<p>
Both column matrices must have the same number of elements.
</p>

<DL>
<DD>(1, 2, 3)<sup>T</sup> <b>&#183;</b> (6, 7, 8)<sup>T</sup>&nbsp;  =  &nbsp;1*6 + 2*7 + 3*8 &nbsp;  =  &nbsp; 44</DD>
<DD>( -1, 2, -3)<sup>T</sup> <b>&#183;</b> (1, -2, 3)<sup>T</sup> &nbsp;  =  &nbsp;
(-1)(1) + (2)(-2) + (-3)(3) &nbsp;  =  &nbsp; -1 + -4 + -9 &nbsp;  =  &nbsp; -14 </DD>
</DL>

<p>
Nothing wrong with having variables as elements of the vectors:
</p>

<DL>
<DD>(1, 2, 3)<sup>T</sup> <b>&#183;</b> (x, y, z)<sup>T</sup> &nbsp;  =  &nbsp;
x + 2y + 3z </DD>
</DL>



<QUESTION>
<p>
You must be itching to try this yourself 
(or is that your allergy to math acting up again?)
</p>

<blockquote>
( 4, 0, -3)<sup>T</sup>&nbsp;<b>&#183;</b>&nbsp;(0, -2, 0)<sup>T</sup>&nbsp;  =  &nbsp;?
</blockquote>

</CAI>


<!-- ------------------------------------------------------------------------ -->
<!-- ------------------------------------------------------------------------ -->
<!-- ------------------------------------------------------------------------ -->
<CAI>Dot Product with Zero Vector
<p>
( 4, 0, -3)<sup>T</sup>&nbsp;<b>&#183;</b>&nbsp;(0, -2, 0)<sup>T</sup>&nbsp;  =  &nbsp;?
</p>

<ANSWER>
<p>
( 4, 0, -3)<sup>T</sup>&nbsp;<b>&#183;</b>&nbsp;(0, -2, 0)<sup>T</sup>&nbsp;  =  &nbsp;4*0 + 0*(-2) + (-3)*0&nbsp;  =  &nbsp;0+0+0&nbsp;  =  &nbsp;0
</p>

<LESSON>
<p>
Notice that the length of each vector that went into the  dot product of
the question was greater than zero, but that the dot product was zero.
Here is another example:
</p>

<blockquote>
(0, 0, 0)<sup>T</sup> &nbsp;<b>&#183;</b>&nbsp; (-2.3, 89.22, 0)<sup>T</sup> 
 &nbsp;  =  &nbsp; 0(-2.3) + 0(89.22) + 0(0) &nbsp; =  &nbsp; 0
</blockquote>

<p>
This is not a surprise (I hope). We saw the same thing with
geometrical vectors.
</p>

<blockquote>
<b>0 &nbsp;<b>&#183;</b>&nbsp; a</b>&nbsp;  =  &nbsp;0
</blockquote>

<p>
This <em>looks</em> obvious. The first <b>0</b>
is the <em>zero column matrix</em>; the last 0 is the <em>real number</em> zero.
Also,
</p>

<blockquote>
<b>0 &nbsp;<b>&#183;</b>&nbsp; 0</b> &nbsp;  =  &nbsp; 0
</blockquote>

<p>
In each of these equations the zero column matrix means a column matrix of the same
dimension as the other column matrix, with each element the real number zero.
</p>

<QUESTION>
<p>
More practice:
</p>

<blockquote>
(-2, 5, -6)<sup>T</sup> &nbsp;<b>&#183;</b>&nbsp; ( 1, 2, 3)<sup>T</sup>  &nbsp; = &nbsp; ?
</blockquote>
</CAI>

<!-- ------------------------------------------------------------------------ -->
<!-- ------------------------------------------------------------------------ -->
<!-- ------------------------------------------------------------------------ -->
<CAI>Any Real is Possible

<ANSWER>
<p>
(-2, 5, -6)<sup>T</sup> &nbsp;<b>&#183;</b>&nbsp; ( 1, 2, 3)<sup>T</sup>  &nbsp; = &nbsp; 
(-2)*1 + 5*2 + (-6)*3   &nbsp; = &nbsp; -2 + 10 -18   &nbsp; = &nbsp; -10
</p>

<LESSON>

<p>
The answer is a negative real.
This is fine.
Dot products produce all kinds of reals: negative, zero, positive.
However, something interesting happens
when you take the dot product of a vector with itself.
</p>

<QUESTION>
<p>
What is:
</p>
<blockquote>
(1, -3)<sup>T</sup> &nbsp;<b>&#183;</b>&nbsp;(1, -3)<sup>T</sup> &nbsp;=&nbsp; ?
</blockquote>
</CAI>

<!-- ------------------------------------------------------------------------ -->
<!-- ------------------------------------------------------------------------ -->
<!-- ------------------------------------------------------------------------ -->
<CAI>Always  Positive

<ANSWER>
<p>
(1, -3)<sup>T</sup>&nbsp;<b>&#183;</b>&nbsp;(1, -3)<sup>T</sup> &nbsp;=&nbsp; (1)(1) + (-3)(-3)&nbsp;  =  &nbsp;1 + 9&nbsp;  =  &nbsp;10
</p>

<LESSON>
<INDEX>dot prodcut, column matrix with self</INDEX>

<p>
As with vectors, 
the dot product of a column matrix with itself will always be positive.
</p>

<blockquote>
(x, y, z)<sup>T</sup> &nbsp;<b>&#183;</b>&nbsp;(x, y, z)<sup>T</sup> 
&nbsp;  =  &nbsp;
x<sup>2</sup> + y<sup>2</sup> + z<sup>2</sup>
&nbsp;  =  &nbsp; something zero or positive
</blockquote>

<p>
No matter what x, y, and z are, their square is going to be zero or greater.
So the sum is going to be zero or greater.
</p>

<p>
The only time the square of a real number is zero is when the real number is zero;
so the only time the dot product of a column matrix with itself is zero is when
it is the zero column matrix.
</p>


<QUESTION>
<p>
<b>g</b> is a 3 dimensional vector.
Solve the following equation for the elements of <b>g</b>:
</p>

<blockquote>
<b>g</b> &nbsp;<b>&#183;</b>&nbsp; <b>g</b>&nbsp;=&nbsp; 0
</blockquote>

</CAI>

<!-- ------------------------------------------------------------------------ -->
<!-- ------------------------------------------------------------------------ -->
<!-- ------------------------------------------------------------------------ -->
<CAI>Distributive with respect to Vector Addition

<ANSWER>
<p>
By the previous discussion, every element of <b>g</b> must
be zero. So:
</p>

<blockquote>
<b>g</b> &nbsp;&nbsp;  =  &nbsp;&nbsp; <b>0</b>&nbsp;&nbsp;  =  &nbsp;&nbsp; (0, 0, 0)<sup>T</sup>
</blockquote>

<LESSON>
<INDEX>dot product, column matrices, distributive</INDEX>
<p>
The dot product is distributive with respect to vector addition:
</p>

<blockquote>
<b>a &nbsp;<b>&#183;</b>&nbsp; (b + c) &nbsp;&nbsp;  =  &nbsp;&nbsp; a &nbsp;<b>&#183;</b>&nbsp; b &nbsp;+&nbsp;a &nbsp;<b>&#183;</b>&nbsp; c</b>
</blockquote>

<p>
This looks reasonable, but be careful that you understand what it says.
In particular, the "+" on either side of "=" mean different things.
</p>


<QUESTION>
<p>
<ol>
<li>What is the meaning of the "+" on the LEFT side of the equation?</li>
<li>What is the meaning of the "+" on the RIGHT side of the equation?</li>
</ol>
</p>
</CAI>


<!-- ------------------------------------------------------------------------ -->
<!-- ------------------------------------------------------------------------ -->
<!-- ------------------------------------------------------------------------ -->
<CAI>Demonstration of Distributive Property
<blockquote>
<b>a &nbsp;<b>&#183;</b>&nbsp; (b + c) &nbsp;&nbsp;  =  &nbsp;&nbsp; a &nbsp;<b>&#183;</b>&nbsp; b &nbsp;+&nbsp;a &nbsp;<b>&#183;</b>&nbsp; c</b>
</blockquote>

<ANSWER>
<p>
<ol>
<li>What is the meaning of the "+" on the LEFT side of the equation:&nbsp;&nbsp;<span class=blue>Vector Addition.</span></li>
<li>What is the meaning of the "+" on the RIGHT side of the equation:&nbsp;&nbsp;<span class=blue>Real Number Addition.</span></li>
</ol>
</p>

<LESSON>
<p>
It is fairly easy to demonstrate that the distributive
property is true.
Let's do the demonstration with 3D column matrices,
although it will work with any dimension.
Both sides of the equation represent a real number.
So the job is to check that both sides represent the <em>same</em> real number.
</p>

<blockquote>
<span class="math">
  Show that: <b>a &#183;</b> (<b>b</b> + <b>c</b>) = <b>a &#183; b</b> + <b>a &#183; c</b> <br/> 
  Let <b>a</b> = (f, g, h)<sup>T</sup><br/>  
  Let <b>b</b> = (r, s, t)<sup>T</sup><br/>   
  Let <b>c</b> = (x, y, z)<sup>T</sup><br/><br/>
     
  <b>a &#183;</b> (<b>b</b> + <b>c</b>) = <b>a  &#183; </b>( r+x, s+y, t+z )<sup>T</sup> <br />
  = f(r+x) + g(s+y) + h(t+z) <br />
  = fr + fx + gs + gy + ht + hz  <br /><br />
  
  <b>a &#183;</b> <b>b</b> +  <b>a &#183; c</b>    
  =  (fr + gs + ht) + (fx + gy + hz) <br /> 
  =  fr + fx + gs + gy + ht + hz <br /> <br />
   
  Both sides of the equation represent the same real number.  
</span>
</blockquote>

<p>
The same demonstration could be done with vectors of any dimension, so the
distributive property is true for any dimension.
</p>

<QUESTION>
<p>
What is: ( -2, 1, 2)<sup>T</sup>&nbsp;<b>&#183;</b>&nbsp;( (3, -1, 4)<sup>T</sup> + ( -2, 1, -2)<sup>T</sup> )
</p>
</CAI>


<!-- ------------------------------------------------------------------------ -->
<!-- ------------------------------------------------------------------------ -->
<!-- ------------------------------------------------------------------------ -->
<CAI>Practice with Distribution 

<ANSWER>
<p>
It is probably easiest NOT to re-arrange the expression, but to do the vector 
addition first:
</p>

<blockquote>
( -2, 1, 2)<sup>T</sup> &nbsp;<b>&#183;</b>&nbsp; ( (3, -1, 4)<sup>T</sup> + ( -2, 1, -2)<sup>T</sup> )
 &nbsp;  =  &nbsp;  ( -2, 1, 2)<sup>T</sup> &nbsp;<b>&#183;</b>&nbsp; (1, 0, 2)<sup>T</sup> <br><br>
 &nbsp;  =  &nbsp;  -2*1 + 1*0 + 2*2 
 &nbsp;  =  &nbsp;  -2 + 4 
 &nbsp;  =  &nbsp; 2
</blockquote>
</p>

<LESSON>
<p>
Other times it is easiest to re-arrange the expression.
</p>


<QUESTION>
<p>
What is: ( -2, 0, 2)<sup>T</sup>&nbsp;<b>&#183;</b>&nbsp;( (1, -1, 1)<sup>T</sup> + ( 3, 1, 4)<sup>T</sup> )
</p>
</CAI>


<!-- ------------------------------------------------------------------------ -->
<!-- ------------------------------------------------------------------------ -->
<!-- ------------------------------------------------------------------------ -->
<CAI>End of the Chapter

<ANSWER>
<p>
Here it is probably easiest to do the dot product first:
</p>

<blockquote>
( -2, 0, 2)<sup>T</sup> &nbsp;<b>&#183;</b>&nbsp; ( (1, -1, 1)<sup>T</sup> + ( 3, 1, 4)<sup>T</sup> )<br><br>
 &nbsp;  =   &nbsp; ( -2, 0, 2)<sup>T</sup> &nbsp;<b>&#183;</b>&nbsp; (1, -1, 1)<sup>T</sup> &nbsp;&nbsp;+&nbsp;&nbsp;( -2, 0, 2)<sup>T</sup> &nbsp;<b>&#183;</b>&nbsp; ( 3, 1, 4)<sup>T</sup>
 &nbsp;  =   &nbsp; 0 + 2 &nbsp;  =  &nbsp;2
</blockquote>


<LESSON> 
<p>
You may find it useful to distribute your study time over the
following topics:

<ul>
<li>
<GOTO>inner product</GOTO>Various names by which the dot product is known.
</li>

<li>
<GOTO>dot product, definition</GOTO>Definition of the dot product for geometrical vectors.
</li>


<li>
<GOTO>dot product, commutative</GOTO>Commutative property of the vector dot product.
</li>


<li>
<GOTO>cosine, and unit circle</GOTO>Cosine of an angle.
</li>


<li>
<GOTO>dot product, of orthogonal vectors</GOTO>Dot product of orthogonal vectors.
</li>

<li>
<GOTO>dot product, and vector length</GOTO>Dot product and vector length.
</li>


<li>
<GOTO>dot product, properties</GOTO>Properties of the vector dot product (list)
</li>


<li>
<GOTO>dot product of column matrices</GOTO>Dot product of 2D column matrices.
</li>


<li>
<GOTO>dot product, column matrix, commutative</GOTO>Commutative property of column matrix dot product.
</li>

<li>
<GOTO>dot product, 3D column matrices</GOTO>Dot product of 3D column matrices.
</li>

<li>
<GOTO>dot prodcut, column matrix with self</GOTO>Dot product of a column matrix with itself.
</li>

<li>
<GOTO>dot product, column matrices, distributive</GOTO>Distributive property of column matrix dot product.
</li>


</ul>

<p>
Click on a term to see where it was discussed in this chapter.
The next chapter will discuss how the dot product relates to the
length of a vector.
</p>


</CAI>
</CHAPTER>
