<?xml version="1.0" standalone="yes" ?>

<!--  July   22, 2003  bpk   extensive editing  -->
<!--  July   22, 2009  bpk   format changes  -->

<CHAPTER>

<COPYRIGHTDATE>2009</COPYRIGHTDATE>
<COPYRIGHTHOLDER>Bradley Kjell</COPYRIGHTHOLDER> 
<AUTHORNAME>Bradley Kjell kjell at ieee dot org </AUTHORNAME>
<HOMEFILE>../vectorIndex.html#06</HOMEFILE>
<STYLESHEET>../vectorStyle.css</STYLESHEET>

<CAI>CHAPTER 6 &#8212; Scaling and Unit Vectors

<p>
<small>created 08/26/97;  revised 08/12/00, 07/22/03, 07/22/09</small>
</p>

<LESSON>
<p>
This chapter discusses how to multiply a
vector by a real number (called <b>scaling</b>),
and how this is used to construct <b>unit vectors</b>.
Unit vectors are used to
show direction in 3D space,
and are essential for 3D graphics.
</p>

<ul>
<li>Scaling</li>
<li>Unit vectors</li>
<li>Normalizing a vector</li>
<li>Variables in vector equations</li>
</ul>

</LESSON>

<QUESTION>

<div align="center">
<img src="scale0.gif" border="2">
</div>

<p>
Change the elements of this column matrix: <tt>(3, 4)<sup>T</sup></tt>
so that the vector it represents
is twice as long and remains pointing in the same direction.
(Officially you don't know how to do this.  Take a guess.)
</p>
</QUESTION>

</CAI>


<!-- ------------------------------------------------------------------------ -->
<!-- ------------------------------------------------------------------------ -->
<!-- ------------------------------------------------------------------------ -->
<CAI>Scaling
<p>
Change the elements of this column matrix: <tt>(3, 4)<sup>T</sup></tt>
so that the vector it represents
is twice as long and remains pointing in the same direction.
</p>

<ANSWER>
<p>
You could carefully work out the correct answer using what you
already know.
Or you could take a guess and see if it works:
</p>

<pre>
2 &times; <tt>(3, 4)<sup>T</sup></tt> &nbsp; = &nbsp; <tt>(6, 8)<sup>T</sup></tt>
</pre>

</ANSWER>

<LESSON>

<div align="center">
<img src="scale1.gif" alt="Scaling a Vector" />
</div>

<p>
Does the guess work?
</p>

<ul>
<li>(New length)<sup>2</sup> = 6<sup>2</sup> + 8<sup>2</sup> &nbsp; = &nbsp; 
     2<sup>2</sup> 3<sup>2</sup> + 2<sup>2</sup> 4<sup>2</sup> &nbsp; = &nbsp;
     2<sup>2</sup> (3<sup>2</sup>+4<sup>2</sup>) &nbsp; = &nbsp; 
     2<sup>2</sup> &times; (old length)<sup>2</sup> 
</li>
<li>So, taking roots, (New length) = 2 &times; (old length)</li>
<li>By similar triangles, the direction is the same.</li>
</ul>

<p>
Or you could notice: new direction  &nbsp; = &nbsp; arc tan( 8/6 ) &nbsp; = &nbsp; arc tan( 4/3 ) &nbsp; = &nbsp; old direction.
</p>

<p>
It looks like the guess worked.
</p>

<INDEX>scalar</INDEX>

<p>
In talking about vectors,
a real number is sometimes called a <em>scalar.</em>
</p>

<INDEX>scaling, of a vector</INDEX>
<p>
<b>Scaling</b> a geometrical vector means keeping its orientation
the same but changing its length by a scale factor.
It is like changing the scale of a picture; 
the distances expand or shrink,
but the directions remain the same.
</p>

<p>
If a vector is represented by a column matrix &nbsp; <tt>(x, y)<sup>T</sup></tt> &nbsp;
then scaling by the a number multiplies each element:
</p>

<pre>
a(x, y)<sup>T</sup>  =  (ax, ay)<sup>T</sup> 
</pre>

<p>
This works for 3 dimensional vectors also:
If <b>v</b> is  represented by <nobr><tt>(x, y, z)<sup>T</sup></tt></nobr>  then
a<b>v</b> is  represented by <nobr><tt>(ax, ay, az)<sup>T</sup></tt></nobr>.
</p>


</LESSON>

<QUESTION>
<p>
What is <tt>0.5&times;(36.4, -18.9)<sup>T</sup></tt> ?
</p>

</QUESTION>
</CAI>

<!-- ------------------------------------------------------------------------ -->
<!-- ------------------------------------------------------------------------ -->
<!-- ------------------------------------------------------------------------ -->
<CAI>Fun Facts
<p>
What is <tt>0.5 &times;(36.4, -18.9)<sup>T</sup></tt> ?
</p>
<ANSWER>
<pre>
(0.5&times;36.4, 0.5&times; -18.9)<sup>T</sup>  =  ( 18.2, -9.45)<sup>T</sup> 
</pre>

</ANSWER>

<LESSON>

<p>
There are several properties of scaling that
you can probably guess:
</p>

</LESSON>

<QUESTION>
<p>
If <b>v</b> is a vector, what is:
</p>

<ul>
<li> -1<b>v</b> </li>
<li>  0<b>v</b> </li>
</ul>

</QUESTION>
</CAI>

<!-- ------------------------------------------------------------------------ -->
<!-- ------------------------------------------------------------------------ -->
<!-- ------------------------------------------------------------------------ -->
<CAI>Scaled Vector is a Vector
<ANSWER>

<ul>
<li> -1<b>v</b>  &nbsp; = &nbsp; <b>-v</b>
<li>  &nbsp;0<b>v</b>  &nbsp; = &nbsp; <b>0</b>
</ul>


</ANSWER>

<LESSON>

<INDEX>scaling, properties</INDEX>

<p>
Notice that even though the above two answers are easy to guess, 
there is some subtlety to them:
</p>

<ul>
<li> -1<b>v</b>  &nbsp; = &nbsp; <b>-v</b> &nbsp; &nbsp; <span class="blue">real number * vector  &nbsp; = &nbsp; vector</span>
<li>  &nbsp;0<b>v</b>  &nbsp; = &nbsp;  &nbsp; <b>0</b> &nbsp; &nbsp; <span class="blue">real number * vector  &nbsp; = &nbsp; vector</span>
</ul>

<p>
The result of scaling a vector is a vector. 
The boldface <b>0</b> in the
last equation is the vector  represented by <tt>(0,0,0)<sup>T</sup></tt>, not the real number zero.
</p>


</LESSON>

<QUESTION>
<p>
What is:
</p>

<pre>
2 + 4( 3, 2, 5)<sup>T</sup>
</pre>

</QUESTION>
</CAI>

<!-- ------------------------------------------------------------------------ -->
<!-- ------------------------------------------------------------------------ -->
<!-- ------------------------------------------------------------------------ -->
<CAI>Expressions with Mixed Types
<p>
What is:
</p>

<pre>
2 + 4( 3, 2, 5)<sup>T</sup>
</pre>

<ANSWER>
<p>
(Trick Question!) 
The expression is ill-formed. 
There is no operator + that does this:
<span class="blue">
real number + vector
</span>
</p>
</ANSWER>

<LESSON>

<p>
It is helpful to use parentheses to show exactly
what you mean in expressions containing
mixed types and  operators.
Look at this:
</p>

<pre>
(2 + 1)(3, -5)<sup>T</sup> + 4(1, 2)<sup>T</sup>
</pre>

<p>
The first "+" is scalar addition; the second "+" is column matrix addition.
You should perform the operations like this:
</p>

<pre>
(2 + 1)(3, -5)<sup>T</sup> + 4(1, 2)<sup>T</sup>   = 

3(3, -5)<sup>T</sup> + 4(1, 2)<sup>T</sup>   = 

(3&times;3, 3&times; -5)<sup>T</sup> + (4&times;1, 4&times;2)<sup>T</sup>  = 

(9, -15)<sup>T</sup> + (4, 8)<sup>T</sup>  =  (13, -7)<sup>T</sup>
</pre>

<p>
This is not as bad as it looks. 
Keep track of each operator, 
the types of its operands, and the type its result.
</p>

</LESSON>

<QUESTION>
<p>
Evaluate the following:
</p>

<pre>
-1 (1, 2, -3)<sup>T</sup> - (2 + 1)(1, 0, 1)<sup>T</sup>
</pre>

</QUESTION>
</CAI>

<!-- ------------------------------------------------------------------------ -->
<!-- ------------------------------------------------------------------------ -->
<!-- ------------------------------------------------------------------------ -->
<CAI>More Algebra!
<ANSWER>

<pre> 
-1 (1, 2, -3)<sup>T</sup> - (2 + 1)(1, 0, 1)<sup>T</sup>  =  

( -1, -2, 3)<sup>T</sup> - 3(1, 0, 1)<sup>T</sup> =  

( -1, -2, 3)<sup>T</sup> + (-3, 0, -3)<sup>T</sup>  =  (-4, -2, 0 )<sup>T</sup>
</pre>

</ANSWER>

<LESSON>

<p>
If there is an unknown or two in the mix,
you can use algebra in the usual way to solve for them.
Just be careful that each move you make results in a valid
expression.

For example,
solve the following for a and y:
</p>

<pre>
a(1, y)<sup>T</sup> + 2(0, 5 )<sup>T</sup> = (2, 20)<sup>T</sup>
</pre>

<p>
You might say that this cannot be done, since there
are two unknowns (a and y) but only one equation.
However:
</p>

<pre>
a(1, y)<sup>T</sup> + 2(0, 5)<sup>T</sup> = (2, 20)<sup>T</sup>

(a, ay)<sup>T</sup> + (0, 10)<sup>T</sup> = (2, 20)<sup>T</sup>

(a, ay+10)<sup>T</sup>         = (2, 20)<sup>T</sup>
</pre>

<INDEX>equating elements of column matrices</INDEX> 
<p>
Corresponding elements
must be equal. 
So:
</p>

<pre>
a       =  2
ay + 10 = 20

2y      = 10
y       =  5
</pre>

<p>
This last manuever is a very common trick,
called <em>equating corresponding elements</em>.
</p>

</LESSON>

<QUESTION>
<p>
Here is an opportunity to practice.
Find x and y :
</p>

<pre>
4( -1, y)<sup>T</sup>  +  2( 3x, 10)<sup>T</sup>  = (8, 24)<sup>T</sup> 
</pre>


</QUESTION>
</CAI>

<!-- ------------------------------------------------------------------------ -->
<!-- ------------------------------------------------------------------------ -->
<!-- ------------------------------------------------------------------------ -->
<CAI>Equating Corresponding Elements
<ANSWER>

<pre>
4( -1,  y)<sup>T</sup> + 2( 3x, 10)<sup>T</sup> = (8, 24)<sup>T</sup>
 ( -4, 4y)<sup>T</sup> +  ( 6x, 20)<sup>T</sup> = (8, 24)<sup>T</sup>
 (6x-4, 4y+20)<sup>T</sup>           = (8, 24)<sup>T</sup>

6x-4  =  8
4y+20 = 24

6x = 12 
 x = 2

4y = 4
 y = 1
</pre>


</ANSWER>

<LESSON>

<p>
In the original equation (and in the two re-writes of it) the
"=" sign means <em>vector equality.</em>
Equating corresponding elements yields two equations where the
"=" sign means <em>scalar equality</em> (or <em>real number equality.</em>)
</p>

<p>
By equating corresponding elements a column matrix equation changes
into several scalar equations, one equation for each dimension of the column matrix.
Then, sometimes,
the scalar equations can be solved for the unknowns.
But this does not always work.
</p>

<p>
Here is a case where it does not work:
Find x and y :
</p>

<pre>
4(x, 5)<sup>T</sup> + 2(y, 1)<sup>T</sup> = 2(12, 11)<sup>T</sup> 
</pre>

<p>
This looks OK, but doing some work reveals a problem:
</p>

<pre>
4( x,  5)<sup>T</sup> + 2( y, 1)<sup>T</sup>  =  2(12, 11)<sup>T</sup> 

 (4x, 20)<sup>T</sup> +  (2y, 2)<sup>T</sup>  =   (24, 22)<sup>T</sup>
 
       (4x+2y, 22 )<sup>T</sup>    =   (24, 22)<sup>T</sup>

               4x + 2y  =  24

                    22  =  22
</pre>

<p>
The two scalar equations you get by equating corresponding elements do
not contain enough information to proceed.
</p>

</LESSON>

<QUESTION>
<p>
Find a and x :
</p>

<pre>
a( -1, 5 )<sup>T</sup> + 2( 3x, 10 )<sup>T</sup> = ( 8, 25 )<sup>T</sup>
</pre>

<p>
(Before you start fiddling, take a guess: can it be done?)
</p>

</QUESTION>
</CAI>

<!-- ------------------------------------------------------------------------ -->
<!-- ------------------------------------------------------------------------ -->
<!-- ------------------------------------------------------------------------ -->
<CAI>Scaling with values less than One

<ANSWER>
<p>
Can it be done? Yes.
</p>

<pre>
a( -1, 5 )<sup>T</sup> + 2( 3x, 10 )<sup>T</sup> = ( 8, 25 )<sup>T</sup>
 ( -a, 5a)<sup>T</sup> +  ( 6x, 20 )<sup>T</sup> = ( 8, 25 )<sup>T</sup>
         ( 6x-a, 5a+20 )<sup>T</sup>  = ( 8, 25 )<sup>T</sup>
</pre>

<p>
Equating corresponding elements:
</p>

<pre>
6x-a  =  8
5a+20 = 25
   5a = 5
    a = 1

6x-1  = 8
6x    = 9
    x = 9/6 
    x = 3/2
</pre>

</ANSWER>

<LESSON>

<p>
In the definition of scaling:
</p>

<pre>
a( x, y )<sup>T</sup> = ( ax, ay )<sup>T</sup>
</pre>

<p>
it is OK if <tt>a</tt> is smaller than one.
For example:
</p>

<pre>
0.5( x, y )<sup>T</sup>  =  ( 0.5 &middot; x, 0.5 &middot; y )<sup>T</sup>
</pre>

<p>
Sometimes this is written as:
</p>

<pre>
( x, y ) 
--------   =   ( x/2, y/2 )  
   2
</pre>


</LESSON>

<QUESTION>
<p>
(Review: ) What is the length of   <tt>(1,0)<sup>T</sup></tt> ?
</p>

</QUESTION>
</CAI>

<!-- ------------------------------------------------------------------------ -->
<!-- ------------------------------------------------------------------------ -->
<!-- ------------------------------------------------------------------------ -->
<CAI>Unit Vector
<p>
What is the length of  <tt>(1,0)<sup>T</sup></tt> ?
</p>
<ANSWER>
<p>
1.0
</p>

</ANSWER>

<LESSON>

<INDEX>unit vector</INDEX>

<p>
The vector has a length of one because it is aligned with the x axis
(in the current coordinate frame).
When represented by a column matrix
its
only non-zero element is 1.0.
Of course, other vectors, not aligned with any axis, can have a length
of one.
</p>

<p>
A <strong>unit vector</strong> is a vector with a length of one.
<p>


</LESSON>

<QUESTION>
<p>
Does the following represent a unit vector: <tt>(1, 1, 1)<sup>T</sup></tt> ?
</p>
</QUESTION>

</CAI>

<!-- ------------------------------------------------------------------------ -->
<!-- ------------------------------------------------------------------------ -->
<!-- ------------------------------------------------------------------------ -->
<CAI>Creating Unit Vectors

<p>
Does the following represent a unit vector: <tt>(1, 1, 1)<sup>T</sup></tt> ?
</p>

<ANSWER>
<p>
No, its length
</p>

<pre>
<img src="sqrt.gif" align="bottom">( 1<sup>2</sup> + 1<sup>2</sup> + 1<sup>2</sup> ) =  <img src="sqrt.gif" align="bottom">3 =  1.7320508
</pre>

<p>
is not one.
</p>

<LESSON>
<INDEX>normalizing a vector</INDEX>
<p>
Unit vectors have a length of one.
If you have a particular vector <b>v</b> you can use it to make a unit vector.
This is called <b>normalizing</b> the vector:
</p>

<ol>
<li>Calculate the length of <b>v</b>, &nbsp; <b>| v |</b>. </li>
<li>Scale <b>v</b> by dividing by its length:  &nbsp; <b>v</b> / <b>| v |</b>  </li>
</ol>

<p>
Often this idea is written as a formula.
The subscript "u" means "unit vector".
Different books use different notation for this.
</p>

<pre>
<b>v<sub>u</sub></b> = <b>v</b> / <b>|v|</b>
</pre>

<p>
If <b>v</b> &nbsp;  =  &nbsp; (x, y, z)<sup>T</sup> &nbsp; then:
</p>

<pre>
<b>v<sub>u</sub></b>  =  <b>v</b> / <b>|v|</b>  =  ( x /<b>|v|</b>,  y/<b>|v|</b>,  z/<b>|v|</b> )<sup>T</sup>
</pre>

</LESSON>

<QUESTION>
<p>
Normalize  <tt>(3, 4)<sup>T</sup></tt>.
</p>
</QUESTION>

</CAI>

<!-- ------------------------------------------------------------------------ -->
<!-- ------------------------------------------------------------------------ -->
<!-- ------------------------------------------------------------------------ -->
<CAI>Direction of a Unit Vector

<p>
Normalize  <tt>(3, 4)<sup>T</sup></tt>.
</p>

<ANSWER>
<p>
The vector is the hypotenuse of a 3/4/5 right triangle, 
so its length is 5.
The unit vector is:
</p>

<pre>
 1/5 &times; (3,4)<sup>T</sup>  =  (3/5, 4/5)<sup>T</sup>  =  (0.6, 0.8)<sup>T</sup> 
</pre>
</ANSWER>

<LESSON>

<div align="center">
<img src="scale2.gif" border="2" alt="Scaled Vector" />
</div>

<INDEX>unit vector, orientation</INDEX>
<p>
Scaling changes the length of a vector
but not its direction.
If <b>v<sub>u</sub></b> is the unit vector corresponding to <b>v</b>,
then <b>v<sub>u</sub></b> and <b>v</b> have the same orientation.
</p>

<p>
This sounds plausible, but a demonstration might not hurt:
</p>

<pre>
Start with <b>v</b> = (3, 4)<sup>T</sup> as above.

Form <b>v<sub>u</sub></b> = (3/5, 4/5)<sup>T</sup>.

The direction of <b>v</b> is arc tan( 4/3 ).

The direction of <b>v<sub>u</sub></b> is 
    arc tan( (4/5) / (3/5) ) = 
    arc tan( (4/5) &times; (5/3) ) = 
    arc tan( 4/3 )
</pre>


</LESSON>

<QUESTION>
<p>
Construct a unit vector in the same direction as <b>w</b> = (4, 6)<sup>T</sup>.
</p>
</QUESTION>

</CAI>

<!-- ------------------------------------------------------------------------ -->
<!-- ------------------------------------------------------------------------ -->
<!-- ------------------------------------------------------------------------ -->
<CAI>Check the Answer
<p>
Construct a unit vector in the same direction as <b>w</b> = (4, 6)<sup>T</sup>.
</p>
<ANSWER>

<ol>
<li><b>| w |</b> = <img src="sqrt.gif" align="bottom">(16 + 36) &nbsp; = &nbsp;  <img src="sqrt.gif" align="bottom">52</li>
<li><b>w<sub>u</sub></b> = (4, 6)<sup>T</sup> / (<img src="sqrt.gif" align="bottom">52)
</ol>


</ANSWER>

<LESSON>

<p>
Well, that was fun. Now check that the answer is correct:
</p>

<pre>
<b>| w<sub>u</sub> |<sup>2</sup></b>  =  (4<sup>2</sup> +  6<sup>2</sup>) / (<img src="sqrt.gif" align="bottom">52)<sup>2</sup>

<b>| w<sub>u</sub> |<sup>2</sup></b>  =  (16 + 36)/52 = 52/52  =1.0

<b>| w<sub>u</sub> |</b>   =  1.0
</pre>

<p>
A unit vector formed from a three dimensional vector will
point in the same direction as the original.
</p>

</LESSON>

<QUESTION>
<p>
Normalize: <b>g</b> &nbsp; = &nbsp; ( -3, 4, -1)<sup>T</sup>
</p>
</QUESTION>

</CAI>

<!-- ------------------------------------------------------------------------ -->
<!-- ------------------------------------------------------------------------ -->
<!-- ------------------------------------------------------------------------ -->
<CAI>Opposite Direction
<p>
Normalize: <b>g</b> &nbsp; = &nbsp; ( -3, 4, -1)<sup>T</sup>
</p>
<ANSWER>
<pre>
<b>| g |</b>  =  <img src="sqrt.gif" align="bottom">(9 + 16 + 1 )  =  <img src="sqrt.gif" align="bottom">26
<b>g<sub>u</sub></b>  =  ( -3, 4, -1)<sup>T</sup> / (<img src="sqrt.gif" align="bottom">26)
</pre>
</ANSWER>

<LESSON>

<div align="center">
<img src="scale3.gif" border="2" alt="Opposite Direction" />
</div>

<p>
The following represents a unit vector oriented at 45<sup>o</sup>:
</p>

<pre>
(1, 1)<sup>T</sup> / (<img src="sqrt.gif" align="bottom">2).
</pre>

<p>
The length is <nobr><tt><img src="sqrt.gif" align="bottom">( 1<sup>2</sup>/2 + 1<sup>2</sup>/2 ) = 1.</tt></nobr>
The angle is arctan(1/1) = 45<sup>o</sup>.
How would you make a unit vector that is pointed in the opposite direction?
Negate each component:
</p>

<pre>
 -( 1, 1)<sup>T</sup> / (<img src="sqrt.gif" align="bottom">2)  =  ( -1, -1)<sup>T</sup> / (<img src="sqrt.gif" align="bottom">2).
</pre>

<br clear="all" />

</LESSON>

<QUESTION>
<p>
Create a unit vector that points in the opposite direction as
<nobr><tt>(3, 0, 2)<sup>T</sup></tt></nobr>.
</p>
</QUESTION>

</CAI>

<!-- ------------------------------------------------------------------------ -->
<!-- ------------------------------------------------------------------------ -->
<!-- ------------------------------------------------------------------------ -->
<CAI>End of this Chapter
<p>
Create a unit vector that points in the opposite direction as
(3, 0, 2)<sup>T</sup>.
</p>

<ANSWER>
<pre>
Length of the vector &nbsp; = &nbsp; <img src="sqrt.gif" align="bottom">(9+4) &nbsp; = &nbsp; <img src="sqrt.gif" align="bottom">13
Unit vector in the first direction &nbsp; = &nbsp; (3, 0, 2)<sup>T</sup> / (<img src="sqrt.gif" align="bottom">13)
Unit vector in the opposite direction &nbsp; = &nbsp; ( -3, 0, -2)<sup>T</sup> / (<img src="sqrt.gif" align="bottom">13)
</pre>


<LESSON> 
<p>
You should scale down your plans for a party weekend and study these
topics instead:
</p>

<ul>

<li>
<GOTO>scaling, of a vector</GOTO>Definition of scaling.
</li>

<li>
<GOTO>scalar</GOTO>Definition of a scalar.
</li>

<li>
<GOTO>scaling, properties</GOTO>Some properties of scaling.
</li>

<li>
<GOTO>equating elements of column matrices</GOTO>Equating corresponding elements in vector algebra.
</li>

<li>
<GOTO>unit vector</GOTO>Unit Vectors.
</li>

<li>
<GOTO>normalizing a vector</GOTO>Normalizing a vector.
</li>

<li>
<GOTO>unit vector, orientation</GOTO>Orientation of a unit vector.
</li>

</ul>


<p>
Click on a term to see where it was discussed in this chapter.
The next chapter will discuss the <em>dot product</em> of two
vectors.
</p>


</CAI>
</CHAPTER>

