<?xml version="1.0" standalone="yes" ?>

<!--  July   28, 2003  bpk   extensive editing  -->
<!--  July   20, 2005  bpk   some things fixed up  -->
<!--  Oct    25, 2005  bpk   replaced "parseInt" with "parseFloat"  -->

<CHAPTER>

<COPYRIGHTDATE>2003</COPYRIGHTDATE>
<COPYRIGHTHOLDER>Bradley Kjell</COPYRIGHTHOLDER> 
<AUTHORNAME>Bradley Kjell kjell at ieee dot org</AUTHORNAME>
<HOMEFILE>../vectorIndex.html#15</HOMEFILE>
<STYLESHEET>../vectorStyle.css</STYLESHEET>


<CAI> CHAPTER 15 &#8212; Product of Two Matrices
<p><small>revised 08/01/00, 07/28/03, 07/20/05, 07/26/09</small></p>

<LESSON>
<p>
This chapter discusses the product of
two matrices.
This is an extension of the
ideas of the previous chapter.
</p>

<h4>Chapter Topics:</h4>
<ul>
<li>When matrices can be multiplied together</li>
<li>Result is a matrix</li>
<li>Each element of the result is a dot product</li>
<li>Associative property</li>
<li>Not commutative</li>
<li>Distributive over addition</li>
<li>Multiplication with the zero matrix</li>
</ul>

<p>
Matrix-matrix products are used in computer 
graphics to create the transformation matrices
that operate on points and vectors.
In a "first person game" such as DOOM the
landscape is modeled with points and vectors.
The constantly changing view you see
as the hero moves
through the landscape is created by transforming
those points and vectors.
</p>
</LESSON>

<QUESTION>
<p>
Do you think it possible to multiply the  following two matrices?
&nbsp; &nbsp;
<b>A</b><sub>4&#215;3</sub> <b>B</b><sub>3&#215;5</sub> 
</p>

<p>
(Make a guess, based on what you know about multiplying
a matrix with a column matrix.)
</p>

</CAI>


<!-- ------------------------------------------------------------------------ -->
<!-- ------------------------------------------------------------------------ -->
<!-- ------------------------------------------------------------------------ -->
<CAI>Dimensions of the Result

<p>
Is it possible to multiply the  following two matrices?
&nbsp; &nbsp;
<b>A</b><sub>4&#215;3</sub> <b>B</b><sub>3&#215;5</sub> 
</p>

<ANSWER>
<p>
Yes. The inner dimension &nbsp;<b>3</b>&nbsp; matches.
</p>
</ANSWER>

<LESSON>

<p>
If two rectangular matrices are put in
order so that the inner dimension is the same in each,
then
the matrices
can be multiplied.
The result is (in general) a rectangular matrix:
</p>

<blockquote>
<b>A</b><sub>R&#215;N</sub> <b>B</b><sub>N&#215;C</sub> = <b>Z</b><sub>R&#215;C</sub>
</blockquote>

<INDEX>matrix product, dimensions</INDEX>
<p>
The the product <b>AB</b> (if it can be formed)
has the same number of rows as <b>A</b> 
and the same number of columns as <b>B</b>.
You can think of this as "canceling" the inner
dimension.
If the inner dimension cannot be canceled,
  then the
  product cannot be formed.
</p>

<p>
Look at the following product. 
(For now, ignore how the elements were calculated.) 
</p>

<blockquote>
<img src="mtrx03-10.gif" />
</blockquote>

<p>
This is a 3&#215;2 matrix times a  2&#215;2 matrix.
The result is a  3&#215;2 matrix.
</p>

</LESSON>

<QUESTION>
<p>
What dimensions will the following product have: 
<nobr><b>A</b><sub>4&#215;4</sub> <b>B</b><sub>4&#215;2</sub> &nbsp; = &nbsp; <b>C</b><sub>? &#215; ?</sub></nobr>
</p>
</QUESTION>

</CAI>


<!-- ------------------------------------------------------------------------ -->
<!-- ------------------------------------------------------------------------ -->
<!-- ------------------------------------------------------------------------ -->
<CAI>Practice with Dimensions
<ANSWER>
<p>
<b>A</b><sub>4&#215;4</sub> <b>B</b><sub>4&#215;2</sub> &nbsp; = &nbsp; <b>C</b><sub>4&#215;2</sub>
</p>
</ANSWER>

<LESSON>

<p>
Column matrices and row matrices are a special case of rectangular matrices,
so the rule covers them, as well.
You may wish to practice with the following.
Determine the dimensions of the product of each pair of matrices.
Click on the button to check your answer.
</p>

<form>
  <center>
    <table border="1" bordercolor="brown" bgcolor="white" cellpadding="20">
    <tr bgcolor="tan"><th>Matrix        </th><th>Matrix </th><th>Result</th><th>Matrix        </th><th>Matrix </th><th>Result</th></tr>
    <tr align=center>
        <td>4 &#215; 3         </td><td>3 &#215; 2  </td>
        <td valign="center"><input type="button" value="  ?  "    onClick="alert('4 x 2')"></td>
        <td>3 &#215; 2         </td><td>2 &#215; 2  </td>
        <td valign="center"><input type="button" value="  ?  "    onClick="alert('3 x 2')"></td></tr>
    <tr align=center>
        <td>2 &#215; 3         </td><td>2 &#215; 3  </td>
        <td valign="center"><input type="button" value="  ?  "    onClick="alert('Not Possible')"></td>
        <td>4 &#215; 3         </td><td>3 &#215; 1  </td>
        <td valign="center"><input type="button" value="  ?  "    onClick="alert('4 x 1')"></td></tr>
    <tr align=center>
        <td>3 &#215; 5         </td><td>5 &#215; 1  </td>
        <td valign="center"><input type="button" value="  ?  "    onClick="alert('3 x 1')"></td>
        <td>3 &#215; 1         </td><td>1 &#215; 4  </td>
        <td valign="center"><input type="button" value="  ?  "    onClick="alert('3 x 4')"></td></tr>
    </table>
  </center>
</form>

<p>
Check the dimensions of the result before you do the
arithmetic.
For example, the last product (in the table) is a bit odd, and it is
easy to get mixed up without knowing what the result should look like.
</p>
</LESSON>

<QUESTION>
<p>
If the product <b>A</b><sub>n&#215;m</sub> <b>B</b><sub>m&#215;p</sub> can be
formed, is it 
possible to form the product 
<nobr><b>B</b><sub>m&#215;p</sub> <b>A</b><sub>n&#215;m</sub>?</nobr>
</p>

</QUESTION>

</CAI>


<!-- ------------------------------------------------------------------------ -->
<!-- ------------------------------------------------------------------------ -->
<!-- ------------------------------------------------------------------------ -->
<CAI>Forming the Matrix-Matrix Product
<p>
If the product <b>A</b><sub>n&#215;m</sub> <b>B</b><sub>m&#215;p</sub> can be
formed, will it always be possible to form the product <b>B</b><sub>m&#215;p</sub> <b>A</b><sub>n&#215;m</sub>?
</p>

<ANSWER>
<p>
No.  If n &ne; p then <b>BA</b> can't be formed.  Later you will see that
even if both products can be formed, it is rare that <b>AB</b> = <b>BA</b>.
</p>
</ANSWER>

<LESSON>
<INDEX>matrix-matrix product, calculation</INDEX>
<p>
The matrix-matrix product <b>AB</b> is calculated by forming 
the dot product of each row of <b>A</b> with each column of <b>B</b>.
Of course, 
the number of columns in <b>A</b> equal to the number of rows in <b>B</b>.
</p>

<p>
As in the previous chapter,
flip a column of <b>B</b> so that its elements align with the
rows of <b>A</b>.
Form the dot product, which becomes row 1 col 1 of the result.
Now
slide down one row to form the next dot product, 
which becomes row 2 col 1 of the result.
Continue down until the last row.
</p>

<center>
<img src="mtrx03-20.gif" alt="Flip and Slide" />
</center>

<p>
When you are finished with first column of <b>B</b>, move on to its
next column and do the same thing.
Continue with each column of <b>B</b> until all elements are calculated.
</p>

<p>
<b>Note:</b> Element ij of the result = dot product of row i 
of <b>A</b> with column j of <b>B</b>.
</p>
</LESSON>

<QUESTION>
<p>
Say that you are forming the product <b>A</b><sub> 5&#215;3</sub> <b>B</b><sub> 3&#215;2</sub> = <b>C</b><sub> 5&#215;2</sub>
</p>

<p>
What row and column are used to calculate the 3rd row 2nd column of  <b>C</b> ?
</p>

</QUESTION>

</CAI>


<!-- ------------------------------------------------------------------------ -->
<!-- ------------------------------------------------------------------------ -->
<!-- ------------------------------------------------------------------------ -->
<CAI>Another Way to Visualize
<p>
Say that you are forming the product <b>A</b><sub>5&#215;3</sub> <b>B</b><sub>3&#215;2</sub> = <b>C</b><sub>5&#215;2</sub>
</p>

<p>
What row and column are used to calculate the 3rd row 2nd column of  <b>C</b> ?
</p>

<ANSWER>
<p>
The 3rd row of  <b>A</b> and the 2nd column of  <b>B</b> 
</p>
</ANSWER>

<LESSON>

<div align="center">
<img src="mtrx03-30.gif" alt="Visualizing Matrix Multiplication" />
</div>

<p>
Your computer graphics  book might
show a different way to do matrix-matrix multiplication.
There are several ways to think about it, although the
results are the same.
</p>

<p>
The diagram shows another way to visualize the product <b>AB = C</b>.
Write <b>A</b> to the left and <b>B</b> above the result, <b>C</b>.
Now draw horizontal lines and vertical lines to divide <b>C</b> 
into cells.
This will automatically form the correct number of cells.
</p>

<p>
The number to put in each cell is the dot product of
the row of <b>A</b> and column of <b>B</b> that intersect to for the cell.
</p>

<br clear="all">
</LESSON>

<QUESTION>
<p>
Calculate the value of:
</p>

<ul>
<li>c<sub>11</sub> ?</li>
<li>c<sub>32</sub> ?</li>
</ul>
</QUESTION>

</CAI>


<!-- ------------------------------------------------------------------------ -->
<!-- ------------------------------------------------------------------------ -->
<!-- ------------------------------------------------------------------------ -->
<CAI>Multiplication Practice
<ANSWER>

<blockquote>
<img src="mtrx03-30.gif" />
</blockquote>

<br clear="all" />

<ul>
<li>c<sub>11</sub> = 1&#215;4 + -2&#215;-1 = 6</li>
<li>c<sub>32</sub> = -1&#215;1 + 4&#215;2 = 7</li>
</ul>

<br clear="all" />


</ANSWER>

<LESSON>
<p>
You are surely eager to perform a matrix-matrix product!
In the following diagram,
mentally calculate the dot product that
belongs in each cell.
Then move the mouse over it to see the correct value.
</p>

<SCRIPT LANGUAGE="JavaScript">
<!-- Hide from old browsers
var answers = new Array(10)
answers[0] = "map40.gif"
answers[1] = "map41.gif"
answers[2] = "map42.gif"
answers[3] = "map43.gif"
answers[4] = "map44.gif"
answers[5] = "map45.gif"
answers[6] = "map46.gif"
answers[7] = "map47.gif"
answers[8] = "map48.gif"
answers[9] = "map49.gif"

function LoadImage( ans )
{
  document.images[4].src = answers[ ans ]
}
// Stop Hiding -->
</SCRIPT>

<map name="theMap">
<area name="A11"
      coords="234,178,273,198"
      shape="rect"
      onMouseOver="LoadImage(1);return true"
      onMouseOut="LoadImage(0);return true">

<area name="A12"
      coords="289,178,324,198"
      shape="rect"
      onMouseOver="LoadImage(2);return true"
      onMouseOut="LoadImage(0);return true">

<area name="A13"
      coords="344,178,380,198"
      shape="rect"
      onMouseOver="LoadImage(3);return true"
      onMouseOut="LoadImage(0);return true">

<area name="A21"
      coords="234,213,273,233"
      shape="rect"
      onMouseOver="LoadImage(4);return true"
      onMouseOut="LoadImage(0);return true">

<area name="A22"
      coords="289,213,324,233"
      shape="rect"
      onMouseOver="LoadImage(5);return true"
      onMouseOut="LoadImage(0);return true">

<area name="A23"
      coords="344,213,380,233"
      shape="rect"
      onMouseOver="LoadImage(6);return true"
      onMouseOut="LoadImage(0);return true">

<area name="A31"
      coords="234,248,273,264"
      shape="rect"
      onMouseOver="LoadImage(7);return true"
      onMouseOut="LoadImage(0);return true">

<area name="A32"
      coords="289,248,324,264"
      shape="rect"
      onMouseOver="LoadImage(8);return true"
      onMouseOut="LoadImage(0);return true">

<area name="A33"
      coords="344,248,380,264"
      shape="rect"
      onMouseOver="LoadImage(9);return true"
      onMouseOut="LoadImage(0);return true">

</map>

<center>
<table bgcolor="white" cellpadding=10 border="1" bordercolor="brown">
<tr><td>
<img src="map40.gif" usemap="#theMap" border=0>
</td></tr>
</table>
</center>

<p>
In order for the above to work you must use a fairly
recent web browser
and have JavaScript enabled.
If it doesn't work, work out the answer with
paper and pencil.
</p>
</LESSON>

<QUESTION>
<p>
Compute the matrix-matrix product.
</p></QUESTION>

</CAI>


<!-- ------------------------------------------------------------------------ -->
<!-- ------------------------------------------------------------------------ -->
<!-- ------------------------------------------------------------------------ -->
<CAI>Real Number Elements
<ANSWER>
<blockquote>
<img src="map4B.gif">
</blockquote>
</ANSWER>

<LESSON>

<p>
Of course, each element of a matrix is a scalar,
a real number. 
In computer science terms, it is a
a floating point number.
The examples use integers so the arithmetic is easy.
Here is another example, this time with floating point values.
</p>

<SCRIPT LANGUAGE="JavaScript">
<!-- Hide from old browsers
var answers = new Array(10)
answers[0] = "map50.gif"
answers[1] = "map51.gif"
answers[2] = "map52.gif"
answers[3] = "map53.gif"
answers[4] = "map54.gif"

function LoadImage( ans )
{
  document.images[4].src = answers[ ans ]
}
// Stop Hiding -->
</SCRIPT>
<map name="theMap">
<area name="A11"
      coords="290,129,328,149"
      shape="rect"
      onMouseOver="LoadImage(2);return true"
      onMouseOut="LoadImage(0);return true">

<area name="A22"
      coords="290,164,328,184"
      shape="rect"
      onMouseOver="LoadImage(4);return true"
      onMouseOut="LoadImage(0);return true">

<area name="A21"
      coords="235,164,273,184"
      shape="rect"
      onMouseOver="LoadImage(3);return true"
      onMouseOut="LoadImage(0);return true">

<area name="A11"
      coords="235,129,273,149"
      shape="rect"
      onMouseOver="LoadImage(1);return true"
      onMouseOut="LoadImage(0);return true">
</map>

<center>
<table bgcolor="white" cellpadding="10" border="1" bordercolor="brown">
<tr><td>
<img src="map50.gif" usemap="#theMap" border=0>
</td></tr>
</table>
</center>

<p>
Most spreadsheet programs and scientific electronic calculators
include matrix math functions.
You might wish to investigate whatever you have.
But for these exercises,
try to do the work "in your head" in order
to internalize the process.
</p>

<blockquote>
"It is important to practice the
... procedure for multiplying matrices until it becomes
automatic.  Also, you should be able to pick out
immediately the row of <b>A</b> and the column of <b>B</b>
that combine to give a particular entry in  <b>AB</b>." <sup>1</sup>
</blockquote>

<p>
<small>1. Ben Noble and James Daniel, <em>Applied Linear Algebra</em>,
3rd., Prentice-Hall, 1988.
</small>
</p>

</LESSON>

<QUESTION>
<p>
Is it always true that <b>AB</b> = <b>BA</b>?
</p>
</CAI>


<!-- ------------------------------------------------------------------------ -->
<!-- ------------------------------------------------------------------------ -->
<!-- ------------------------------------------------------------------------ -->
<CAI>Not Commutative
<p>
Is it always true that <b>AB</b> = <b>BA</b>?
</p>
<ANSWER>
<p>
<span class="red"><b>NO!</b></span> &nbsp; 
Even when both
products can be formed they are rarely equal.
</p>
</ANSWER>

<LESSON>
<p>
For example, calculate both of the following products
(you might wish to use paper and pencil):
</p>

<SCRIPT LANGUAGE="JavaScript">
<!-- Hide from old browsers
var answers = new Array(3)
answers[1] = "mtrx03-60c.gif"
answers[2] = "mtrx03-61c.gif"

function LoadImage( ans, spot )
{
  document.images[spot].src = answers[ ans ]
}
// Stop Hiding -->
</SCRIPT>

<center>
<table border="1" bordercolor="brown" cellpadding="7" bgcolor="white" >
<tr bgcolor="tan"><th>Problem</th><th>Think First</th><th>Result</th></tr>
<tr><td align="center"><img src="mtrx03-60a.gif">  </td>
    <td align="center"><form><input type="button" value=" Answer "    onClick="LoadImage(1,4)"></form></td>
    <td align="center"><img src="mtrx03-60b.gif"></td></tr>

<tr><td align="center"><img src="mtrx03-61a.gif">  </td>
    <td align="center"><form><input type="button" value=" Answer "    onClick="LoadImage(2,6)"></form></td>
    <td align="center"><img src="mtrx03-61b.gif"></td></tr>
</table>
</center>

<INDEX>matrix-matrix product, non-commutative</INDEX>
<p>
This shows that in general for matrices <b>A</b> and <b>B</b>, &nbsp; <b>AB</b> &ne; <b>BA</b>.
</p>
<br>

</LESSON>

<QUESTION>
<p>
Is  <b>A</b><sub>4&#215;4</sub> <b>0</b><sub>4&#215;4</sub> &nbsp;=&nbsp; <b>0</b><sub>4&#215;4</sub> <b>A</b><sub>4&#215;4</sub>,
&nbsp; where <b>0</b> is the zero matrtix?
</p></QUESTION>

</CAI>

<!-- ------------------------------------------------------------------------ -->
<!-- ------------------------------------------------------------------------ -->
<!-- ------------------------------------------------------------------------ -->
<CAI>More Practice
<ANSWER>
<p>
Yes, &nbsp; <b>A</b><sub>4&#215;4</sub> <b>0</b><sub>4&#215;4</sub> &nbsp; = &nbsp; 
<b>0</b><sub>4&#215;4</sub> <b>A</b><sub>4&#215;4</sub> &nbsp; = &nbsp; 
<b>0</b><sub>4&#215;4</sub>
</p>
<p>
For <u>some</u> matrices <b>AB</b>  &nbsp;=&nbsp;  <b>BA</b>.&nbsp;
But not in general.
</p>
</ANSWER>

<LESSON>

<INDEX>matrix-matrix product, zero matrix</INDEX>
<p>
Usually people write <b>A0 = 0A = 0</b> where it is assumed
that the zero matrix has the correct dimensions to make the 
multiplication possible.
</p>

<p>
It would be good at this point to practice matrix multipliction.
The goal is to interalize the idea so that it becomes one of your
active concepts, not a faintly recalled notion you have to look up
each time.
</p>

<p>
In the following, 
mentally (or on paper) multiply the two matrices.
Click on the "=" button to check your answer.
Change elements in <b>A</b> and <b>B</b>
and work the problem again.
To change an element, replace the contents of a cell
and then click outside of the cell.
</p>

<script language="JavaScript">
function blankC()
{
  var theform = document.forms[0]
  theform.txtC11.value=" "
  theform.txtC12.value=" "
  theform.txtC21.value=" "
  theform.txtC22.value=" "
}

function multMatsAB()
{
  var theform = document.forms[0]
  theform.txtC11.value=parseFloat(theform.txtA11.value)*parseFloat(theform.txtB11.value)+parseFloat(theform.txtA12.value)*parseFloat(theform.txtB21.value)
  theform.txtC12.value=parseFloat(theform.txtA11.value)*parseFloat(theform.txtB12.value)+parseFloat(theform.txtA12.value)*parseFloat(theform.txtB22.value)
  theform.txtC21.value=parseFloat(theform.txtA21.value)*parseFloat(theform.txtB11.value)+parseFloat(theform.txtA22.value)*parseFloat(theform.txtB21.value)
  theform.txtC22.value=parseFloat(theform.txtA21.value)*parseFloat(theform.txtB12.value)+parseFloat(theform.txtA22.value)*parseFloat(theform.txtB22.value)
}
</script>

<center>
<form name="myForm">
<table cellpadding="8" class="layout">

<tr><th colspan=4>A</th> <th colspan=4>B</th> <th>=</th> <th colspan=4>C</th></tr>
<tr>
  <td rowspan=2><img src="lparen50.gif"></td>
  <td><input type=text name=txtA11 value=1 size=2 onFocus="value=' '" onChange="blankC()"></td>
  <td><input type=text name=txtA12 value=2 size=2 onFocus="value=' '" onChange="blankC()"></td>
  <td rowspan=2><img src="rparen50.gif"></td>
  <td rowspan=2><img src="lparen50.gif"></td>
  <td><input type=text name=txtB11 value=1 size=2 onFocus="value=' '" onChange="blankC()"></td>
  <td><input type=text name=txtB12 value=0 size=2 onFocus="value=' '" onChange="blankC()"></td>
  <td rowspan=2><img src="rparen50.gif"></td>
  <td rowspan=2><input type=button value="  =  " onClick="multMatsAB()"></td>
  <td rowspan=2><img src="lparen50.gif"></td>
  <td><input type=text name=txtC11 value=" " size=2></td>
  <td><input type=text name=txtC12 value=" " size=2></td>
  <td rowspan=2><img src="rparen50.gif"></td>
</tr>
<tr>
  <td><input type=text name=txtA21 value=-2 size=2 onFocus="value=' '" onChange="blankC()"></td>
  <td><input type=text name=txtA22 value=1  size=2 onFocus="value=' '" onChange="blankC()"></td>
  <td><input type=text name=txtB21 value=-2 size=2 onFocus="value=' '" onChange="blankC()"></td>
  <td><input type=text name=txtB22 value=1  size=2 onFocus="value=' '" onChange="blankC()"></td>
  <td><input type=text name=txtC21 value=" " size=2 onFocus="value=' '"></td>
  <td><input type=text name=txtC22 value=" "  size=2 onFocus="value=' '"></td>
</tr>
</table> 
</center>

<p>
Try some interesting problems, such as:
</p>

<table align="left" class="layout">

<tr>
  <td><img src="lparen30.gif"></td>
  <td><pre><font size=+1><b>
  
1  0
0  1
  </b></font></pre></td>
  <td><img src="rparen30.gif"></td>
  <td><img src="lparen30.gif"></td>
  <td><pre><font size=+1><b>
  
1  2
3  4
  </b></font></pre>
  </td>
  <td><img src="rparen30.gif"></td>
<td> &nbsp; &nbsp; = </td>
</tr>

</table>

<br clear="all" />
<table align="left" class="layout">
<tr>

  <td><img src="lparen30.gif"></td>

  <td><pre><font size=+1><b> 
  
1  2 
3  4
  </b></font></pre>
  </td>

  <td><img src="rparen30.gif"></td>

  <td><img src="lparen30.gif"></td>

  <td><pre><font size=+1><b>
  
1  0
0  1
  </b></font></pre></td>

  <td><img src="rparen30.gif"></td>

  <td>&nbsp; &nbsp; = </td>

</tr>
</table>

<br clear="all" />

</LESSON>

<QUESTION>
<p>
Do you suspect that &nbsp;c(<b>AB</b>) &nbsp;=&nbsp (c<b>A</b>)<b>B</b>
&nbspfor scalar (real number) c?
</p>
</QUESTION>

</CAI>


<!-- ------------------------------------------------------------------------ -->
<!-- ------------------------------------------------------------------------ -->
<!-- ------------------------------------------------------------------------ -->
<CAI>Scalar Factor
<ANSWER>
<p>
<span class="green"><b>YES</b></span> &nbsp;  &nbsp;c(<b>AB</b>) &nbsp;=&nbsp (c<b>A</b>)<b>B</b>
for scalar c.
</p>
</ANSWER>

<LESSON>
<INDEX>matrix-matrix product, scalar factor</INDEX>
<p>
Recall that c<b>A</b> means that every element of <b>A</b> is multiplied by c.
Here is a demonstration of the rule:
</p>

<blockquote>
<img src="mtrx03-70.gif" />
</blockquote>

<p>
Often a matrix-matrix multiplication can be simpified by factoring
one of the matrices.
See the question.
</p>
</LESSON>

<QUESTION>
<p>
Compute the following:
</p>
<blockquote>
<table align="left" class="layout">
<tr>
<td><img src="lparen60.gif"></td>
<td><pre><font size=+1><b>
10   0  20
20  40  10
 0  20  10
</b></font></pre></td>
<td><img src="rparen60.gif"></td>
<td><img src="lparen60.gif"></td>
<td><pre><font size=+1><b>
-2   2 
 1   1
 2  -2
</b></font></pre></td>
<td><img src="rparen60.gif"></td>
</tr>
</table>
</blockquote>
<br clear=all>

</QUESTION>

</CAI>


<!-- ------------------------------------------------------------------------ -->
<!-- ------------------------------------------------------------------------ -->
<!-- ------------------------------------------------------------------------ -->
<CAI>Associative
<ANSWER>

<table style="margin-left:0cm;">
<tr>
<td>
<table  style="margin-left:0cm;" align="left" >
<tr>
<td><img src="lparen60.gif"></td>
<td><pre><font size=+1><b>
10   0  20
20  40  10
 0  20  10
</b></font></pre></td>
<td><img src="rparen60.gif"></td>
<td><img src="lparen60.gif"></td>
<td><pre><font size=+1><b>
-2   2 
 1   1
 2  -2
</b></font></pre></td>
<td><img src="rparen60.gif"></td>
<td><b>=</td>
<td><b>
10
</b></td>
<td><img src="lparen60.gif"></td>
<td><pre><font size=+1><b>
1   0   2
2   4   1
0   2   1
</b></font></pre></td>
<td><img src="rparen60.gif"></td>
<td><img src="lparen60.gif"></td>
<td><pre><font size=+1><b>
-2   2 
 1   1
 2  -2
</b></font></pre></td>
<td><img src="rparen60.gif"></td>
</tr>
</table>
</tr>
</td>

<tr>
<td>  
<table  style="margin-left:0cm;" align="left">
<tr>
<td><b>=</b></td>
<td><b>10</b></td>
<td><img src="lparen60.gif"></td>
<td><pre><font size=+1><b>
2  -2
2   6
4   0
</b></font></pre></td>
<td><img src="rparen60.gif"></td>
<td><b>=</b></td>
<td><b>20</b></td>
<td><img src="lparen60.gif"></td>
<td><pre><font size=+1><b>
1  -1
1   3
2   0
</b></font></pre></td>
<td><img src="rparen60.gif"></td>
</tr>
</table>
</td>
</tr>  
</table>
</ANSWER>

<LESSON>

<p>
In the following, 
multiply the first two matrices together.
Click on the = to check your result.
Then multiply the result with the third matrix.
</p>
<center>
<form>
<table  border="1" bordercolor="brown" 
cellpadding="4" bgcolor="white"  style="margin-left:0cm;" >
<tr bgcolor="tan"><th>Problem</th><th>&nbsp;</th><th>Partial Result</th><th>&nbsp;</th><th>Result</th></tr>

<tr>
<td align=center>
  <table style="margin-left:0cm;" >
  <tr align=center valign=center>
  <td><img src="lparen40.gif"></td>
  <td><img src="lparen30.gif"></td>
  <td><pre><font size=+1>
  <b>
1  -1
2   3
  </b></font></pre></td>
  <td><img src="rparen30.gif"></td>
  <td><img src="lparen30.gif"></td>
  <td><pre><font size=+1>
  <b>
-2  1
 0  2
  </b></font></pre></td>
  <td><img src="rparen30.gif"></td>
  <td><img src="rparen40.gif"></td>
  <td><img src="lparen30.gif"></td>
  <td><pre><font size=+1>
  <b>
-1  0
 1  1
  </b></font></pre></td>
  <td><img src="rparen30.gif"></td>
  </tr>
  </table>

</td>

<td align="center">
    <input type="button" value=" = "    onClick="text1.value='-2 -1\n-4 8'">
</td>

<td align="center">
  <table style="margin-left:0cm;" >
  <tr align="center">
  <td><img src="lparen30.gif"></td>
  <td>
  <textarea name="text1" cols="8" rows=2>
? ?
? ?
  </textarea>
  </td>
  <td><img src="rparen30.gif"></td>
  <td><img src="lparen30.gif"></td>
  <td><pre><font size=+1>
    <b>
-1  0
 1  1
    </b></font></pre></td>
    <td><img src="rparen30.gif"></td>
  </table>
</td>


<td align="center">
    <input type="button" value=" = "    onClick="text2.value='1 -1\n12 8'">
</td>

<td align="center">
 <table style="margin-left:0cm;" >
   <tr align="center">
   <td><img src="lparen30.gif"></td>
   <td>
   <textarea name="text2" cols="8" rows=2>
? ?
? ?
   </textarea>
   </td>
   <td><img src="rparen30.gif"></td>
 </table>
</td>



</tr>

</table>
</form>
</center>

<p>
Now do the problem again, but this time
start with the last two
matrices.
</p>

<center>
<form>
<table border="1" bordercolor="brown" 
cellpadding="4" bgcolor="white"  style="margin-left:0cm;" >
<tr bgcolor="tan"><th>Problem</th><th>&nbsp;</th><th>Partial Result</th><th>&nbsp;</th><th>Result</th></tr>

<tr>
<td align=center>
  <table style="margin-left:0cm;" >
  <tr align=center valign=center>
  <td><img src="lparen30.gif"></td>
  <td><pre><font size=+1>
  <b>
 1  -1
 2   3
  </b></font></pre></td>
  <td><img src="rparen30.gif"></td>
  <td><img src="lparen40.gif"></td>
  <td><img src="lparen30.gif"></td>
  <td><pre><font size=+1>
  <b>
 -2  1
  0  2
  </b></font></pre></td>
  <td><img src="rparen30.gif"></td>
  <td><img src="lparen30.gif"></td>
  <td><pre><font size=+1>
  <b>
 -1  0
  1  1
  </b></font></pre></td>
  <td><img src="rparen30.gif"></td>
  <td><img src="rparen40.gif"></td>
  </tr>
  </table>

</td>

<td align="center">
    <input type="button" value=" = "    onClick="text1.value='3  1\n2  2'">
</td>

<td align="center">
  <table style="margin-left:0cm;" >
  <tr align="center">
  <td><img src="lparen30.gif"></td>
  <td><pre><font size=+1><b>
 1 -1
 2  3
</b></font></pre></td>
  <td><img src="rparen30.gif"></td>
  <td><img src="lparen30.gif"></td>
  <td>
  <textarea name="text1" cols="8" rows=2>
? ?
? ?
  </textarea>
  </td>
  <td><img src="rparen30.gif"></td>
  </table>
</td>


<td align="center">
    <input type="button" value=" = "    onClick="text2.value=' 1  -1\n12   8'">
</td>

<td align="center">
 <table style="margin-left:0cm;" >
   <tr align="center">
   <td><img src="lparen30.gif"></td>
   <td>
   <textarea name="text2" cols="8" rows=2>
 ? ?
 ? ?
   </textarea>
   </td>
   <td><img src="rparen30.gif"></td>
 </table>
</td>



</tr>

</table>
</form>
</center>

<INDEX>matrix-matrix product, associative</INDEX>

<p>
The final answer is the same for both ways of doing the problem.
This demonstates  that matrix multiplication is
<b>associative</b>:
</p>

<blockquote>
(<b>AB</b>)<b>C</b> &nbsp;=&nbsp; <b>A</b>(<b>BC</b>)
</blockquote>

<p>
Of course, the inner dimensions of <b>A</b> and <b>B</b>
must be the same, and the inner dimensions of <b>B</b> and <b>C</b>
must be the same.
Usually a product of three matrices is written <b>ABC</b>.
</p>

</LESSON>

<QUESTION>
<p>
Say that&nbsp; <b>A&nbsp;<sub>5&#215;5</sub>&nbsp; B&nbsp<sub>?&#215;?</sub> C&nbsp<sub>3&#215;4</sub></b> &nbsp;=&nbsp; <b>D&nbsp<sub>?&#215;?</sub></b>
</p>


<p>
What are the dimensions of <b>B</b> and <b>D</b> ?
</p>

</QUESTION>

</CAI>


<!-- ------------------------------------------------------------------------ -->
<!-- ------------------------------------------------------------------------ -->
<!-- ------------------------------------------------------------------------ -->
<CAI>Distributive Property
<ANSWER>
<p>
<b>A<sub>5&#215;5</sub> B<sub>5&#215;3</sub> C<sub>3&#215;4</sub></b> 
 &nbsp;=&nbsp <b>D<sub>5&#215;4</sub></b>.
</p>
</ANSWER>

<LESSON>


<script language="JavaScript">
function blankGHNPQ()
{
  var theform = document.forms[0]
  theform.txtG11.value=" "
  theform.txtG12.value=" "
  theform.txtG21.value=" "
  theform.txtG22.value=" "

  theform.txtH11.value=" "
  theform.txtH12.value=" "
  theform.txtH21.value=" "
  theform.txtH22.value=" "

  theform.txtN11.value=" "
  theform.txtN12.value=" "
  theform.txtN21.value=" "
  theform.txtN22.value=" "

  theform.txtP11.value=" "
  theform.txtP12.value=" "
  theform.txtP21.value=" "
  theform.txtP22.value=" "

  theform.txtQ11.value=" "
  theform.txtQ12.value=" "
  theform.txtQ21.value=" "
  theform.txtQ22.value=" "

}

function addUpMatsBC()
{
  var theform = document.forms[0]
  theform.txtG11.value=parseFloat(theform.txtB11.value)+parseFloat(theform.txtC11.value) 
  theform.txtG12.value=parseFloat(theform.txtB12.value)+parseFloat(theform.txtC12.value)
  theform.txtG21.value=parseFloat(theform.txtB21.value)+parseFloat(theform.txtC21.value)
  theform.txtG22.value=parseFloat(theform.txtB22.value)+parseFloat(theform.txtC22.value)
}

function addUpMatsNP()
{
  var theform = document.forms[0]
  theform.txtQ11.value=parseFloat(theform.txtN11.value)+parseFloat(theform.txtP11.value) 
  theform.txtQ12.value=parseFloat(theform.txtN12.value)+parseFloat(theform.txtP12.value)
  theform.txtQ21.value=parseFloat(theform.txtN21.value)+parseFloat(theform.txtP21.value)
  theform.txtQ22.value=parseFloat(theform.txtN22.value)+parseFloat(theform.txtP22.value)
}

function multMatsFG()
{
  var theform = document.forms[0]
  theform.txtH11.value=parseFloat(theform.txtF11.value)*parseFloat(theform.txtG11.value)+parseFloat(theform.txtF12.value)*parseFloat(theform.txtG21.value)
  theform.txtH12.value=parseFloat(theform.txtF11.value)*parseFloat(theform.txtG12.value)+parseFloat(theform.txtF12.value)*parseFloat(theform.txtG22.value)
  theform.txtH21.value=parseFloat(theform.txtF21.value)*parseFloat(theform.txtG11.value)+parseFloat(theform.txtF22.value)*parseFloat(theform.txtG21.value)
  theform.txtH22.value=parseFloat(theform.txtF21.value)*parseFloat(theform.txtG12.value)+parseFloat(theform.txtF22.value)*parseFloat(theform.txtG22.value)
}

function multMatsJK()
{
  var theform = document.forms[0]
  theform.txtN11.value=parseFloat(theform.txtJ11.value)*parseFloat(theform.txtK11.value)+parseFloat(theform.txtJ12.value)*parseFloat(theform.txtK21.value)
  theform.txtN12.value=parseFloat(theform.txtJ11.value)*parseFloat(theform.txtK12.value)+parseFloat(theform.txtJ12.value)*parseFloat(theform.txtK22.value)
  theform.txtN21.value=parseFloat(theform.txtJ21.value)*parseFloat(theform.txtK11.value)+parseFloat(theform.txtJ22.value)*parseFloat(theform.txtK21.value)
  theform.txtN22.value=parseFloat(theform.txtJ21.value)*parseFloat(theform.txtK12.value)+parseFloat(theform.txtJ22.value)*parseFloat(theform.txtK22.value)
}

function multMatsLM()
{
  var theform = document.forms[0]
  theform.txtP11.value=parseFloat(theform.txtL11.value)*parseFloat(theform.txtM11.value)+parseFloat(theform.txtL12.value)*parseFloat(theform.txtM21.value)
  theform.txtP12.value=parseFloat(theform.txtL11.value)*parseFloat(theform.txtM12.value)+parseFloat(theform.txtL12.value)*parseFloat(theform.txtM22.value)
  theform.txtP21.value=parseFloat(theform.txtL21.value)*parseFloat(theform.txtM11.value)+parseFloat(theform.txtL22.value)*parseFloat(theform.txtM21.value)
  theform.txtP22.value=parseFloat(theform.txtL21.value)*parseFloat(theform.txtM12.value)+parseFloat(theform.txtL22.value)*parseFloat(theform.txtM22.value)
}
</SCRIPT>

<p>
The distributive property deals with a matrix expression that contains both
matrix multiplication and matrix addition.
Go through the following steps to demonstrate the property.
</p>

<form name="myForm">

<p>
1. Perform the matrix addition. Click = to check your result under step 2, below.
</p>

<table cellpadding="3" class="layout">

<tr>
  <td rowspan=2><img src="lparen50.gif"></td>
  <td><input type=text name=txtA11 value=1 size=2 onFocus="value=' '" onChange="blankGHNPQ();txtF11.value=txtA11.value;txtJ11.value=txtA11.value;txtL11.value=txtA11.value"></td>
  <td><input type=text name=txtA12 value=2 size=2 onFocus="value=' '" onChange="blankGHNPQ();txtF12.value=txtA12.value;txtJ12.value=txtA12.value;txtL12.value=txtA12.value"></td>
  <td rowspan=2><img src="rparen50.gif"></td>
  <td rowspan=2><img src="lparen80.gif"></td>
  <td rowspan=2><img src="lparen50.gif"></td>
  <td><input type=text name=txtB11 value=1 size=2 onFocus="value=' '" onChange="blankGHNPQ();txtK11.value=txtB11.value"></td>
  <td><input type=text name=txtB12 value=0 size=2 onFocus="value=' '" onChange="blankGHNPQ();txtK12.value=txtB12.value"></td>
  <td rowspan=2><img src="rparen50.gif"></td>
  <td rowspan=2>+</td>
  <td rowspan=2><img src="lparen50.gif"></td>
  <td><input type=text name=txtC11 value=0 size=2 onFocus="value=' '" onChange="blankGHNPQ();txtM11.value=txtC11.value"></td>
  <td><input type=text name=txtC12 value=2 size=2 onFocus="value=' '" onChange="blankGHNPQ();txtM12.value=txtC12.value"></td>
  <td rowspan=2><img src="rparen50.gif"></td>
  <td rowspan=2><img src="rparen80.gif"></td>
  <td rowspan=2><input type=button value="  =  " onClick="addUpMatsBC()"></td>
</tr>
<tr>
  <td><input type=text name=txtA21 value=-2 size=2 onFocus="value=' '" onChange="blankGHNPQ();txtF21.value=txtA21.value;txtJ21.value=txtA21.value;txtL21.value=txtA21.value"></td>
  <td><input type=text name=txtA22 value=1  size=2 onFocus="value=' '" onChange="blankGHNPQ();txtF22.value=txtA22.value;txtJ22.value=txtA22.value;txtL22.value=txtA22.value"></td>
  <td><input type=text name=txtB21 value=-2 size=2 onFocus="value=' '" onChange="blankGHNPQ();txtK21.value=txtB21.value"></td>
  <td><input type=text name=txtB22 value=1  size=2 onFocus="value=' '" onChange="blankGHNPQ();txtK22.value=txtB22.value"></td>
  <td><input type=text name=txtC21 value=-2 size=2 onFocus="value=' '" onChange="blankGHNPQ();txtM21.value=txtC21.value"></td>
  <td><input type=text name=txtC22 value=1  size=2 onFocus="value=' '" onChange="blankGHNPQ();txtM22.value=txtC22.value"></td>
</tr>
</table> 


<p>
2. Multiply the two matrices. Click "=" to see the final result.
</p>


<table cellpadding="3"  class="layout">

<tr>
  <td rowspan=2><img src="lparen50.gif"></td>
  <td><input type=text name=txtF11 value=1 size=2></td>
  <td><input type=text name=txtF12 value=2 size=2></td>
  <td rowspan=2><img src="rparen50.gif"></td>
  <td rowspan=2><img src="lparen50.gif"></td>
  <td><input type=text name=txtG11 value=" " size=2></td>
  <td><input type=text name=txtG12 value=" " size=2></td>
  <td rowspan=2><img src="rparen50.gif"></td>
  <td rowspan=2><input type=button value="  =  " onClick="multMatsFG()"></td>
  <td rowspan=2><img src="lparen50.gif"></td>
  <td><input type=text name=txtH11 value=" " size=2></td>
  <td><input type=text name=txtH12 value=" " size=2></td>
  <td rowspan=2><img src="rparen50.gif"></td>
</tr>
<tr>
  <td><input type=text name=txtF21 value=-2 size=2></td>
  <td><input type=text name=txtF22 value=1 size=2></td>
  <td><input type=text name=txtG21 value=" " size=2></td>
  <td><input type=text name=txtG22 value=" " size=2></td>
  <td><input type=text name=txtH21 value=" " size=2></td>
  <td><input type=text name=txtH22 value=" " size=2></td>
</tr>
</table> 

<p>
3. Now, work the problem again in a different order.
First form the product of the left matrix with each of the other two.
</p>

<table cellpadding="3"  class="layout">

<tr>
  <td rowspan=2><img src="lparen50.gif"></td>
  <td><input type=text name=txtJ11 value=1 size=2></td>
  <td><input type=text name=txtJ12 value=2 size=2></td>
  <td rowspan=2><img src="rparen50.gif"></td>

  <td rowspan=2><img src="lparen50.gif"></td>
  <td><input type=text name=txtK11 value=1 size=2></td>
  <td><input type=text name=txtK12 value=0 size=2></td>
  <td rowspan=2><img src="rparen50.gif"></td>

  <td rowspan=2>+</td>

  <td rowspan=2><img src="lparen50.gif"></td>
  <td><input type=text name=txtL11 value=1 size=2></td>
  <td><input type=text name=txtL12 value=2 size=2></td>
  <td rowspan=2><img src="rparen50.gif"></td>

  <td rowspan=2><img src="lparen50.gif"></td>
  <td><input type=text name=txtM11 value=0 size=2></td>
  <td><input type=text name=txtM12 value=2 size=2></td>
  <td rowspan=2><img src="rparen50.gif"></td>

  <td rowspan=2><input type=button value="  =  " onClick="multMatsJK();multMatsLM()"></td>
</tr>
<tr>
  <td><input type=text name=txtJ21 value= -2 size=2></td>
  <td><input type=text name=txtJ22 value=1 size=2></td>
  <td><input type=text name=txtK21 value=-2 size=2></td>
  <td><input type=text name=txtK22 value=1 size=2></td>
  <td><input type=text name=txtL21 value= -2 size=2></td>
  <td><input type=text name=txtL22 value=1 size=2></td>
  <td><input type=text name=txtM21 value=-2 size=2></td>
  <td><input type=text name=txtM22 value=1 size=2></td>
</tr>
</table> 

<p>
4. Finally, add up the two products.
</p>

<table cellpadding="3"  class="layout">

<tr>
  <td rowspan=2><img src="lparen50.gif"></td>
  <td><input type=text name=txtN11 value=" " size=2></td>
  <td><input type=text name=txtN12 value=" " size=2></td>
  <td rowspan=2><img src="rparen50.gif"></td>

  <td rowspan=2>+</td>

  <td rowspan=2><img src="lparen50.gif"></td>
  <td><input type=text name=txtP11 value=" " size=2></td>
  <td><input type=text name=txtP12 value=" " size=2></td>
  <td rowspan=2><img src="rparen50.gif"></td>

  <td rowspan=2><input type=button value="  =  " onClick="addUpMatsNP()"></td>

  <td rowspan=2><img src="lparen50.gif"></td>
  <td><input type=text name=txtQ11 value=" " size=2></td>
  <td><input type=text name=txtQ12 value=" " size=2></td>
  <td rowspan=2><img src="rparen50.gif"></td>
</tr>
<tr>
  <td><input type=text name=txtN21 value=" " size=2></td>
  <td><input type=text name=txtN22 value=" " size=2></td>
  <td><input type=text name=txtP21 value=" " size=2></td>
  <td><input type=text name=txtP22 value=" " size=2></td>
  <td><input type=text name=txtQ21 value=" " size=2></td>
  <td><input type=text name=txtQ22 value=" " size=2></td>
</tr>
</table> 

</form>




<INDEX>matrix-matrix product, distributive</INDEX>
<p> 
Both results are the same, demonstrating
that matrix multiplication is distributive over matrix addition:
</p>

<blockquote>
<b>A</b>(<b>B + C</b>) = <b>AB</b> + <b>AC</b>
</blockquote>

<p>
It is also true that
</p>
<blockquote>
(<b>X + Y</b>)<b>Z</b> = <b>XZ</b> + <b>YZ</b>
</blockquote>

<p>
For more practice, change the elements in the 
matrices of step 1 (only), and then work the problem again.
When you make changes, replace the contents of a cell
with an integer and click outside of the cell
to make the change.
</p>
</LESSON>

<QUESTION>
<p>
Calculate the following:
</p>

<blockquote>
<table align="left" style="margin-left:0cm;background-color: transparent">
<tr>
<td><img src="lparen50.gif"></td>
<td><pre><font size=+1><b>
cos w      1 
    0  sin w
</b></font></pre>
</td>
<td><img src="rparen50.gif"></td>
</tr>
</table>

<table align="left" style="margin-left:0cm; background-color: transparent">
<tr>
<td><img src="lparen50.gif"></td>
<td><pre><font size=+1><b>
x    2 
1    y
</b></font></pre>
</td>
<td><img src="rparen50.gif"></td>
</tr>
</table>

</blockquote>
<br clear=all>

</QUESTION>

</CAI>


<!-- ------------------------------------------------------------------------ -->
<!-- ------------------------------------------------------------------------ -->
<!-- ------------------------------------------------------------------------ -->
<CAI>Summary of Rules (so far)
<ANSWER>

<table align=left style="margin-left:0cm">
<tr>
<td><img src="lparen50.gif"></td>
<td><pre><font size=+1><b>
cos(w)     1 
    0  sin(w)
</b></font></pre>
</td>
<td><img src="rparen50.gif"></td>
</tr>
</table>

<table align=left style="margin-left:0cm">
<tr>
<td><img src="lparen50.gif"></td>
<td><pre><font size=+1><b>
x    2 
1    y
</b></font></pre>
</td>
<td><img src="rparen50.gif"></td>
<td> &nbsp;=&nbsp; </td>
</tr>
</table>

<table align=left style="margin-left:0cm">
<tr>
<td><img src="lparen50.gif"></td>
<td><pre><font size=+1><b>
x&sdot;cos(w)+1   2&sdot;cos(w) + y
  sin(w)   y&sdot;sin(w)
</b></font></pre>
</td>
<td><img src="rparen50.gif"></td>
</tr>
</table>

<br clear="all" />

<p>
Although most of our examples have used
integers, don't forget that
matrix elements can be real numbers or
variables.
</p>
</ANSWER>

<LESSON>
<p>
Here is a list of rules that this chapter has discussed.
Each rule assumes that the matrices can be multiplied
(their dimensions match correctly).
Click on a rule to review the page that discusses it.
</p>

<blockquote>

<dl>
<dt>
<GOTO>matrix product, dimensions</GOTO>when product can be formed
</dt>
<dd>
if <b>A</b><sub>M&#215;K</sub> <b>B</b><sub>K&#215;N</sub> = <b>C</b>, then <b>C</b> = <b>C</b><sub>M&#215;N</sub></li>
</dd>
</dl>

<dl>
<dt>
<GOTO>matrix-matrix product, non-commutative</GOTO>Not Commutative:
</dt>
<dd>
<b>AB</b> =/= <b>BA</b>, except rarely. </li>
</dd>
</dl>

<dl>
<dt>
<GOTO>matrix-matrix product, associative</GOTO>Associative:
</dt>
<dd>
<b>A(BC)</b> = <b>(AB)C</b> = <b>ABC</b>
</dd>
</dl>

<dl>
<dt>
<GOTO>matrix-matrix product, scalar factor</GOTO>Scalar factor:
</dt>
<dd>
a(<b>AB</b>) = (a<b>A</b>)<b>B</b> = a<b>A</b><b>B</b> = <b>A</b>(a<b>B</b>)
</dd>
</dl>

<dl>
<dt>
<GOTO>matrix-matrix product, distributive</GOTO>Distributive:
</dt>
<dd>
<b>A</b>( <b>B</b> + <b>C</b>) = <b>AB</b> + <b>AC</b>
</dd>
</dl>

<dl>
<dt>
<GOTO>matrix-matrix product, distributive</GOTO>Distributive:
</dt>
<dd>
(<b>A</b> + <b>B</b>)<b>C</b> = <b>AC</b> + <b>BC</b>
</dd>
</dl>

<dl>
<dt>
<GOTO>matrix-matrix product, zero matrix</GOTO>Multiplication by zero:
</dt>
<dd>
<b>0A</b> =  <b>0</b>, &nbsp; for the zero matrix &nbsp; <b>0</b> 
</dd>
</dl>

</blockquote>

<p>
You have reached the end of this chapter.
The next chapter will discuss further properties of matrix-matrix
multiplication.
</p>

</CAI>
</CHAPTER>

