<?xml version="1.0" standalone="yes" ?>

<!--  July   22, 2003  bpk   extensive editing  -->
<!--  July   22, 2009  bpk   many small changes, mostly formatting  -->

<CHAPTER>
<!-- ------------------------------------------------------------------------ -->
<!-- ------------------ Vector Lessons Chapter 4 ---------------------------- -->
<!-- ------------------------------------------------------------------------ -->


<COPYRIGHTDATE>2009</COPYRIGHTDATE>
<COPYRIGHTHOLDER>Bradley Kjell</COPYRIGHTHOLDER> 
<AUTHORNAME>kjell at ieee dot org </AUTHORNAME>
<HOMEFILE>../vectorIndex.html#04</HOMEFILE>
<STYLESHEET>../vectorStyle.css</STYLESHEET>


<CAI>CHAPTER 4 &#8212; Vector Length

<p>
<small>created 08/26/97;  revised 08/10/00; 07/22/03; 07/22/09</small>
</p>

<LESSON>
<p>
This chapter discusses the <b>length</b> of vectors
and how length is computed using the column matrix
representation of vectors.
The next chapter will discuss another vector property, <b>direction</b>.
Vectors of all dimensions have length and direction.
But to make the discussion easier to visualize most
of the examples in this chapter use vectors in 2D space.
</p>

<ul>
<li>Length of 2D and 3D vectors</li>
<li>Pythagorean formula</li>
<li>Calculating the length of a vector from its column matrix representation</li>
<li>Length of the zero vector</li>
<li>Length of a negated vector</li>
</ul>

</LESSON>

<QUESTION>

<div align="center">
<img src="length0.gif" width="217" height="217" border="2" alt="Vectors aligned with axes" />
</div>

<p>
What do you suppose is the length of the vector
represented by:
&nbsp; (3, 0)<sup>T</sup> &nbsp; ?
</p>
</QUESTION>
</CAI>


<!-- ------------------------------------------------------------------------ -->
<!-- ------------------------------------------------------------------------ -->
<!-- ------------------------------------------------------------------------ -->
<CAI>Vectors Aligned with X-Y Axes
<p>
What do you suppose is the length of the vector
represented by:
</p>

<pre>
(3, 0)<sup>T</sup>
</pre>

<ANSWER>
<p>
It seems plausible that the length is 3 units.
</p>
</ANSWER>

<LESSON>
<INDEX>length, of vector aligned with axis</INDEX>

<div align="center">
<img src="length1.gif" width="217" height="217" border="2" alt="Vectors aligned with axes" />
</div>

<p>
When a 2D vector is aligned with the x axis,
the column matrix that represents it
has a non-zero value in the first element, and
zero for the second element.
</p>

<p>
The green vector is represented by: (3, 0)<sup>T</sup>.
It is easy to determine its length &#8212; the length is the value 
of the single non-zero element.
</p>

<p>
Vector <b>a</b> 
(the blue vector in the diagram)
is aligned with the y axis.
Its matrix is <nobr>(0, 4)<sup>T</sup></nobr>.
</p>

<br clear="all" />


</LESSON>
<QUESTION>
<p>
What is the length of <b>a</b>?
</p>
</QUESTION>
</CAI>



<!-- ------------------------------------------------------------------------ -->
<!-- ------------------------------------------------------------------------ -->
<!-- ------------------------------------------------------------------------ -->
<CAI>Pythagorean Formula
<ANSWER>
<p>
<b>a</b> = (0,4)<sup>T</sup> is aligned with the Y axis.
Its length, 4 units, can be read off the diagram.
</p>
</ANSWER>

<LESSON>

<INDEX>pythagorean formula</INDEX>

<div align="center">
<img src="length2.gif" width="217" height="217" border="2" alt="Pythagorean Formula" />
</div>

<p>
Of course, vectors have no fixed location, so vector <b>a</b> 
can be drawn anywhere.
The diagram shows the vectors of length 3 and 4, and with a new
vector, <b>h</b>.
</p>

<p>
The length of vector <b>h</b>
is harder to figure out.
But not much harder, especially if you know about "3, 4, 5 right triangles."
The three vectors can be arranged into a right triangle with
<b>h</b> as the 
hypotenuse. <!-- correct spelling confirmed -->
The other  sides are 3 and 4,
so the length of <b>h</b> is 5.
</p>


<p>
You probably know the Pythagorean Formula:
</p>

  <blockquote>
  <table border="1" bgcolor="white" cellpadding="15" bordercolor="tan">
  <tr><td>
  (length of hypoteneuse)<sup>2</sup> &nbsp; &nbsp; &nbsp; = &nbsp;  
  &nbsp; &nbsp; &nbsp; (length of first side)<sup>2</sup> &nbsp; + &nbsp; (length of second side)<sup>2</sup> 
  </td></tr>
  </table>
  </blockquote>

<p>
Using this with a right triangle with sides of 3 and 4:
</p>

  <blockquote>
  <table border bgcolor="white" cellpadding="15" bordercolor="tan">
  <tr><td>
  (length of hypoteneuse)<sup>2</sup> &nbsp; = &nbsp; 3<sup>2</sup> + 4<sup>2</sup><br><br>

  (length of hypoteneuse)<sup>2</sup> &nbsp; = &nbsp; 9 + 16 = 25<br><br>

  (length of hypoteneuse) &nbsp; = &nbsp; 5
  </td></tr>
  </table>
  </blockquote>

<br clear="all" />


</LESSON>
<QUESTION>
<p>
What is the length of the hypoteneuse of a right triangle
whose two sides are 6 and 8?
</p>
</QUESTION>
</CAI>



<!-- ------------------------------------------------------------------------ -->
<!-- ------------------------------------------------------------------------ -->
<!-- ------------------------------------------------------------------------ -->
<CAI>Formula for Vector Length
<p>
What is the length of the hypoteneuse of a right triangle
whose two sides are 6 and 8?
</p>

<ANSWER>
<pre>
length<sup>2</sup> &nbsp; = &nbsp; 6<sup>2</sup> + 8<sup>2</sup>
length<sup>2</sup> &nbsp; = &nbsp; 36 + 64 = 100
length  &nbsp; = &nbsp; 10
</pre>
</ANSWER>


<LESSON>

<div align="center">
<img src="length3.gif"  width="217" height="217" border="2" vspace="10" alt="3, 4, 5 Right Triangle" />
</div>

<INDEX>length, of a vector</INDEX>

<p>
The formula for the length of a 2D vector
is the Pythagorean Formula.
Say that the vector is represented by
&nbsp; <nobr>(x, y)<sup>T</sup></nobr>. &nbsp;
Put the vector
with its tail at the origin.
Now make a triangle by drawing the two sides:
</p>

<pre>
side_1  &nbsp;=&nbsp; (x, 0)<sup>T</sup>

side_2  &nbsp;=&nbsp;(0, y)<sup>T</sup>.
</pre>

<p>
The length of side_1 is x, and the length of side_2 is y, so:
</p>

  <blockquote>
  <table border="1" bgcolor="white" cellpadding="20" bordercolor="tan">
  <tr><td>
    length (x, y)<sup>T</sup> &nbsp; = &nbsp; <img src="sqrt.gif" align="bottom" height="18" width="10" /> ( x<sup>2</sup> + y<sup>2</sup> )
  </td></tr>
  </table>
  </blockquote>

<p>
In this formula, 
<img src="sqrt.gif" align="bottom" height="18" width="10" /> &#160; 
means the positive square root.
We don't (of course) want the length to be negative.
</p>

</LESSON>
<QUESTION>
<p>
What is the length of the vector represented by 
&nbsp; ( 4, 3 )<sup>T</sup> &nbsp; &nbsp; ?
</p>
</QUESTION>
</CAI>



<!-- ------------------------------------------------------------------------ -->
<!-- ------------------------------------------------------------------------ -->
<!-- ------------------------------------------------------------------------ -->
<CAI>Symbol for Vector Length
<ANSWER>
<p>
The length is 5.0. 
You could use the formula, or by realize that this is another 3-4-5
right triangle.
</p>
</ANSWER>

<LESSON>
<INDEX>length, of vector, formula</INDEX>

<p>
The formula works for vectors aligned with the axes:
</p>

<pre>
length of( (8,0)<sup>T</sup> ) &nbsp; = &nbsp; <img src="sqrt.gif" align="bottom" height="18" width="10" alt="Sqrt" />( 8*8 + 0*0 ) = 8
</pre>

<p>
It is awkward to keep saying "length of ( )."
There is a symbol for this:
</p>

<pre>
length of ( <b>a</b> )  &nbsp; = &nbsp; <b>| a |</b>
</pre>

<p>
Your browser might not show this well.
The symbol <b>a</b> has a vertical bar on each side.
Sometimes books use two vertical bars on each side.
Using the new notation:
</p>

<pre>
| (x, y)<sup>T</sup> | &nbsp; = &nbsp; <img src="sqrt.gif" align="bottom" height="18" width="10" alt="Sqrt" />( x<sup>2</sup> + y<sup>2</sup> )
</pre>

</LESSON>

<QUESTION>
<p>
If  &nbsp; <b>g</b> &nbsp; = &nbsp; (1, 1)<sup>T</sup>, &nbsp;  
what is  &nbsp; <b>| g |</b> &nbsp; ?
</p>
</QUESTION>
</CAI>



<!-- ------------------------------------------------------------------------ -->
<!-- ------------------------------------------------------------------------ -->
<!-- ------------------------------------------------------------------------ -->
<CAI>Demonstration the Triangle Inequality
<p>
If  &nbsp; <b>g</b> &nbsp; = &nbsp; (1, 1)<sup>T</sup>, &nbsp;  
what is  &nbsp; <b>| g |</b> &nbsp; ?
</p>

<ANSWER>
<p>
Plugging into the formula: 
</p>

<pre>
<b>| g |</b> &nbsp; = &nbsp; <img src="sqrt.gif" align="bottom" height="18" width="10" alt="Sqrt" />( 1<sup>2</sup> + 1<sup>2</sup> )

&nbsp; = &nbsp; <img src="sqrt.gif" align="bottom" height="18" width="10" alt="Sqrt" />2.0

&nbsp; = &nbsp; 1.414213562373
</pre>

<p>
Notice that the length is NOT 1.0, nor 2.0.
People sometimes make that mistake.
</p>
</ANSWER>


<LESSON>

<INDEX>triangle inequality, example</INDEX>

<div align="center">
<img src="length4.gif" width="217" height="217" border="2" alt="Triangle Inequality"  />
</div>

<p>
Remember from the previous chapter that the length of the sum of two vectors
is less than or equal to the sum of the lengths of the two vectors:
</p>

  <table border=1" bgcolor="white" cellpadding="15" bordercolor="tan">
  <tr><td>
   length of ( <b>u</b> + <b>v</b> )  &nbsp;&lt;=&nbsp;  length of ( <b>u</b> ) + length of ( <b>v</b> )
  </td></tr>
  </table>



<p>
In our new notation:
</p>


  <table border="1" bgcolor="white" cellpadding="15" bordercolor="tan">
  <tr><td>
  <b>| u</b> + <b>v |</b>  &nbsp;&lt;= &nbsp; <b>| u |</b> + <b>| v |</b>
  </td></tr>
  </table>

<p>
Consider the vectors represented by:
</p>

<pre>
<b>u &nbsp; = &nbsp; (3, 4)<sup>T</sup></b> 
<b>v &nbsp; = &nbsp; (3, -4)<sup>T</sup></b> 
<b>w &nbsp; = &nbsp; u + v = (6, 0)<sup>T</sup></b> 
</pre>

<p>
The picture shows how the triangle inequality works for this example.
But does it work numerically?
</p>


</LESSON>


<QUESTION>
<p>
What is 
<b>| u |</b>,
<b>| v |</b>, and
<b>| w |</b> ?
</p>

</QUESTION>
</CAI>



<!-- ------------------------------------------------------------------------ -->
<!-- ------------------------------------------------------------------------ -->
<!-- ------------------------------------------------------------------------ -->
<CAI>Another Example
<ANSWER>
<pre>
<b>u</b> &nbsp; = &nbsp; (3, 4)<sup>T</sup>
<b>|u|</b> = 5

<b>v</b> &nbsp; = &nbsp; (3, -4)<sup>T</sup>
<b>|v|</b> = 5

<b>w</b>  &nbsp; = &nbsp; <b>u + v</b>  = (6, 0)<sup>T</sup>
<b>|w|</b> = 6
</pre>

<p>
And 6 &lt; 5 + 5, demonstrating that <b>| u</b> + <b>v |</b> &lt;= <b>| u |</b> + <b>| v |</b>
</p>
</ANSWER>

<LESSON>

<p>
That was too easy.
Usually vector elements are not convenient
integer values.
Here are some vectors,
represented by column matrices with decimal fractions in their elements:
</p>

<pre>
<b>q &nbsp; = &nbsp; (2.2, 3.6)<sup>T</sup></b>
<b>r &nbsp; = &nbsp; (-4.8, -2.2)<sup>T</sup></b>
<b>s &nbsp; = &nbsp; q + r</b>
</pre>

<div align="center">
<img src="length5.gif" width="217" height="217" border="2" alt="s = q+r" />
</div>


<p>
Of course, the Pythagorean formula still applies, but you will need a calculator to use it.
</p>

<pre>
<b>| (x, y)<sup>T</sup> |</b> &nbsp; = &nbsp; <img src="sqrt.gif" height="18" width="10" alt="Sqrt" />( x<sup>2</sup> + y<sup>2</sup> )
</pre>

</LESSON>
<QUESTION>
<p>
What are the lengths of the vectors? 
</p>

<pre>
<b>| q |</b> = 

<b>| r |</b> =

<b>| s |</b> =
</pre>
</QUESTION>
</CAI>



<!-- ------------------------------------------------------------------------ -->
<!-- ------------------------------------------------------------------------ -->
<!-- ------------------------------------------------------------------------ -->
<CAI>Length of 3D Vectors

<pre>
<b>q</b> &nbsp; = &nbsp; (2.2, 3.6)<sup>T</sup>
<b>r</b> &nbsp; = &nbsp; (-4.8, -2.2)<sup>T</sup>
<b>s</b> &nbsp; = &nbsp; q + r
</pre>

<ANSWER>

<table cellpadding=5>
<tr>
<td><b>| q |</b></td>
<td>&nbsp; = &nbsp;</td><td><img src="sqrt.gif" align="bottom" height="18" width="10" alt="Sqrt" />( 2.2*2.2 + 3.6*3.6 )</td>
<td>&nbsp; = &nbsp;</td><td><img src="sqrt.gif" align="bottom" height="18" width="10" alt="Sqrt" />( 4.84 + 12.96 ) </td>
<td>&nbsp; = &nbsp;</td><td><img src="sqrt.gif" align="bottom" height="18" width="10" alt="Sqrt" /> 17.8 </td>
<td>&nbsp; = &nbsp;</td><td> 4.219 </td>
</tr>

<tr>
<td><b>| r |</b></td>
<td>&nbsp; = &nbsp;</td><td><img src="sqrt.gif" align="bottom" height="18" width="10" alt="Sqrt" />( -4.8* -4.8 + -2.2 * -2.2 )</td>
<td>&nbsp; = &nbsp;</td><td><img src="sqrt.gif" align="bottom" height="18" width="10" alt="Sqrt" />(  23.04 + 4.84 )</td>
<td>&nbsp; = &nbsp;</td><td><img src="sqrt.gif" align="bottom" height="18" width="10" alt="Sqrt" /> 27.88 </td>
<td>&nbsp; = &nbsp;</td><td> 5.280 </td>
</tr>

<tr>
<td><b>| s |</b></td>
<td>&nbsp; = &nbsp;</td><td><img src="sqrt.gif" align="bottom" height="18" width="10" alt="Sqrt" />( -2.6 *  -2.6 + 1.4*1.4 )</td>
<td>&nbsp; = &nbsp;</td><td><img src="sqrt.gif" align="bottom" height="18" width="10" alt="Sqrt" />( 6.76 + 1.96 )</td> 
<td>&nbsp; = &nbsp;</td><td><img src="sqrt.gif" align="bottom" height="18" width="10" alt="Sqrt" /> 8.72 </td>
<td>&nbsp; = &nbsp;</td><td> 2.953 </td>
</tr>
</table>

<p>
As expected, <b>| s |</b> is less than <b>| q |</b> + <b>| r |</b>.
</p>
</ANSWER>

<LESSON>
<INDEX>length, of 3D vectors</INDEX>

<p>
Three dimensional vectors have length.
The formula is about the same.
The length of a vector represented by a three-component matrix is:
</p>


  <table border="1" bgcolor="whit"e cellpadding="18" bordercolor="tan">
  <tr><td>
  <big>| (x, y, z)<sup>T</sup> |&nbsp; = &nbsp;<img src="sqrt.gif" align="bottom" height="18" width="10" alt="Sqrt" />( x<sup>2</sup> + y<sup>2</sup> + z<sup>2</sup>)</big>
  </td></tr>
  </table>

<p>
For example:
</p>

<pre>
| (1, 2, 3)<sup>T</sup> | &nbsp; = &nbsp;<img src="sqrt.gif" height="18" width="10" align="bottom" alt="Sqrt"/>( 1<sup>2</sup> + 2<sup>2</sup> + 3<sup>2</sup> )

&nbsp; = &nbsp;<img src="sqrt.gif" align="bottom" height="18" width="10" alt="Sqrt" />( 1 + 4 + 9 )&nbsp; = &nbsp;<img src="sqrt.gif" align="bottom" height="18" width="10" alt="Sqrt" />14 &nbsp; = &nbsp; 3.742
</pre>

</LESSON>

<QUESTION>
<p>
What is the length of &nbsp; <nobr>(2, -4, 4)<sup>T</sup></nobr>
</p>

<p>
What is the length of &nbsp; <nobr>(-1, -2, 3)<sup>T</sup></nobr>
</p>
</QUESTION>
</CAI>



<!-- ------------------------------------------------------------------------ -->
<!-- ------------------------------------------------------------------------ -->
<!-- ------------------------------------------------------------------------ -->
<CAI>Geometrical Vectors

<ANSWER>
<pre>
| (2, -4, 4)<sup>T</sup> | &nbsp; =  &nbsp; <img src="sqrt.gif" align="bottom" height="18" width="10" alt="Sqrt" />( 2 * 2 &nbsp;  +  &nbsp; -4 * -4  &nbsp; +  &nbsp; 4 * 4)

  &nbsp;  =  &nbsp; <img src="sqrt.gif" align="bottom" height="18" width="10" alt="Sqrt" />( 4+ 16 + 16 ) &nbsp;  =  &nbsp; <img src="sqrt.gif" align="bottom" height="18" width="10" alt="Sqrt" />36  &nbsp;  =  &nbsp;  6
  
</pre>

<pre>
| (-1, -2, 3)<sup>T</sup> | &nbsp; =  &nbsp; <img src="sqrt.gif" align="bottom" height="18" width="10" alt="Sqrt" />( -1 * -1 &nbsp;  +  &nbsp; -2 * -2  &nbsp; +  &nbsp; 3 * 3)

  &nbsp;  =  &nbsp; <img src="sqrt.gif" align="bottom" height="18" width="10" alt="Sqrt" />( 1 + 4 + 9 ) &nbsp;  =  &nbsp; <img src="sqrt.gif" align="bottom" height="18" width="10" alt="Sqrt" />14  &nbsp;  =  &nbsp;  3.742
</pre>

<p>
Squaring the elements of the vector results in a sum of all positive values,
ensuring a positive (or zero) value for length.
</p>
</ANSWER>


<LESSON>

<INDEX>length, vector</INDEX>

<p>
Keep in mind that vectors are geometrical objects:
a length and a direction in space.
Vectors are <u>represented</u> with column matrices.
The formulas for length that have been presented in this chapter
assume that a coordinate frame is being used and that the
vectors are represented with column matrices in that frame.
</p>

<p>
Your graphics text book will discuss how <em>homogeneous coordinates</em>
are used to represent vectors.
That method uses <nobr>4-component</nobr> column matrices to represent vectors in
three dimensions.
Calculating the length of a vector represented in that manner will call for
a slight modification of the formulas discussed here.
</p>

<p>
Don't worry terribly about that now.
Details will come soon enough.
But do take the time to become comfortable about the idea that
column matrices such as we have been using 
are not the only way to represent vectors,
and that length is a property of the vector, 
not of the column matrix that represents it.
</p>


</LESSON>
<QUESTION>
<p>
Is the distinction between an object and its representation 
of any importance in computer science?
</p>
</QUESTION>
</CAI>



<!-- ------------------------------------------------------------------------ -->
<!-- ------------------------------------------------------------------------ -->
<!-- ------------------------------------------------------------------------ -->
<CAI>More Practice
<p>
Is the distinction between an object and its representation 
of any importance in computer science?
</p>
<ANSWER>

<p>
Yes, it is one of the most important ideas in computer science.
</p>
</ANSWER>


<LESSON>


<p>
It would be good to practice that idea.  
The diagram shows a vector and
two coordinate frames; a light gray frame
and an orange frame.
</p>

<center>
<img src="length6.gif" width="335" height="330" border="2" />
</center>

<p>
In the light gray frame the vector is represented
by </nobr><b>(8, 6)<sup>T</sup></b></nobr>.
In the orange frame the vector is represented
by </nobr><b>(9.8, 2)<sup>T</sup></b></nobr>.
Say that the axes of both frames are calibrated using the
same units (inches, for example).
</p>

<p>
Using the first representation the length of the vector is:
</p>

<pre>
<img src="sqrt.gif" align="bottom" height="18" width="10" alt="Sqrt" />( 8<sup>2</sup> + 6<sup>2</sup> ) 

&nbsp; = &nbsp; <img src="sqrt.gif" align="bottom" height="18" width="10" alt="Sqrt" />( 64 + 36 )

&nbsp; = &nbsp; <img src="sqrt.gif" align="bottom" height="18" width="10" alt="Sqrt" />( 100 )

&nbsp; = &nbsp; 10.0
</pre>

<p>
Using the second representation the length of the vector is:
</p>

<pre>
<img src="sqrt.gif" align="bottom" height="18" width="10" alt="Sqrt" />( 9.8<sup>2</sup> + 2<sup>2</sup> ) 

&nbsp; = &nbsp; <img src="sqrt.gif" align="bottom" height="18" width="10" alt="Sqrt" />( 96 + 4 )

&nbsp; = &nbsp; <img src="sqrt.gif" align="bottom" height="18" width="10" alt="Sqrt" />( 100 )

&nbsp; = &nbsp; 10.0
</pre>

</LESSON>
<QUESTION>
<p>
If you calculate the length of a vector and get a negative number,
what must be true?
</p>
</QUESTION>
</CAI>



<!-- ------------------------------------------------------------------------ -->
<!-- ------------------------------------------------------------------------ -->
<!-- ------------------------------------------------------------------------ -->
<CAI>Length is Zero or Positive
<ANSWER>
<p>
Your calculator needs new batteries.
</p>
</ANSWER>

<LESSON>

<INDEX>length, vector, always positive or zero</INDEX>
<p>
Since the square of length is a sum of squares, and squares (of real numbers)
are zero or positive, length must always be zero or positive.
</p>

<pre>
<b>|a|</b>  =  | (a<sub>1</sub>, a<sub>2</sub>,  a<sub>3</sub> )<sup>T</sup> |

     =  <img src="sqrt.gif" align="bottom" height="18" width="10" alt="Sqrt" />( a<sub>1</sub><sup>2</sup> + a<sub>2</sub><sup>2</sup> + a<sub>3</sub><sup>2</sup> )
     
    &gt;= 0
</pre>

<p>
The only time the length of a 3D vector is zero is when the vector is the
zero vector.
In all coordinate frames the 3D zero vector is represented by:
</p>

<pre>
<b>0</b> =  (0, 0, 0)<sup>T</sup>
</pre>


<p>
So its length is:
</p>

<pre>
<b>|0|</b>  =  <img src="sqrt.gif" align="bottom" height="18" width="10" alt="Sqrt" /> ( 0<sup>2</sup> + 0<sup>2</sup> +  0<sup>2</sup> ) =   0
</pre>

<p>
Of course, the length of the 2D zero vector is also zero, and it is
the only 2D vector with zero length.
</p>

</LESSON>

<QUESTION>
<p>
Thought questions: 
</p>

<ul>
<li>Will two vectors that are equal to each other have the same length?</li>
<li>Will two vectors that have the same length always be equal to each other?</li>
</ul>
</QUESTION>
</CAI>

<!-- ------------------------------------------------------------------------ -->
<!-- ------------------------------------------------------------------------ -->
<!-- ------------------------------------------------------------------------ -->
<CAI>Length of the Negative of a Vector
<ANSWER>
<ul>
<li>Will two vectors that are equal to each other have the same length?
    <ul><li> -- <span class="green"><b>YES</b></span>, since corresponding elements must
           be equal, so corresponding squares must be equal, so the sum must be equal, 
           so the length must be equal.</li></ul></li>
<li>Will two vectors that have the same length always be equal to each other?
    <ul><li> -- <span class="red"><b>NO</b></span>.  It is possible for the sum of the squared
           elements to be equal without the elements themselves being equal.</li></ul></li>
</ul>
</ANSWER>
<LESSON>

<p>
If <b>v</b> is a vector, then <b>-v</b> is a vector pointing in the
opposite direction.
</p>

<p>
If <b>v</b> is represented by  (a, b, c)<sup>T</sup>
then <b>-v</b> is represented by (-a, -b, -c)<sup>T</sup>.
 </p>



</LESSON>
<QUESTION>
<p>
What is the relation between the length of <b>v</b> and the
length of <b>-v</b>?
</p>
</QUESTION>
</CAI>



<!-- ------------------------------------------------------------------------ -->
<!-- ------------------------------------------------------------------------ -->
<!-- ------------------------------------------------------------------------ -->
<CAI>Opposite Direction
<p>
What is the relation between the length of <b>v</b> and the
length of <b>-v</b>?
</p>
<ANSWER>
<p>
<b>| v |</b> = <b>| -v |</b>
</p>
</ANSWER>


<LESSON>
<INDEX>length, of negated vector</INDEX>

<img src="length7.gif" align="right" border=2 width=217 height=217>

<p>
You can see this mechanically:
</p>

<pre>
| v | = |(a, b, c)<sup>T</sup>| = <img src="sqrt.gif" align="bottom" height="18" width="10" alt="Sqrt" />( a<sup>2</sup> + b<sup>2</sup> + c<sup>2</sup>)

|-v | = |(-a, -b, -c)<sup>T</sup>|

      =  <img src="sqrt.gif" align="bottom" height="18" width="10" alt="Sqrt" />( -a<sup>2</sup> + -b<sup>2</sup> + -c<sup>2</sup> )

      =  <img src="sqrt.gif" align="bottom" height="18" width="10" alt="Sqrt" />( a<sup>2</sup> + b<sup>2</sup> + c<sup>2</sup> )
</pre>

<p>
The diagram shows this graphically (in two dimensions).
</p>

<p>
You would like to say that the two vectors are the same length, 
but point in opposite directions.
In fact, you <em>can</em> say that.
The next chapter will give you the authority to do so.
</p>

</LESSON>
<QUESTION>
<p>
What is the length of the vector represented by (1, -1, 1)<sup>T</sup> &nbsp; &nbsp; ?
</p>
</QUESTION>
</CAI>



<!-- ------------------------------------------------------------------------ -->
<!-- ------------------------------------------------------------------------ -->
<!-- ------------------------------------------------------------------------ -->
<CAI>End of this Lengthy Chapter
<p>
What is the length of the vector represented by (1, -1, 1 )<sup>T</sup>&nbsp; &nbsp; ?
</p>
<ANSWER>
<p>
<img src="sqrt.gif" align="bottom" height="18" width="10" alt="Sqrt" />( 1<sup>2</sup> + -1<sup>2</sup> + 1<sup>2</sup>)
= <img src="sqrt.gif" align="bottom" height="18" width="10" alt="Sqrt" />3 
</p>
</ANSWER>

<LESSON> 
<p>
Here are some terms and formulae you may wish to review at length:
<ul>

<li>
<GOTO>length, of vector aligned with axis</GOTO> Length of a 2D vector parallel with a coordinate axis.
</li>

<li>
<GOTO>pythagorean formula</GOTO> Pythagorean Formula.
</li>

<li>
<GOTO>length, of a vector</GOTO> Formula for 2D vector length (first version.)
</li>

<li>
<GOTO>length, of vector, formula</GOTO> Formula for 2D vector length (second version.)
</li>

<li>
<GOTO>triangle inequality, example</GOTO> The triangle inequality.
</li>

<li>
<GOTO>length, of 3D vectors</GOTO> Formula for 3D vector length.
</li>

<li>
<GOTO>length, vector, always positive or zero</GOTO> Length is always positive or zero.
</li>

<li>
<GOTO>length, of negated vector</GOTO> Length of the negative of a vector.
</li>

</ul>


</CAI>

</CHAPTER>
