<?xml version="1.0" standalone="yes" ?>

<!-- July 18, 2003  bpk   revision  -->
<!-- Oct  06, 2005  bpk   small changes  -->

<CHAPTER>

<!-- ------------------------------------------------------------------------ -->
<!-- ------------------ Vector Lessons Chapter 1 ---------------------------- -->
<!-- ------------------------------------------------------------------------ -->

<COPYRIGHTDATE>2009</COPYRIGHTDATE>
<COPYRIGHTHOLDER>Bradley Kjell</COPYRIGHTHOLDER> 
<AUTHORNAME>Bradley Kjell kjell at ieee dot org </AUTHORNAME>
<HOMEFILE>../vectorIndex.html#01</HOMEFILE>
<STYLESHEET>../vectorStyle.css</STYLESHEET>

<CAI> CHAPTER 1 &#8212; Vectors, Points, and Column Matrices

<p>
<small>created 08/19/97; revised 08/01/00; 09/14/00; 07/19/03; 07/19/09</small>
</p>

</ANSWER>
<LESSON>

<p>
This chapter discusses the objects of computer graphics&#8212;vectors and points&#8212;and
how they are represented in a computer&#8212;as column matrices.
A column matrix is a mathematical object that has many uses besides its use
in computer graphics.
These notes discuss only how they are used in computer graphics.
</p>

<h4>Chapter Topics:</h4>
<ul>
<li>Computer graphics as modeling and viewing</li>
<li>Geometrical points and vectors</li>
<li>Column and row matrices</li>
<li>Calculating displacements</li>
<li>Equality of column matrices</li>
<li>Names for column matrices</li>
<li>Representing points with column matrices</li>
</ul>

<p>
Geometical points and vectors are essential in computer graphics.
They must be represented in a way that is easy to manipulate.
A <b>column matrix</b> is the usual choice for this.
</p>

<p>
Some graphics books use the term <em>column vector</em> for the
object that these notes call a <em>column matrix.</em>  
This is just a variation in terminology and does not
affect the concepts or formulas presented here.
</p>

<p>
A worse problem is that some books use row matrices.
Column matrices and row matrices are equivalent,
but equations written using row matrices
are not the same as
those written using column matrices.
The differences are easy to adjust for,
but annoying.
</p>

</LESSON>
<QUESTION>
<p>
(Review of Chapter 0: ) What two types of geometrical objects are represented
with column matrices?
</p>

</QUESTION>

</CAI>


<CAI>Virtual Tourist

<ANSWER>
<p>
(1) Points, and (2) Vectors.
</p>

</ANSWER>
<LESSON>

<INDEX>computer graphics, activities</INDEX>
<p>
Computer graphics consists of two activities: (1) Creating an imaginary
world inside a computer, and (2) producing two dimensional images of that
world from various viewpoints.
A graphics program is like a tourist wandering through a fantastic
landscape taking pictures with a camera.
With computer animation, the virtual tourist 
is equipped with a movie camera.
</p>

<p>
The imaginary landscape is built of objects in three dimensional space.
Each object is defined by the points and lines that
lie on its surface.
Here, for example, is a   winter landscape
(done by Tuan Phan):
</p>

<center>
<img src="snowmanWire.jpg" alt="wireframe snowscape" />
</center>

<p>
The model consists of points and the line segments
that connect them.
To make a realistic picture,
more work is needed to fill
in the area between line segments 
and to apply lighting.
</p>

</LESSON>
<QUESTION>
<p>
Can a sphere be modeled with points and lines?
</p>

</QUESTION>

</CAI>

<CAI>Complete Picture

<ANSWER>
<p>
Sure.
Look at the body of the snowman.
When the polygons are filled in the shape looks like a sphere.
</p>

</ANSWER>
<LESSON>

<p>
Here is the complete picture,
with polygons filled and lighting applied
(and a bit of snow tossed in):
</p>

<center>
<img src="snowmanSolid.jpg" alt="complete snowscape" />
</center>

<p>
With 3D computer graphics packages
(such as OpenGL),
you can ask for models of spheres, cylinders, and cones
and place them in your scene where you want.
OpenGL will also automatically fill in the polygons
and apply a lighting model to produce realistic shading.
</p>

</LESSON>
<QUESTION>
<p>
Could our virtual tourist wander into the virtual
snowscape and take a different picture?
</p>

</QUESTION>

</CAI>

<CAI>Another Virtual Snapshot

<ANSWER>
<p>
Yes. 
</p>

</ANSWER>
<LESSON>
<p>
The model of the snowscape puts various objects in
a 3D space.
Our virtual tourist could 
wander over to the right of the snowman 
and make another 2D picture with the virtual camera.
The picture below was produced with the same model and lighting,
  but with a different camera placement.
</p>


<center>
<img src="snowmanSolid2.jpg" alt="another view of the snowscape" />
</center>

<br clear="all" />

<p>
&#160;
</p>

</LESSON>
<QUESTION>
<p>
(Review of Chapter 0: ) What is a point?
</p>

</QUESTION>

</CAI>

<CAI>Vector

<ANSWER>
<p>
A <b>point</b> is a location in space.
</p>

</ANSWER>
<LESSON>

<INDEX>point</INDEX>

<img src="cube.gif" align="right" hspace="25" vspace="25" alt="Cube, back face displaced from front face" />


<p>
In geometry, a <b>point</b> is a location in space.
A point does not have any size, its only property is location.
In computer graphics, a point is usually the vertex of
a 3D figure.
</p>

<INDEX>vector</INDEX>
<p>
A geometrical <b>vector</b> has two properties: 
length and direction.
A vector does not have a fixed location in space.
If it did, it would be a line segment.
It seems odd to talk about something that does
not have a location
but this makes 3D computer graphics easier.
</p>

<INDEX>vector</INDEX>
<INDEX>displacement</INDEX>
<p>
This combination of "distance and direction"
is sometimes called a <b>displacement</b>.
Often the same displacement (i.e. just one displacement)
is applied to each of several points.
For example,
consider a cube.
The front face contains four vertices (four points).
If you move the same distance and direction from
each of these points you reach the four vertices of
the back face.
</p>

<p>
The "same distance and direction" is a vector, 
shown here as a line with an arrow head.
The diagram shows this one vector four times, once for
each point of the face.
</p>
<br clear="all" />

</LESSON>
<QUESTION>

<div align="center">
<img src="beach.gif" alt="spring break" />
</div>

<p>
Say that it is Spring Break
and you are at the beach and the Sun is shining down.
Is the light from the Sun shining down in the same
direction for everyone on the beach?
</p>

<br clear="all" />
<br />

</QUESTION>

</CAI>


<CAI>Column Matrix

<ANSWER>
<p>
Yes.  The "direction to the Sun" is the same for everyone
on the beach.  It is a vector.
</p>

</ANSWER>
<LESSON>

<p>
Sometimes (as in the question) we are interested only
in direction, not location, nor length.
Use a vector for this.
Its length does not matter.
Often it will be given a length of one.
</p>

<INDEX>column matrix</INDEX>

<p>
A geometric vector may be represented with
a list of numbers called a <b>column matrix</b>.
A column matrix is an ordered list of numbers
written in a column.
Here is an example of a column matrix:
</p>

<blockquote>
<img src="colMat01.gif" alt="column matrix" />
</blockquote>

<p>
Each number of the column matrix is called an <b>element</b>.
The numbers are <em>real numbers</em>.
The number of elements in a vector is called its <b>dimension</b>.
A <b>row matrix</b> is an ordered list of numbers
written in a row.
Here is an example of a row matrix:
</p>

<pre>
(12.5, -9.34)
</pre>


<p>
To be consistent,
our vectors will always be represented with
column matrices.
Some books represent vectors with
row matrices,
which makes no fundamental difference,
but slightly changes some mathematical formulas.
</p>

</LESSON>
<QUESTION>
<form>
<p>
How many elements are in each column matrix?
</p>

<table border="1" bordercolor="blue" cellpadding="15" bgcolor="white">

<tr align=center><th>Column<br> Matrix</th>
                 <td valign=top><img src="colMat01.gif" alt="column matrix" /></td> 
                 <td valign=top><img src="colMat02.gif" alt="column matrix" /></td>
                 <td valign=top><img src="colMat03.gif" alt="column matrix" /></td>
</tr>
<tr align=center><th>Dimension        </th>
                 <td valign=top><input type=button name=b0 value=".  ?  ." onClick="b0.value='  3  '"></td>
                 <td valign=top><input type=button name=b1 value=".  ?  ." onClick="b1.value='  4  '"></td>
                 <td valign=top><input type=button name=b2 value=".  ?  ." onClick="b2.value='  4  '"></td>
</tr>
</table>

</form>

<br />
</QUESTION>

</CAI>


<!-- ------------------------------------------------------------------------ -->
<!-- ------------------------------------------------------------------------ -->
<!-- ------------------------------------------------------------------------ -->
<CAI>Variables as Elements
<ANSWER>
<table border="1" bordercolor="blue" cellpadding="15" bgcolor="white">

<tr align=center><th>Column<br> Matrix</th>
                 <td valign=top><img src="colMat01.gif" alt="column matrix" /></td> 
                 <td valign=top><img src="colMat02.gif" alt="column matrix" /></td>
                 <td valign=top><img src="colMat03.gif" alt="column matrix" /></td>

</tr>                 
<tr align=center><th>Dimension        </th>
                 <td>3</td>                   
                 <td>4</td>                   
                 <td>4</td>                   
</tr>
</table>

<LESSON> 

<p>
The elements of a column matrix can be <em>variables</em>:
</p>

<table cellpadding="30" border="1">
<tr align=center>
                 <td valign=top><img src="colMat04.gif"></td> 
                 <td valign=top><img src="colMat05.gif"></td>
                 <td valign=top><img src="colMat06.gif"></td>
</tr>
</table>

<p>
The first element in a column matrix is sometimes given the
index "0", and sometimes "1".
</p>

</LESSON>
<QUESTION>

<table cellpadding="4" class="layout">
<tr valign="center">
<td>Is the column matrix</td>
<td><img align=center src="colMat01.gif"></td>
<td> the same as the column matrix</td> 
<td><img align="center" src="colMat07.gif"></td><td>?</td></tr>
</table>

<br />

</QUESTION>

</CAI>


<!-- ------------------------------------------------------------------------ -->
<!-- ------------------------------------------------------------------------ -->
<!-- ------------------------------------------------------------------------ -->
<CAI>Convenient Printing of Column Matrices

<table cellpadding=4>
<tr valign="center">
<td>Is the column matrix</td>
<td><img align=center src="colMat01.gif"></td>
<td> the same as the column matrix</td> 
<td><img align=center src="colMat07.gif"></td><td>?</td></tr>
</table>

<ANSWER>
<p>
No. A column matrix is an <u>ordered</u> list of numbers.
This means that each position of the column matrix contains a particular number
(or variable.)
</p>

<LESSON> 

<p>
Column matrices are awkward in printed text.
It is common to print a column matrix like this:
</p>

<blockquote><pre>
(2.9, -4.6, 0.0)<sup>T</sup>
</pre></blockquote>

<INDEX>transpose, of a column matrix</INDEX>
<p>
The "T" stands for <b>transpose</b>,
which means to change rows into columns
(later on a more elaborate definition of  "transpose"  will be needed.)
</p>

</LESSON>
<QUESTION>
<p>
Is (1.2, -3.9, 0.0) equal to (1.2, -3.9, 0.0)<sup>T</sup> 
</p>

</QUESTION>

</CAI>
<!-- ------------------------------------------------------------------------ -->
<!-- ------------------------------------------------------------------------ -->
<!-- ------------------------------------------------------------------------ -->
<CAI>Matrix Equality
<p>
Is ( 1.2, -3.9, 0.0 ) equal to ( 1.2, -3.9, 0.0 )<sup>T</sup> 
</p>
<ANSWER>
<p>
No.  The first matrix is a row matrix, and the second matrix is
a column matrix (printed in a row, but the "T" means it is really a column matrix).
Row matrices and column matrices are different types of objects,
and cannot be equal.
</p>

</ANSWER>
<LESSON>
<p>
Your previous courses may not have distinguished between row matrices and
column matrices.
They may 
not have made it clear that
<em>geometric vectors</em> are different 
from the <em>column matrices</em> that represent them.
These differences
may seem picky at the moment,
but keeping them straight will
help you get through the difficult material to come.
</p>

<INDEX>equality, column matrix</INDEX>

<p>
Here is what it takes for two column matrices to be equal:
</p>

<ol>
<li>Both matrices must be column matrices.</li>
<li>Both must have the same dimension (number of elements).</li>
<li>Corresponding elements of the matrices must be equal</li>
</ol>

<INDEX>equality, row  matrix</INDEX>
<p>
Here is what it takes for two row matrices to be equal:
</p>

<ol>
<li>Both matrices must be row matrices.</li>
<li>Both must have the same dimension (number of elements).</li>
<li>Corresponding elements of the matrices must be equal</li>
</ol>


</LESSON>
<QUESTION>
<p>

Are the following row matrices equal?
</p>

<pre>
( 8.0, -1.63, 7.0, 0.0  )

( 8.0, -1.63, 7.0, 1.0  )
</pre>


</QUESTION>

</CAI>
<!-- ------------------------------------------------------------------------ -->
<!-- ------------------------------------------------------------------------ -->
<!-- ------------------------------------------------------------------------ -->

<CAI>Picky Distinctions
<ANSWER>
<p>
No.
</p>

</ANSWER>
<LESSON>
<p>
Only matrices of the same  type can be compared.
You can compare two three-dimensional column matrices,
or two four-dimensional row matrices, and so on.
It makes no sense to compare a three-dimensional row matrix to a three-dimensional
column matrix.
For example:
</p>

<big>
<table cellpadding="5" class="layout">
<tr><td>( 6, 8, 12, -3 )<sup>T</sup>   </td><td> =</td><td>   ( 6, 8, 12, -3 )<sup>T</sup></td></tr>
<tr><td>( 6, 8, 12, -3 )               </td><td> =</td><td>   ( 6, 8, 12, -3 )</td></tr>
<tr><td>( 6, 8, 12, -3 )               </td><td>&ne;</td><td> ( -2.3, 8, 12, -3 )</td></tr>
<tr><td>( 6, 8, 12, -3 )<sup>T</sup>   </td><td>&ne;</td><td> ( 6, 8, 12, -3 )</td></tr>
<tr><td>( 6, 8, 12, -3 )<sup>T</sup>   </td><td>&ne;</td><td> ( 6, 8, 12 )<sup>T</sup> </td></tr>
</table>
</big>

<p>
The character &ne; is "not equal" (may be hard to see with a web browser). 
Sometimes the rules are relaxed and one gets a little sloppy about the
distinction between row matrices and column matrices.
But keeping the distinction clear will avoid future confusion.
</p>

</LESSON>
<QUESTION>
<p>

Are the following column matrices equal?
</p>

<pre>
( 1.53, -0.03, 9.03, 0.0, +8.64 )<sup>T</sup>

( 1.53, -0.03, 9.03, 1.0, -8.64 )<sup>T</sup>
</pre>


</QUESTION>

</CAI>

<!-- ------------------------------------------------------------------------ -->
<!-- ------------------------------------------------------------------------ -->
<!-- ------------------------------------------------------------------------ -->

<CAI>Names for Matrices 
<ANSWER>
<p>
No.
</p>

</ANSWER>
<LESSON>

<INDEX>matrix, names</INDEX>

<p>
It is useful to have names for 
matrices.
Usually a
bold lower case letter is used
for a column or a row matrix:
</p>

<big>
<pre>
<strong>a</strong> = ( 1.2, -3.6 )

<strong>x</strong> = ( x<sub>1</sub>, x<sub>2</sub>, x<sub>3</sub>, x<sub>4</sub> )

<strong>r</strong> = ( r<sub>0</sub>, r<sub>1</sub> )<sup>T</sup>
</pre>
</big>

<p>
It is conventional to use names from the start of the alphabet for column
matrices whose elements we know (like <strong>a</strong> above),
and to use names from the end of the alphabet for column matrices whose elements
are variables.
</p>

<p>
Often the names of column matrix elements are subscripted versions of the
name of the whole column matrix (like column matrix <strong>r</strong> 
and its elements r<sub>0</sub> and r<sub>1</sub>).
</p>


<p>
Bold face is hard to do with pencil or chalk,
so instead an arrow or a bar is placed over the
name:
</p>

<pre>
_    -&gt;
x    x
</pre>

</LESSON>
<QUESTION>
<p>
Say that you know:
</p>

<pre>
<strong>x</strong> =  ( x<sub>1</sub>, x<sub>2</sub> )
<strong>y</strong> =  ( 3.2, -8.6 )
<strong>x</strong> =  <strong>y</strong> 
</pre>

<p>
What must be true about  <tt>x<sub>1</sub><tt> and <tt>x<sub>2</sub><tt>?
</p>

</QUESTION>

</CAI>


<!-- ------------------------------------------------------------------------ -->
<!-- ------------------------------------------------------------------------ -->
<!-- ------------------------------------------------------------------------ -->
<CAI>Column Matrices representing Vectors
 

<pre>
<strong>x</strong> =  ( x<sub>1</sub>, x<sub>2</sub> )
<strong>y</strong> =  ( 3.2, -8.6 )
<strong>x</strong> =  <strong>y</strong> 
</pre>
 
<ANSWER>
<pre>
x<sub>1</sub> =  3.2, and x<sub>2</sub> =  -8.6
</pre>

</ANSWER>
<LESSON>


<INDEX>point, represented as column matrix</INDEX>
<INDEX>vector, represented as column matrix</INDEX>

<p>
Column matrices
are used to represent vectors and also used to represent points.
In two dimensions, the same data type (two dimensional column matrices)
is used to represent two different types of geometrical objects
(points and vectors).
This is awkward.
Later on, this situation will be corrected.
</p>


<img src="grid01.gif" align="right" border="2" hspace="10">
<p>
The figure shows a
displacement vector representing
the difference between two points
in the x-y plane.
(For now, the examples are in two dimensional space;
three dimensional space will come later).
</p>

<ul>
<li> point A: x=2, y=1. &nbsp; As a column matrix: (2, 1)<sup>T</sup></li>
<li> point B: x=7, y=3. &nbsp; As a column matrix: (7, 3)<sup>T</sup></li>
</ul>

<p>
Computing the displacement from A to B can be done as two separate problems:
<p>

<ul>
<li>The x displacement is the difference in the X values: 7-2 = 5</li>
<li>The y displacement is the difference in the Y values: 3-1 = 2</li>
</ul>

<p>
The displacement vector expressed as a matrix is:
</p>

<blockquote>
<b>d</b> = (5, 2)<sup>T</sup>
</blockquote>

<p>
Displacement vectors are often visualized as an arrow connecting
two points.
In the diagram point A is the tail of the vector and point B is the
tip of the vector.
(However, recall that vectors do not have a position,
so this is just a convenient place to draw it,
not where it is.)
</p>


<br clear="all" />

</LESSON>
<QUESTION>
<p>
The column matrix <strong>d</strong> represents the displacement
vector from point A to point B.
What  column matrix represents displacement from point B to point A?
</p>

</QUESTION>

</CAI>


<!-- ------------------------------------------------------------------------ -->
<!-- ------------------------------------------------------------------------ -->
<!-- ------------------------------------------------------------------------ -->
<CAI>Displacement

<ANSWER>
<p>
The displacement from point B to point A is:
</p>

<ul>
<li>The x displacement: 2-7 = -5</li>
<li>The y displacement: 1-3 = -2</li>
</ul>

<p>
So the column matrix representing the displacement is:
</p>

<pre>
e = (-5, -2)<sup>T</sup>
</pre>

</ANSWER>
<LESSON>

<INDEX>displacement, formula</INDEX>

<img src="grid02.gif" border="2" hspace="10" align="right" />

<p>
When the points are visited in the opposite order, the
displacement vector
points in the opposite direction.
In the column matrix
each element is -1 times
the old value.
</p>

<p>
The displacement from A to B is different from the displacement from B to A.
Think of displacement as "directions on how to walk from one point
to another."
So, if you are standing on point A and wish to get to point B,
the displacement (5, 2)<sup>T</sup> says "walk 5 units in the positive X direction,
then walk 2 unit in the positive Y direction."
</p>

<p>
Of course, to get from point B to point A you need different directions:
the displacement (-5, -2)<sup>T</sup> says "walk 5 units in the 
<em>negative</em> X direction,
then walk 2 unit in the <em>negative</em> Y direction,"
which puts you back on point A.
</p>

<p>
The displacement from point <b>Start</b> to point <b>Finish</b> :
</p>

<pre>
displacement = (Finish x - Start x , Finish y - Start y)<sup>T</sup>
</pre>

<br clear="all" />

</LESSON>

<QUESTION>
<p>
Say that point C is  &nbsp; x=4, y=2 &nbsp;  and that point D is &nbsp; x=3, y= 5 .
&nbsp;What column matrix represents the displacement from C to D?
</p>

</QUESTION>

</CAI>

<!-- ------------------------------------------------------------------------ -->
<!-- ------------------------------------------------------------------------ -->
<!-- ------------------------------------------------------------------------ -->
<CAI>Reading Displacements from Graph Paper
<p>
Say that point C is  &nbsp; x=4, y=2 &nbsp;  and that point D is &nbsp; x=3, y= 5 .
&nbsp;What column matrix represents the displacement from C to D?
</p>
<ANSWER>

<ul>
<li>Finish X - Start X = 3 - 4 = -1</li>
<li>Finish Y - Start Y = 5 - 2 = 3</li>
</ul>

<p>
So the column matrix is ( -1, 3 )<sup>T</sup>
</p>

</ANSWER>
<LESSON>

<p>
The first diagram shows
a vector between two points.
The numerical values can be read off of the
graph by counting the number of squares from the tail of the vector
to the tip: (-3, 5)<sup>T</sup>.
</p>

<center>
<table cellpadding="10" class="layout">
<tr>
<td>
<img src="grid03.gif" border="2" alt="Vector between two Points" />

</td>

<td>
&nbsp;
</td>

<td>
<img src="grid04.gif" border="2" alt="Vector between two Points" />

</td>
</tr>
<tr><th>First Diagram</th>
<td>
&nbsp;
</td>
<th>Second Diagram</th></tr>
</table>
</center>


<br clear="all" />
</LESSON>
<QUESTION>
<p>
Do that with the second diagram. What is the displacement from E to F?
</p>

</QUESTION>

</CAI>


<!-- ------------------------------------------------------------------------ -->
<!-- ------------------------------------------------------------------------ -->
<!-- ------------------------------------------------------------------------ -->
<CAI>Checking the Answer
<ANSWER>
<p>
(7, 3)<sup>T</sup>
</p>

</ANSWER>
<LESSON>

<p>
To check your answer, start at the beginning point
and follow the directions: walk 7 in X, then walk 3 in Y.
If your answer is correct, you end up at the ending point.
</p>

<center>
<table cellpadding="10" class="layout">
<tr>
<td>
<img src="grid04.gif" border="2" alt="Vector between two Points" />>

</td>
<td>
&nbsp;
</td>
<td>
<img src="grid05.gif" border="2" alt="Vector between two Points" />>

</td>
</tr>
</table>
</center>


<br clear="all" />

</LESSON>
<QUESTION>
<p>
What is the displacement from point G, (-3, 4)<sup>T</sup> 
to point H, (5, -2)<sup>T</sup> &nbsp;?
</p>

</QUESTION>

</CAI>

<!-- ------------------------------------------------------------------------ -->
<!-- ------------------------------------------------------------------------ -->
<!-- ------------------------------------------------------------------------ -->
<CAI>Vectors Don't have a Location

<ANSWER>

<p>
Subtracting values of the start G from corresponding values of the finish H
gives: (8, -6)<sup>T</sup>
</p>

</ANSWER>
<LESSON>

<p>
Now calculate the displacement from M to N in the diagram on the right.
Subtracting values of the start N from corresponding values of the finish M
gives: (8, -6)<sup>T</sup>.
This is the same as for the first diagram.
</p>

<p>
Geometrically,
the displacement vector from G to H is
the same as the displacement vector from M to N.
Using the rule for column matrix equality
<GOTO>equality, column matrix</GOTO> (to review it, click here)
the two column matrices are equal.
This makes sense because in walking from point G to H you go the
same distance and direction as in walking from M to N.
The diagrams show the displacements with the same length
and direction (but different starting points):
</p>

<p>
<em>Vectors have no location</em>.
In a diagram it is common to draw a  vector as an arrow
with its tail on one point and its tip on another point.
But any arrow with the same length and direction
represents the vector.
</p>


<center>
<table cellpadding="10" class="layout">
<tr>
<td>
<img src="grid05.gif" border="2" alt="Vector between two Points" />>
</td>

<td>
<img src="grid06.gif" border="2" alt="Vector between two Points" />>
</td>

</tr>
</table>
</center>

<br clear="all" />
</LESSON>
<QUESTION>
<p>
Is the displacement between two  points unique?
</p>

</QUESTION>

</CAI>


<!-- ------------------------------------------------------------------------ -->
<!-- ------------------------------------------------------------------------ -->
<!-- ------------------------------------------------------------------------ -->
<CAI>Subtracting Points <br><font size=-2>No, I'm not talking about your midterm</font>

<ANSWER>
<p>
Yes.  
</p>

</ANSWER>
<LESSON>
<p>
The previous formula for calculating a displacement
vector
<GOTO>displacement, formula</GOTO> (click here to review it)
can be written as:
</p>

<pre>
Displacement from point S (start) to point F (finish) =

F - S = ( X<sub>f</sub> , Y<sub>f</sub> )<sup>T</sup> - ( X<sub>s</sub> , Y<sub>s</sub> )<sup>T</sup> = ( X<sub>f</sub>-X<sub>s</sub> , Y<sub>f</sub>-Y<sub>s</sub> )<sup>T</sup>
</pre>

<p>
In this operation two points  are used
to produce one vector:
</p>

<center>
<img src="pointSubtract.gif" />
</center>

<p>
Don't skip over this observation with a yawn.
Think a few careful thoughts now to avoid
confusion later on.
It is slightly odd that a "minus" with two
objects of one type
produces an object of another type.
</p>


</LESSON>
<QUESTION>
<p>
(Thought question: ) If one three dimensional point
is subtracted from another, is the result a vector?
</p>

</QUESTION>

</CAI>


<!-- ------------------------------------------------------------------------ -->
<!-- ------------------------------------------------------------------------ -->
<!-- ------------------------------------------------------------------------ -->
<CAI>Practice with Displacements
<p>
(Thought question: ) If one three dimensional point
is subtracted from another, is the result a vector?
</p>
<ANSWER>
<p>
Yes.  These ideas work in 3D as well as 2D.
</p>

</ANSWER>
<LESSON>

<img src="ants.gif" border=2 hspace="30" align="right" />

<p>
&#160;
</p>

<p>
&#160;
</p>
<p>
It would be a pity to be talking about math without a story
problem:
Amy the ant at point (8, 4)<sup>T</sup> is lost.
Find a displacement that will bring her
to her friend Emily at (2, 2)<sup>T</sup>.
</p>

<br clear="all" />

<p>
&#160;
</p>

</LESSON>
<QUESTION>
<p>
Through what displacement should Amy move to find her friend Emily?
</p>

</QUESTION>

</CAI>

<!-- ------------------------------------------------------------------------ -->
<!-- ------------------------------------------------------------------------ -->
<!-- ------------------------------------------------------------------------ -->
<CAI>Real Numbers
<p>
</p>
<ANSWER>
<p>
By subtracting points:
</p>
<blockquote><pre>
Emily - Amy = ( 2, 2)<sup>T</sup> - ( 8, 4)<sup>T</sup> = ( -6, -2)<sup>T</sup>.
</pre></blockquote>
<p>
Of course by counting squares of the graph paper you will get the same answer.
</p>

</ANSWER>
<LESSON>
<p>
With the story problem, there is a temptation to avoid negative numbers
and to incorrectly compute the displacement.
But it is perfectly OK to have negative displacements; the "negative" part
is needed to show the direction.
</p>

<p>
Another thing to keep in mind is that the elements of a column matrix are
real numbers.
Examples often use integers, but that is just to make things
easy.
There is nothing wrong with the column matrix 
<nobr>( -1.2304, 9.3382 )<sup>T</sup>.</nobr>
</p>


</LESSON>
<QUESTION>
<ul>
<li>point B = ( 4.75, 6.23 )</li>
<li>point A = ( 1.25, 4.03 )</li>
</ul>
<p>
What is the displacement from point A to point B?
</p>

</QUESTION>

</CAI>

<!-- ------------------------------------------------------------------------ -->
<!-- ------------------------------------------------------------------------ -->
<!-- ------------------------------------------------------------------------ -->
<CAI>End of Chapter
<p>
<ul>
<li>point B = ( 4.75, 6.23 )
<li>point A = ( 1.25, 4.03 )
</ul>
</p>
<ANSWER>
<p>
The displacement is ( 4.75, 6.23 ) - ( 1.25, 4.03 ) = ( 3.50, 2.20 )<sup>T</sup> 
</p>

<LESSON>
<p>
You have reached the end of this chapter.
Before you go vectoring off to the campus nightspot,
perhaps you would like to review some terms:
</p>

<ul>
<li>
The nature of
<GOTO>computer graphics, activities</GOTO>computer graphics
</li>

<li>
<GOTO>point</GOTO>Geometric points
</li>

<li>
<GOTO>vector</GOTO>Vectors
</li>

<li>
<GOTO>displacement</GOTO>Displacement.
</li>

<li>
<GOTO>column matrix</GOTO>Column matrices.
</li>

<li>
<GOTO>transpose, of a column matrix</GOTO>Transpose 
of a column matrix.
</li>

<li>
<GOTO>equality, column matrix</GOTO>Equality
of column matrices.
</li>

<li>
<GOTO>matrix, names</GOTO>Names for column matrices and their elements.
</li>

<li>
<GOTO>point, represented as column matrix</GOTO>Representing
a point as a column matrix.
</li>

<li>
<GOTO>displacement, formula</GOTO>Calculating
displacement.
</li>

</ul>

<p>
The next chapter will 
discuss operations on vectors and the equivalent operations with column matrices.
</p>

</QUESTION>

</CAI>
</CHAPTER>
