<?xml version="1.0" standalone="yes" ?>

<!-- revised 10/06/98   fixed error in ant problem  -->
<!--  July   20, 2003  bpk   extensive editing  -->
<!--  July   22, 2009  bpk   many small changes, mostly formatting  -->

<CHAPTER>

<COPYRIGHTDATE>2003</COPYRIGHTDATE>
<COPYRIGHTHOLDER>Bradley Kjell</COPYRIGHTHOLDER> 
<AUTHORNAME>Bradley Kjell kjell at ieee dot org </AUTHORNAME>
<HOMEFILE>../vectorIndex.html#05</HOMEFILE>
<STYLESHEET>../vectorStyle.css</STYLESHEET>


<CAI>CHAPTER 5 &#8212; Vector Direction

<p>
<small>created 08/26/97; revised 11/11/00, 07/22/03, 07/22/09</small>
</p>

<LESSON>
<p>
This chapter discusses a second important vector property:
<b>direction</b>.
The previous chapter discussed the <b>length</b> of a vector.
These are the two properties that define a vector.
</p>

<ul>
<li>Orientation of 2D vectors (represented in a particular coordinate frame)</li>
<li>Ambiguity when using arc tan to calculate angle</li>
<li>Converting length and orientation into components of a column matrix</li>
<li>Radians and degrees</li>
<li>C and Java programing with arc tangent</li>
</ul>

</LESSON>

<QUESTION>
<p>
What do you suppose is the direction of the vector represented by:
</p>

<pre>
(4, 0)<sup>T</sup>
</pre>

</QUESTION>

</CAI>


<!-- ------------------------------------------------------------------------ -->
<!-- ------------------------------------------------------------------------ -->
<!-- ------------------------------------------------------------------------ -->
<CAI>Vectors Aligned with X-Y Axes
<p>
What do you suppose is the direction of the vector represented by:
</p>

<pre>
(4, 0)<sup>T</sup>
</pre>

<ANSWER>
<p>
The vector is parallel to the X axis of the coordinate frame
we are using.
Often this is horizontal, pointing right.
(Or, you might have said that the vector is oriented at 0 degrees.)
</p>

</ANSWER>

<LESSON>
<INDEX>orientation, of 2D vector</INDEX>

<div align="center">
<img src="angle1.gif" hspace="20" border="2" alt="Vector at 45 degrees" />
</div>


<p>
A 2D vector that is aligned with a coordinate axis,
as with (4, 0)<sup>T</sup>,
has an orientation 
that is easy to see.
It is 0 degrees, 90 degrees,
180 degrees, or 270 degrees.
</p>

<p>
The orientation of a vector is usually expressed
as an angle with the positive x axis of a
coordinate frame.
There are two ways of doing this:
</p>

<ul>
<li>The angle is 0&deg; to 360&deg; measured as a
    counter-clockwise rotation from the positive x axis.</li>
<li>The angle is 0&deg; to +180&deg; measured as a
    counter-clockwise rotation from the positive x axis,
    or is 0&deg; to -180&deg; measured as a
    clockwise rotation from the positive x axis,</li>
</ul>

</LESSON>

<QUESTION>
<p>
What is the direction of <span class="red"><b>a</b></span> ?
</p>
</QUESTION>

</CAI>



<!-- ------------------------------------------------------------------------ -->
<!-- ------------------------------------------------------------------------ -->
<!-- ------------------------------------------------------------------------ -->
<CAI>Angle from the X Axis
<ANSWER>
<p>
a = (4, 4)<sup>T</sup> &nbsp; &nbsp; &nbsp;
is oriented at 45&deg;
</p>

</ANSWER>

<LESSON>

<div align="center">
<img src="angle2.gif" border="2" alt="Several 45 degree vectors" />
</div>

<p>
Math should give the same answer:
The slope of <b>a</b> is 
</p>

<pre>
(change in y)/(change in x)  =  4.0/4.0 = 1.0.
</pre>

<p>
So the angle is <code>arc tan( 1.0 ) =  45&deg;</code>.
</p>

<INDEX>orientation, 2D vector formula</INDEX>
<p>
Vectors have no location, 
so neither the length nor the direction depend on
where you draw a vector.
The formula for the direction of a 2D vector is
</p>

<pre>
angle of (x, y)<sup>T</sup> = arc tan( y/x )
</pre>

<p>
Arc tan( z ) means "find the angle that has a tangent of z."
When you do this with a calculator,
remember that the answer may be in radians or in degrees.
Most calculators give you the option of
using use either format.
</p>

<p>
Also, since calculators usually give the answer as -90.0 to +90.0 degrees
(or -pi to +pi radians) <em>you may have to adjust the answer</em>.
More on this later.
</p>

<div align="center">
<img src="calculator.gif"  border="2" alt="Calculator" />
</div>

<p>
You can use the calculator on your computer.
If you are using MS Windows, click "scientific" in the "view" menu for 
a calculator that has arc tan.
To calculate arc tan of the number in the display,
click the check box labeled "inv", then click "tan."
</p>

</LESSON>

<QUESTION>
<p>
What is the orientation of the vector represented by: <b>k</b> = (3,4)<sup>T</sup> ?
(Do this with a calculator.)
</p>
</QUESTION>

</CAI>


<!-- ---------------------------------------------------------------------- -->
<!-- ---------------------------------------------------------------------- -->
<!-- ---------------------------------------------------------------------- -->
<CAI>Watch those "-" Signs
<ANSWER>
<pre>
arc tan( y/x ) = arc tan( 4/3 ) = arc tan( 1.333333333333 ) =  53.13&deg;
</pre>

</ANSWER>

<LESSON>

<div align="center">
<img src="angle3.gif" border="2"  vspace="10" alt="45 degree and minus 45 degree vectors" />
</div>

<INDEX>vector orientation, trouble with negative components</INDEX>
<p>
The diagram shows the vector represented by <b>k</b> = (3, 4)<sup>T</sup>.
Its orientation was calculated to be 53.13&deg; to the positive x axis.
That looks about right. 
The formula worked!
</p>

<p>
Now calculate the orientation of &nbsp; &nbsp; <b>-k</b> = (-3, -4)<sup>T</sup>.
</p>

<p>
Plugging into the formula:
</p>

<pre>
arc tan( y/x ) = arc tan( -4/-3 ) = arc tan( 4/3 ) 
               = arc tan( 1.333333333333 ) 
               =  53.13&deg;
</pre>


<p>
Hmm...  something is wrong.  
The formula gave us the same angle for a
vector pointing in the opposite direction to the first.
The problem is that information is lost when -4 is divided by -3.
We can't tell the result from +4 divided by +3.
<em>The formula is not enough to give you the answer;</em> you
should sketch the vector and adjust the answer.
</p>

<p>
Look at the pictue to see that the orientation of
<b>-k</b> (expressed in degrees 0..360 counter clockwise
from the x axis) is (180&deg; + 53.13&deg;) = 233.13&deg;.
</p>


</LESSON>

<QUESTION>
<p>
What is the orientation of the vector represented by: <b>p</b> = (3,-4)<sup>T</sup> ?
</p>

<p>
Use the calculator application on your computer.
</p>
</QUESTION>

</CAI>



<!-- ------------------------------------------------------------------------ -->
<!-- ------------------------------------------------------------------------ -->
<!-- ------------------------------------------------------------------------ -->
<CAI>More Meddlesome Minuses
<p>
What is the orientation of: <b>p</b> = (3, -4)<sup>T</sup> ?
</p>
<ANSWER>
<p>
Plugging the numbers into the MS Windows calculator:
</p>

<pre>
arc tan( y/x ) = arc tan( -4/3 ) = arc tan( -1.333333333333 ) =  -53.13&deg;
</pre>

</ANSWER>

<LESSON>

<div align="center">
<img src="angle4.gif" border="2" hspace="20"  alt="Vector p at 306 degrees" />
</div>

<p>
The calculation looks about right, in the diagram.
If you want the angle to be expressed as a counter-clockwise rotation,
then it is <nobr>360&deg; - 53.130&deg; = 306.870&deg;</nobr>
</p>

<p>
Sadly, it looks like the vector <b>-p</b> will give you
the same result.
So what to do?
<em>Always sketch the vector when you are computing its orientation.</em>
Then you can see that the angle you want for  <b>-p</b>
is <nobr>180&deg; - 53.130&deg; = 126.87&deg; .</nobr>
</p>


</LESSON>

<QUESTION>
<p>
What is the orientation of  <b>u</b> = (-4, -2)<sup>T</sup> ?
(Sketch the vector first, then use a calculator.)
</p>
</QUESTION>

</CAI>



<!-- ------------------------------------------------------------------------ -->
<!-- ------------------------------------------------------------------------ -->
<!-- ------------------------------------------------------------------------ -->
<CAI>Calculating both Attributes
<p>
What is the orientation of  <b>u</b> = (-4, -2)<sup>T</sup> ?
</p>
<ANSWER>
<p>
By plugging into the formula (and using inv tan of the MS Win calculator):
</p>

<blockquote>
arc tan( y/x ) &nbsp; = &nbsp; arc tan( -2/-4 ) &nbsp; = &nbsp; arc tan( 0.5 ) &nbsp; = &nbsp; 26.565&deg;
</blockquote>

<p>
But from the sketch, this is in the wrong quadrent.
Study the sketch and use geometry to see that
the answer must be (180 + 26.565 )&deg; = 206.565&deg;.
</p>

</ANSWER>

<LESSON>

<div align="center">
<img src="angle5.gif" hspace="20" border="2" />
</div>



<p>
Say that (using a particular coordinate frame) you
know that a vector is represented by (x, y)<sup>T</sup>.
</p>

<p>
You can calculate the two attributes of the vector:
</p>

<pre>
orientation of (x, y)<sup>T</sup> = arc tan( y/x )
</pre>

<pre>
|(x, y)<sup>T</sup>| = <img src="sqrt.gif" align="bottom">( x<sup>2</sup> + y<sup>2</sup> )
</pre>

<p>
In a few pages we will start with length and orientation and calculate the x and y
for a particular coordinate frame.
</p>
  

</LESSON>

<QUESTION>
<p>
Sketch the vector <b>r</b> represented by  (4, 5)<sup>T</sup>.
Make an eyeball estimate of its length and direction.
Then do the math to get the exact answer.
</p>
</QUESTION>

</CAI>


<!-- ------------------------------------------------------------------------ -->
<!-- ------------------------------------------------------------------------ -->
<!-- ------------------------------------------------------------------------ -->
<CAI>Length and Direction converted to (x, y)
<ANSWER>

<ul>
<li><b>|r|</b> = | (4,5)<sup>T</sup> | = <img src="sqrt.gif" align="bottom">(16+25)  = 6.40
<li>direction = arc tan{ 5/4 } = 51.34&deg;
</ul>


</ANSWER>

<LESSON>


<div align="center">
<img src="angle6.gif" border="2" alt="52 degree vector" />
</div>


<INDEX>length and direction, converting to (x,y)</INDEX>
<p>
Say that you have been given a length and a direction and
want to express them as a 2D column vector.
</p>

<ol>
<li>Draw a sketch.</li>
<li>Calculate x by projecting the length onto the x-axis <br>
    (usually length*<span class="math">cos(&nbsp;&#952;&nbsp;)</span>&nbsp;)</li>
<li>Calculate y by projecting the length onto the y-axis <br>
    (usually length*<span class="math">sin(&nbsp;&#952;&nbsp;)</span>&nbsp;)</li>
<li>Check answers against the sketch.</li>
</ol>

<p>
Of course, you can't wait to practice this
(it brings back those fond memories of trigonometry.)
</p>

</LESSON>

<QUESTION>
<p>
A vector has length 4 and orientation 150&deg;.
Represent the vector as a column matrix.
</p>
</QUESTION>

</CAI>

<!-- ------------------------------------------------------------------------ -->
<!-- ------------------------------------------------------------------------ -->
<!-- ------------------------------------------------------------------------ -->
<CAI>Radians
<p>
A vector has length 4 and orientation 150&deg;.
Represent the vector as a column matrix
</p>
<ANSWER>

<p>
The 2D matrix is ( -3.464, 2.0 )<sup>T</sup> .
</p>

</ANSWER>

<LESSON>
<div align="center">
<img src="angle7.gif" border="2" alt="150 degree vector" />
</div>

<p>
The steps in this calculation are:
</p>


<ol>
<li>Draw a sketch: <span class="blue">see diagram</span></li>
<li>Calculate x by projecting the length onto the x-axis: <br>
    <span class="blue">4 * cos( 150 ) = -3.464</span>
<li>Calculate y by projecting the length onto the y-axis: <br>
    <span class="blue">4 * sin( 150 ) = 2.0</span>
<li>Check answers against the sketch: <span class="blue">Looks OK.</span>
</ol>

<p>
Be cautious about plugging into these formulae and expecting correct answers,
especially when programming in C or Java.
Math libraries for a programming language
can do unexpected things if you are not careful.
</p>


<p>
There are three places to be especially cautious:
</p>

<ol>
<li>The argument for sin(), cos(), tan() is expected in <em>radians</em>.
    The return value of atan() is in radians.</li>
<li>The argument for most math functions is expected to be a <em>double</em>.
    In "C", if you supply a float or an int, you won't get a error message, just a
    horribly incorrect answer.</li>
<li>There are several versions of "arc tan" in most C libraries, each for a
    different range of output vaues.</li>
</ol>


<INDEX>radians</INDEX>
<p>
Now would be a good time think about <b>radians.</b>
Usually in professional circles,
angles are expressed in radians.
Angles are measured counterclockwise from the positive x axis
(or sometimes a negative angle is measured clockwise from the positive x axis.
</p>

<ul>
<li>There are 2 pi radians per full circle.</li>  

<li>So:  2 pi radians = 360&deg;</li> 
</ul>


</LESSON>

<QUESTION>
<p>
Fill in the blanks so that <code>vector[0]</code> gets the x component
and <code>vector[1]</code> gets the y component of the vector.
</p>

<pre>
#include &lt;math.h&gt;

double length, angle;
double vector[2];

 . . .
 
length = <em>some value</em>
angle  = <em>some number of degrees</em>

vector[0] =  <span class="blue">________________</span>

vector[1] =  <span class="blue">________________</span>
</pre>


<p>
(Assume that the symbol for pi is <code>M_PI</code>.
Unfortunately, different compilers use different symbols for PI and
define it in different header files.
You should use the symbol appropriate for your system
rather than define PI on your own.)
</p>

<p>
(If you don't know C, just pretend this is Java.)
</p>
</CAI> 



<!-- ------------------------------------------------------------------------ -->
<!-- ------------------------------------------------------------------------ -->
<!-- ------------------------------------------------------------------------ -->
<CAI>Practice with Radians
<ANSWER>

<pre>
#include &lt;math.h&gt;

double length, angle;
double vector[2];

 . . .
 
length = <em>some value</em>
angle = <em>some number of degrees</em>

vector[0] =  <span class="blue">length * cos( angle*M_PI/180.0 )</span>

vector[1] =  <span class="blue">length * sin( angle*M_PI/180.0 )</span>
</pre>


</ANSWER>

<LESSON>

<p>
Recall the steps to take in converting a vector given as length and
direction into (x,y):
</p>

<OL>
<li>Draw a sketch.</li>
<li>Calculate x by projecting the length onto the x-axis: <br>
    usually length*<span class="math">cos(&nbsp;&#952;&nbsp;)</span></li>
<li>Calculate y by projecting the length onto the y-axis: <br>
    usually length*<span class="math">sin(&nbsp;&#952;&nbsp;)</span></li>
<li>Check answers against the sketch.</li>
</OL>

<p>
The steps are the same (of course) if the angle is given in
radians.
</p>

</LESSON>

<QUESTION>
<p>
A vector is 4.5 units long oriented at 0.70 radians.
Express the vector as ( x, y )<sup>T</sup>.
</p>
</QUESTION>

</CAI>



<!-- ------------------------------------------------------------------------ -->
<!-- ------------------------------------------------------------------------ -->
<!-- ------------------------------------------------------------------------ -->
<CAI>Lost Bugs
<p>
A vector is 4.5 units long at 0.70 radians.
Express the vector as <b>( x, y )<sup>T</sup></b>.
</p>

<ANSWER>

<img src="angle8.gif" class="rightimage" hspace="30" border="2">

<td valign="top">
<ol>
<li>Draw a sketch. 
<li>Calculate x by projecting the length onto the x-axis:<br> 
    <span class="blue">4.5*cos( 0.70 ) = 3.442</span>
<li>Calculate y by projecting the length onto the y-axis <br>
    <span class="blue">4.5*sin( 0.70 ) = 2.899</span>
<li>Check answers against the sketch.
</ol>

<br clear="all" />

</ANSWER>

<LESSON>

<div align="center">
<img src="angleAnts.gif" border="2" alt="Lost Lady Bugs" />
</div>

<p>
Time for another story problem.
</p>

<p>
Lola the Ladybug has lost her friend Lulu.
Luckily, Lola has a cell phone.
Lola is located at the point <nobr><tt>(1, -4)</tt></nobr>.
Lulu is located at the point <nobr><tt>( -4, 3)</tt></nobr>.
</p>

</LESSON>

<QUESTION>
<p>
Call up Lola and tell her in what direction 
and for what
distance she should walk to reach her friend Lulu.
</p>
</QUESTION>

</CAI>

<!-- ------------------------------------------------------------------------ -->
<!-- ------------------------------------------------------------------------ -->
<!-- ------------------------------------------------------------------------ -->
<CAI>Buggy Directions

<ul>
<li>Lola is located at <tt>(1, -4)</tt>.</li>
<li>Lulu is located at <tt>( -4, 3)</tt>,</li>
</ul>

<ANSWER>
<p>
Direction = 125.54&deg;, distance = 8.60.
</p>

<LESSON> 


<div align="center">
<img src="angleAnts.gif" border="2" alt="Lost Lady Bugs" />
</div>

<p>
To get the answer you had to recall how to calculate displacement.
To calculate the displacement vector between two points (or bugs):
</p>

<blockquote>
(where you want to be) - (where you are) = (displacement you need)
</blockquote>

<p>
So the displacement Lola should walk through is: <tt>( -4, 3)</tt> - <tt>(1, -4)</tt> = <tt>(-5, 7)</tt>.
</p>

<p>
But Lola needs distance and heading:
</p>

<ul>
<li>distance = <img src="sqrt.gif" align="bottom" alt="Sqrt(" />(25 + 49) = 8.60</li>
<li>direction = arc tan( 7/-5 ) = arc tan( -1.4 ) = -54.46&deg;</li>
<li>(looking at the diagram to adjust the direction): direction = 180&deg; - 54.46&deg; = 125.54&deg;</li>
</ul>

</LESSON>

<QUESTION>
<p>
Will the ideas about 2D vector orientation presented in this chapter work for
3D space?
</p>
</QUESTION>

</CAI>

<!-- ------------------------------------------------------------------------ -->
<!-- ------------------------------------------------------------------------ -->
<!-- ------------------------------------------------------------------------ -->
<CAI>End of this Lesson
<ANSWER>
<p>
Not easily.  Orientation of 3D vectors will take more work, and another
chapter.
</p>

<LESSON> 

<p>
Here are some terms and formulae you may wish to review
before you get lost:
</p>

<ul>

<li>
<GOTO>orientation, of 2D vector</GOTO> Orientation of a 2D vector aligned with X or Y axis.
</li>

<li>
<GOTO>orientation, 2D vector formula</GOTO> Formula that nearly gives you the orientation of a vector.
</li>

<li>
<GOTO>vector orientation, trouble with negative components</GOTO> Dealing with negative components in the column matrix.
</li>

<li>
<GOTO>length and direction, converting to (x,y)</GOTO> Converting length and direction to an ordered pair.
</li>

<li>
<GOTO>radians</GOTO> Relation between radians and degrees.
</li>

</ul>

<p>
Click on a term to see where it was discussed in this chapter.
The next chapter will 
discuss the 
product of a vector and a scalar.
This will be useful in several important applications,
such as quizzes and midterms.
</p>

</CAI>

</CHAPTER>

