<?xml version="1.0" standalone="yes" ?>

<!--  July   28, 2003  bpk   extensive editing  -->

<CHAPTER>

<COPYRIGHTDATE>2009</COPYRIGHTDATE>
<COPYRIGHTHOLDER>Bradley Kjell</COPYRIGHTHOLDER> 
<AUTHORNAME>Bradley Kjell kjell at ieee dot org </AUTHORNAME>
<HOMEFILE>../vectorIndex.html#13</HOMEFILE>
<STYLESHEET>../vectorStyle.css</STYLESHEET>


<CAI>  CHAPTER 14 &#8212;  Matrix times Column Matrix
<p><small> created 10/24/98; revised 08/01/00, 07/28/03, 07/25/09</small></p>
<LESSON>

<p>
A matrix and a column matrix can be multiplied together if their
dimensions allow for it.
This is a fundamental operation in computer
graphics (and in many other fields).
When a 3D graphics program is running the operation is
performed millions of times per second.
</p>

<h4>Chapter Topics:</h4>
<ul>
<li>Dimensions of the operands and of the result</li>
<li>Matrix-column matrix multiplication</li>
<li>row matrix-Matrix multiplication</li>
<li>How each element of the result is a dot product</li>
</ul>

<p>
You have seen several multiplication-like operations before:
</p>

<ul>
<li>Scalar times a scalar, resulting in a scalar</li>
<li>Scalar times a column matrix, resulting in a column matrix</li>
<li>Column matrix dot-product with a column matrix, resulting in a scalar</li>
</ul>


</LESSON>

<QUESTION>
<p>
What type of object (do you suppose) is the result of
a matrix times a column matrix?
</p>
</CAI>


<!-- ------------------------------------------------------------------------ -->
<!-- ------------------------------------------------------------------------ -->
<!-- ------------------------------------------------------------------------ -->
<CAI>Matrix times Column Matrix

<ANSWER>
<p>
A matrix times a column matrix results in a column matrix.
</p>

</ANSWER>

<LESSON>
<INDEX>matrix times column matrix</INDEX>
<p>
Here is an example of a matrix times a column matrix:
</p>

<center>
<img src="mtrx02-1.gif" alt="Matrix times Column Matrix" />
</center>

<p>
The details of how this is done will be explained later.
For now,
look at the dimensions of the operands and of the result.
A matrix times column matrix product can be formed if the dimensions
look like this:
</p>

<blockquote>
<pre>
Matrix  x  Col. Matrix   =   Resulting Col. Matrix

R x N      N x 1         =         R x 1
    --------
      same
</pre>
</blockquote>

<p>
For the above example:
</p>

<blockquote>
<pre>
Matrix  x  Col. Matrix   =   Resulting Col. Matrix

2 x 2      2 x 1         =         2 x 1
    --------
      same
</pre>
</blockquote>

<p>
Dimensions are displayed as
"Row x Column".
An R x 1 matrix is a column matrix
(because it has 1 column).
</p>


</LESSON>

<QUESTION>
<p>
What are the dimensions of the result, below:
</p>

<blockquote>
<pre>
Matrix    x   Col. Matrix    =   Resulting Col. Matrix

5 x 5           5 x 1    =        ? x ?
</pre>
</blockquote>

</QUESTION>

</CAI>


<!-- ------------------------------------------------------------------------ -->
<!-- ------------------------------------------------------------------------ -->
<!-- ------------------------------------------------------------------------ -->
<CAI>More Practice
<ANSWER>
<blockquote>
<pre>
Matrix    x   Col. Matrix    =   Resulting Col. Matrix

5 x 5           5 x 1        =        5 x 1
</pre>
</blockquote>

</ANSWER>

<LESSON>

<p>
For each row in the following table,
decide if the matrix times column matrix product can be formed
and what the dimensions of the result will be.
</p>

<form>
<center>
<table border="1" cellpadding="12" bordercolor="brown" bgcolor="white">
<tr bgcolor="tan"><th>Matrix        </th><th>Col. Matrix </th><th>Result</th></tr>
<tr align=center><td>3 x 3         </td><td>3 x 1  </td>
    <td valign="center"><input type="button" value="  ?  "    onClick="alert('3 x 1')"></td></tr>
<tr align=center><td>3 x 2         </td><td>2 x 1  </td>
    <td valign="center"><input type="button" value="  ?  "    onClick="alert('3 x 1')"></td></tr>
<tr align=center><td>2 x 3         </td><td>2 x 1  </td>
    <td valign="center"><input type="button" value="  ?  "    onClick="alert('Not Possible')"></td></tr>
<tr align=center><td>4 x 3         </td><td>3 x 1  </td>
    <td valign="center"><input type="button" value="  ?  "    onClick="alert('4 x 1')"></td></tr>
<tr align=center><td>3 x 5         </td><td>5 x 1  </td>
    <td valign="center"><input type="button" value="  ?  "    onClick="alert('3 x 1')"></td></tr>
</table>
</center>
</form>

<br clear="all" />
<br />

</LESSON>

<QUESTION>
<p>
Do you think that it is possible to form a product that looks like this:
</p>

<pre>
Col. Matrix  x  Matrix   =   Result

  2 x 1         2 x 2    =    ???
</pre>

<p>
(Hint: do the dimensions look compatible?)
</p>

</QUESTION>

</CAI>


<!-- ------------------------------------------------------------------------ -->
<!-- ------------------------------------------------------------------------ -->
<!-- ------------------------------------------------------------------------ -->
<CAI>Column Matrix on the Right, only
<p>
Do you think that it is possible to form a product that looks like this:
</p>

<blockquote>
<pre>
Col. Matrix  x  Matrix   =   Result

  2 x 1         2 x 2    =    ???
</pre>
</blockquote>
<ANSWER>
<p>
No, this is not possible
</p>

</ANSWER>

<LESSON>

<INDEX>dimensions of matrix multiplication</INDEX>
<p>
When a rectangular matrix and a column matrix are multiplied together,
the column matrix will always be on the right of the rectangular matrix.
It is only possible to multiply the two if the "inner dimension" of
each matrix is equal:
</p>

<pre>
Matrix      x     Column Matrix   =   Result

N x M              M x 1          =   N x 1
    ----------------
    inner dimensions
       are equal
</pre>

</LESSON>

<QUESTION>
<p>
Do you think that it is possible to form a product that looks like this:
</p>

<pre>
Row Matrix  x  Col. Matrix   =   Scalar

1 x 2            2 x 1       =   1 x 1
</pre>

</QUESTION>

</CAI>

<!-- ------------------------------------------------------------------------ -->
<!-- ------------------------------------------------------------------------ -->
<!-- ------------------------------------------------------------------------ -->
<CAI>Dot Product as Matrix Multiplication
<p>
Do you think that it is possible to form a product that looks like this:
</p>

<pre>
Row Matrix  x  Col. Matrix   =   Scalar

1 x 2             2 x 1      =   1 x 1
</pre>

<ANSWER>
<p>
Yes.  It looks like it can be done.
</p>

</ANSWER>

<LESSON>
<INDEX>dot product, as matrix product</INDEX>
<p>
Just by looking at the dimensions, 
it seems that this can be done.
Of course,
that is not a proof that it can be done, but it is a strong hint.
Here is an example:
</p>

<center>
<img src="mtrx02-3.gif" />
</center>

<p>
It might look slightly odd to regard a scalar (a real number) as a
"1 x 1" object, but doing that keeps things consistent.
Notice that this example looks like a dot product.
In fact, it is.
Knowing that, you know how the product is formed:
</p>

<center>
<img src="mtrx02-4.gif" />
</center>



</LESSON>

<QUESTION>
<p>
Here is another example, with the result left blank:
</p>

<blockquote>
<img src="mtrx02-5.gif" />
</blockquote>
<p>
Compute the result.
</p>

</QUESTION>

</CAI>


<!-- ------------------------------------------------------------------------ -->
<!-- ------------------------------------------------------------------------ -->
<!-- ------------------------------------------------------------------------ -->
<CAI>Flip the Column
<ANSWER>

<blockquote>
<img src="mtrx02-6.gif">
</blockquote>

</ANSWER>

<LESSON>
<INDEX>column matrix flipping in matrix product</INDEX>
<p>
In forming these dot products, it is useful to
think of "flipping" the column to align it with the row,
and then multiplying and adding up corresponding elements:
</p>

<center>
<img src="mtrx02-7.gif" />
</center>


<p>
Here is a second example:
</p>

<center>
<img src="mtrx02-8.gif">
</center>

<br clear="all" />
<br />

</LESSON>

<QUESTION>
<p>
Form the following product:
</p>

<blockquote>
<img src="mtrx02-9.gif">
</blockquote>
<br clear="all" />

</QUESTION>

</CAI>


<!-- ------------------------------------------------------------------------ -->
<!-- ------------------------------------------------------------------------ -->
<!-- ------------------------------------------------------------------------ -->
<CAI>More Practice
<ANSWER>

<blockquote>
<img src="mtrx02-10.gif" />
</blockquote>

</ANSWER>

<LESSON>

<p>
Compute each dot product in the following table.
Check your answer in the "Result" column.
</p>

<center>
  <form>
    <table border="1" cellpadding="10" 
           bordercolor="brown" bgcolor="white">
    <tr bgcolor="tan"><th>First Operand </th><th>Second Operand </th><th>Result</th></tr>
    <tr><td align="center"><img src="mtrx02-11.gif">  </td><td align="center"><img src="mtrx02-14.gif">  </td>
        <td align="center"><input type="button" value="  ?  "    onClick="alert('-2')"></td></tr>
    <tr><td align="center"><img src="mtrx02-12.gif">  </td><td align="center"><img src="mtrx02-14.gif">  </td>
        <td align="center"><input type="button" value="  ?  "    onClick="alert('-2')"></td></tr>
    <tr><td align="center"><img src="mtrx02-13.gif">  </td><td align="center"><img src="mtrx02-14.gif">  </td>
        <td align="center"><input type="button" value="  ?  "    onClick="alert('2')"></td></tr>
    </table>
  </form>
</center>

<p>
Now examine the following matrix times column matrix:
</p>

<center>
<img src="mtrx02-15.gif" />
</center>

<br clear="all" />
<br />

</LESSON>

<QUESTION>
<p>
Fill in the result column matrix with a reasonable guess.
(Hint: look at the results in the table.)
</p>

</QUESTION>

</CAI>


<!-- ------------------------------------------------------------------------ -->
<!-- ------------------------------------------------------------------------ -->
<!-- ------------------------------------------------------------------------ -->
<CAI>Repeated Dot Products
<ANSWER>
<p>
Probably you came up with the correct answer:
</p>
<center>
<img src="mtrx02-16.gif" />
</center>

</ANSWER>

<LESSON>
<INDEX>matrix product as many dot products</INDEX>
<p>
The Matrix-column matrix product is done by forming 
the dot product of the column matrix
with each row of the matrix.
Of course, the dimensions of each operand have to allow for this.
It helps to flip the column matrix so that its elements align with the
elements of the matrix:
</p>
<center>
<img src="mtrx02-17.gif" />
</center>

<p>
Here is another example, with the result not yet quite complete:
</p>
<center>
<img src="mtrx02-18.gif" />
</center>

<br clear="all" />
<br />

</LESSON>

<QUESTION>
<p>
Mentally flip (transpose) the column matrix and compute the result.
</p>

</QUESTION>

</CAI>


<!-- ------------------------------------------------------------------------ -->
<!-- ------------------------------------------------------------------------ -->
<!-- ------------------------------------------------------------------------ -->
<CAI>More Practice
<ANSWER>

<center>
<img src="mtrx02-19.gif">
</center>

</ANSWER>

<LESSON>
<p>
Here are some more  products that you may wish to practice with.
Remember to (mentally) flip the column matrix and place it ontop of the matrix.
Then slide it one row at a time as you compute the dot product.
</p>

<SCRIPT LANGUAGE="JavaScript">
<!-- Hide from old browsers
var answers = new Array(4)
answers[1] = "mtrx02-20-ans.gif"
answers[2] = "mtrx02-21-ans.gif"
answers[3] = "mtrx02-22-ans.gif"

function LoadImage( ans, spot )
{
  document.images[spot].src = answers[ ans ]
}
// Stop Hiding -->
</SCRIPT>

<center>
<table border="1" bordercolor="brown"  cellpadding="15" bgcolor="white">
<tr bgcolor="tan"><th>Problem</th><th>Think First</th><th>Result</th></tr>
<tr><td align="center"><img src="mtrx02-20.gif">  </td>
    <td align="center"><form><input type="button" value=" Answer "    onClick="LoadImage(1, 5)"></form></td>
    <td align="center"><img src="mtrx02-20-blank.gif"></td></tr>

<tr><td align="center"><img src="mtrx02-21.gif">  </td>
    <td align="center"><form><input type="button" value=" Answer "    onClick="LoadImage(2, 7)"></form></td>
    <td align="center"><img src="mtrx02-21-blank.gif"></td></tr>

<tr><td align="center"><img src="mtrx02-22.gif">  </td>
    <td align="center"><form><input type="button" value=" Answer "    onClick="LoadImage(3, 9)"></form></td>
    <td align="center"><img src="mtrx02-22-blank.gif"></td></tr>
</table>
</center>

<br clear="all" />
<br />


</LESSON>

<QUESTION>
<p>
Can the following operation be performed?
</p>

<center>
<img src="mtrx02-23.gif" />
</center>

<p>
(If you want, you can try to do it.)
</p>

</QUESTION>

</CAI>


<!-- ------------------------------------------------------------------------ -->
<!-- ------------------------------------------------------------------------ -->
<!-- ------------------------------------------------------------------------ -->
<CAI>Row Matrix times Matrix <br /> as Several Dot Products
<ANSWER>
<p>
Yes, the dimensions are compatible:
</p>

<center>
<img src="mtrx02-24.gif" />
</center>

</ANSWER>

<LESSON>
<INDEX>matrix column flipping in matrix product</INDEX>
<p>
From the answer,
you can see that row matrix times matrix is done by 
forming several dot products.
However, here it is the <em>columns of the matrix</em> that get flipped:
</p>

<center>
<img src="mtrx02-25.gif">
</center>

<br clear="all" />
<br />

</LESSON>

<QUESTION>
<p>
Is this type of product possible:
</p>

<pre>
Matrix  x  Row Matrix   =   ?

3 x 4        1 x  3     =   ?
</pre>

</QUESTION>

</CAI>


<!-- ------------------------------------------------------------------------ -->
<!-- ------------------------------------------------------------------------ -->
<!-- ------------------------------------------------------------------------ -->
<CAI>Row Matrix always on the Left
<ANSWER>
<p>
No.  The dimensions are not correct.
</p>

</ANSWER>

<LESSON>
<INDEX>row matrix times matrix</INDEX>
<p>
When a row matrix is multiplied by a rectangular matrix,
the row matrix must be on the left.
Look at the dimensions of the operands and of the result:
</p>

<pre>
Row Matrix  x  Matrix   =   Result Row Matrix

  1 x M        M x C           1 x C
</pre>

<p>
A 1xC matrix is a row matrix of "C" number of columns.
For each row in the following table,
decide if the product can be formed
and what the dimensions of the result will be.
</p>

<center>
  <form>
    <table border="1" bordercolor="brown" cellpadding="15" bgcolor="white">
    <tr bgcolor="tan"><th>First Operand </th><th>Second Operand </th><th>Result</th></tr>
    <tr><td>3 x 3         </td><td>3 x 1  </td>
        <td align="center"><input type="button" value="  ?  "    onClick="alert('3 x 1')"></td></tr>
    <tr><td>1 x 2         </td><td>2 x 2  </td>
        <td align="center"><input type="button" value="  ?  "    onClick="alert('1 x 2')"></td></tr>
    <tr><td>1 x 2         </td><td>2 x 3  </td>
        <td align="center"><input type="button" value="  ?  "    onClick="alert('1 x 3')"></td></tr>
    <tr><td>4 x 4         </td><td>3 x 1  </td>
        <td align="center"><input type="button" value="  ?  "    onClick="alert('Not Possible')"></td></tr>
    <tr><td>1 x 5         </td><td>5 x 3  </td>
        <td align="center"><input type="button" value="  ?  "    onClick="alert('1 x 3')"></td></tr>
    </table>
  </form>
</center>

<br clear="all" />


</LESSON>

<QUESTION>
<p>
Perform the following multiplication:
</p>

<blockquote>
<img src="mtrx02-26.gif" />
</blockquote>
<br clear="all" />

</QUESTION>

</CAI>


<!-- ------------------------------------------------------------------------ -->
<!-- ------------------------------------------------------------------------ -->
<!-- ------------------------------------------------------------------------ -->
<CAI>Careful Definitions
<ANSWER>

<blockquote>
<img src="mtrx02-27.gif" />
</blockquote>

</ANSWER>

<LESSON>
<p>
You may be uneasy with mathematical operations being defined in this casual
fashion.
Here are some more accurate definitions:
</p>

<INDEX>matrix times column matrix, definition</INDEX>

<blockquote>
<b>Matrix times Column Matrix:</b>
Let <b>A</b> be a M x C matrix, and <b>x</b> be a C x 1 column matrix.
Then the product <b>A</b><b>x</b> 
is the M x 1 column matrix whose
<em>i-th</em> element is the dot product of row i of <b>A</b> with <b>x</b>.
</blockquote>

<INDEX>row matrix times matrix, definition</INDEX>
<blockquote>
<b>Row Matrix times Matrix:</b>
Let <b>x</b> be a 1 x R row matrix and <b>A</b> be a R x M matrix,
Then the product <b>x</b><b>A</b> 
is the 1 x M row matrix whose
<em>i-th</em> element is the dot product of <b>x</b> with column i of <b>A</b>.
</blockquote>

</LESSON>

<QUESTION>
<p>
Perform the following multiplication:
</p>

<blockquote>
<img src="mtrx02-31.gif" vspace="12" />
</blockquote>

</QUESTION>

</CAI>


<!-- ------------------------------------------------------------------------ -->
<!-- ------------------------------------------------------------------------ -->
<!-- ------------------------------------------------------------------------ -->
<CAI>Steps in Multiplication
<ANSWER>
<blockquote>
<img src="mtrx02-32.gif" vspace="12" />
</blockquote>

</ANSWER>

<LESSON>
<INDEX>matrix product, steps</INDEX>
<p>
By the definitions on the previous page,
multiplication always involves
dot products of <em>rows</em> on the left with <em>columns</em> on 
the right.
So,
To do any of these calculations:
</p>

<ol>
<li>Examine the dimensions of the operands.
    <ul><li>The inner dimensions must be equal, eg., 1xN and NxC.</li>
        <li>"Cancel" the inner dimensions to find the dimensions of
            the result, eg., 1xC.</li>
        <li>Write an empty result with the correct dimensions.</li>
    </ul></li>

<li>Now fill in each element of the result.
    <ul><li>Each column on the right is "flipped" onto a row on the left.</li>
        <li>Each element of the result is a dot product.</li>
    </ul></li>
</ol>


</LESSON>

<QUESTION>
<p>
Is <b>Ax</b> equal to <b>xA</b> ?
</p>

</QUESTION>

</CAI>


<!-- ------------------------------------------------------------------------ -->
<!-- ------------------------------------------------------------------------ -->
<!-- ------------------------------------------------------------------------ -->
<CAI>More Practice
<p>
Is <b>Ax</b> equal to <b>xA</b> ?
</p>
<ANSWER>
<p>
No. 
</p>

</ANSWER>

<LESSON>
<INDEX>matrix product, non-commutative</INDEX>
<p>
If <b>Ax</b> can be performed, 
then usually <b>xA</b> has incompatible dimensions.
Sometimes both products can be formed, but even then
the results will usually be different.
You might enjoy testing your skills on the following:
</p>

<SCRIPT LANGUAGE="JavaScript">
<!-- Hide from old browsers
var answers = new Array(4)
answers[1] = "mtrx02-28-ans.gif"
answers[2] = "mtrx02-29-ans.gif"
answers[3] = "mtrx02-30-ans.gif"

function LoadImage( ans, spot )
{
  document.images[spot].src = answers[ ans ]
}
// Stop Hiding -->
</SCRIPT>

<center>
<table cellpadding="12" border="1" bordercolor="brown" bgcolor="white">
<tr bgcolor="tan"><th>Problem</th><th>Think First</th><th>Result</th></tr>
<tr><td valign="center"><img src="mtrx02-28.gif">  </td>
    <td valign="center"><form><input type="button" value=" Answer "    onClick="LoadImage(1, 4)"></form></td>
    <td valign="center"><img src="mtrx02-28-blank.gif"></td></tr>

<tr><td valign="center"><img src="mtrx02-29.gif">  </td>
    <td valign="center"><form><input type="button" value=" Answer "    onClick="LoadImage(2, 6)"></form></td>
    <td valign="center"><img src="mtrx02-29-blank.gif"></td></tr>

<tr><td valign="center"><img src="mtrx02-30.gif">  </td>
    <td valign="center"><form><input type="button" value=" Answer "    onClick="LoadImage(3, 8)"></form></td>
    <td valign="center"><img src="mtrx02-30-blank.gif"></td></tr>
</table>
</center>

<br clear="all" />
<br />

</LESSON>

<QUESTION>
<p>
Had enough?
</p>

</QUESTION>

</CAI>


<!-- ------------------------------------------------------------------------ -->
<!-- ------------------------------------------------------------------------ -->
<!-- ------------------------------------------------------------------------ -->
<CAI>End of the Chapter
<ANSWER>
<p>
Yes.
</p>

</ANSWER>

<LESSON>
<p>
You are done with this chapter.
You may wish to flip through the following.
Click on a subject that interests you to flip back to where it was discussed.
</p>

<ul>
<li>
<GOTO>matrix times column matrix</GOTO>Dimensions of operands and result
in matrix times column matrix multiplication.
</li>

<li>
<GOTO>row matrix times matrix</GOTO>Dimensions of operands and result
in row matrix times matrix multiplication.
</li>

<li>
<GOTO>dot product, as matrix product</GOTO>The dot product 
as a matrix product.
</li>


<li>
<GOTO>matrix product as many dot products</GOTO>Matrix product 
formed by many dot products
</li>

<li>
<GOTO>column matrix flipping in matrix product</GOTO>Flipping the column matrix
in matrix times column matrix multiplication.
</li>

<li>
<GOTO>matrix column flipping in matrix product</GOTO>Flipping the matrix columns
in row matrix times  matrix multiplication.
</li>

<li>
<GOTO>matrix times column matrix, definition</GOTO>Mathematical definitions
of these products.
</li>

<li>
<GOTO>matrix product, steps</GOTO>Steps in performing
these products. 
</li>

<li>
<GOTO>matrix product, non-commutative</GOTO>Non-commutative
property of matrix products.
</li>

</ul>

</CAI>
</CHAPTER>



