<?xml version="1.0" standalone="yes" ?>

<!-- July   20, 2003  bpk   extensive editing  -->
<!-- July   20, 2009  bpk   some changes  -->

<!-- ------------------------------------------------------------------------ -->
<!-- ------------------ Vector Lessons Chapter 2 ---------------------------- -->
<!-- ------------------------------------------------------------------------ -->

<CHAPTER>

<COPYRIGHTDATE>2000</COPYRIGHTDATE>
<COPYRIGHTHOLDER>Bradley Kjell</COPYRIGHTHOLDER> 
<AUTHORNAME>Bradley Kjell kjell at ieee dot org </AUTHORNAME>
<HOMEFILE>../vectorIndex.html#01</HOMEFILE>
<STYLESHEET>../vectorStyle.css</STYLESHEET>

<CAI>CHAPTER 2 &#8212; Column and Row Matrix Addition

<p>
<small>created 08/19/97; revised 08/06/00; 09/14/00; 07/20/03; 07/20/09</small>
</p>

</ANSWER>
<LESSON>

<INDEX>terms review</INDEX>

<p>
Here are some of the terms we have been using:
</p>

<ul>
<li><b>point</b> &#8212; a geometric object; a location in 3D (or 2D) space.</li>
<li><b>vector</b> &#8212; a geometric object that has properties of direction and length,
                          but not location.</li>
<li><b>column matrix</b> &#8212; an ordered list of numbers arranged into a column.</li>
<li><b>row matrix</b> &#8212; an ordered list of numbers arranged into a row.</li>
<li><b>element</b> &#8212; one of the numbers that makes up a column or row matrix.</li>
<li><b>dimension</b> &#8212; the number of elements in a column or row matrix.</li>
<li><b>displacement</b> &#8212; the difference between two locations, expressed as a vector.</li>
</ul>

<p>
This chapter discusses how column and row matrices are added or subtracted.
</p>

</LESSON>
<QUESTION>
<p>
(Review question: ) What is it called when a column matrix is "flipped" on its side?
</p>

</QUESTION>
</CAI>


<!-- ------------------------------------------------------------------------ -->
<!-- ------------------------------------------------------------------------ -->
<!-- ------------------------------------------------------------------------ -->
<CAI>Transposition
<p>
What is it called when a row matrix is "flipped" into
a column matrix?
</p>
<ANSWER>
<p>
Transposition.
</p>

</ANSWER>
<LESSON>
<INDEX>transpose</INDEX>

<p>
Even if a row matrix and a column matrix are the same dimension 
and contain the same elements, they are considered different types.
A "T" superscript is used when a column matrix
is written as a row of numbers.
The first element of a column matrix is the topmost
(corresponding to the leftmost element when written as a row.)
</p>

<center>
  <table border="1" bordercolor="black" bgcolor="gray">
  <tr><td>
  <applet
  code="showTranspose"
  width="350"
  height="270">
    <param name="xvalue" value="-3.5">
    <param name="yvalue" value="97.2">
    <param name="zvalue" value="-24.9">
  Your browser must be Java enabled to see this.
  </applet>
  </td></tr>
  </table>
</center>

<p>
The picture shows two different ways of writing out
the <em>same column matrix</em>.
To change an element, enter a new value into its box.
When the column matrix is written in a row the
superscript "T" shows that it is really a column matrix.
The elements of the column matrix have the same subscripts
no matter how the column matrix is displayed.
</p>

<p>
A <code>T</code> superscript on column matrix with  means to flip the
column into a row, resulting in a row matrix.
(Some books use a lower-case <code>t</code>.)
</p>

</LESSON>
<QUESTION>
<p>
What is:  <code>( 1, 2, 3 )<sup>T T</sup></code> &#160; &#160; ?
</p>

</QUESTION>
</CAI>

<!-- ------------------------------------------------------------------------ -->
<!-- ------------------------------------------------------------------------ -->
<!-- ------------------------------------------------------------------------ -->
<CAI>Column Matrix Addition
<ANSWER>
<p>
<code>( 1, 2, 3 )<sup>T T</sup></code> &#160; = &#160; <code>( 1, 2, 3 )</code>
</p>

<p>
Transposing twice gives you what you started with.
This seems a bit dumb right now, 
but later on when you are doing algebraic manipulation
it might help to remember this.
</p>

<LESSON> 
<p>
A column matrix added to another column matrix
of the same dimension
yields another
column matrix (with the same dimension).
A similar statement is true for row matrices.
</p>

<blockquote>
<img src="colMatrixAdd.gif" />
</blockquote>

<INDEX>addition, column matrix</INDEX>

<p>
Addition is done by adding corresponding elements of the
input matrices to produce each corresponding element of the output matrix.
</p>

<pre>
( 1, 2, 3 ) + ( 10, 20, 30 ) = ( 11, 22, 33 )

( 42, -12 )<sup>T</sup> + ( 8, 24 )<sup>T</sup> = ( 50, 12 )<sup>T</sup>

( 9.2, -8.6, 3.21, 48.7 ) + ( -2.1, 4.3, 1.0, 2.3 ) = ( 7.1, -4.3, 4.21, 51.0 )

( 32.98, -24.71, 9.392 )<sup>T</sup> + ( -32.98, +24.71, -9.392 )<sup>T</sup> = (0, 0, 0)<sup>T</sup>
</pre>

<p>
If <b>a</b> and <b>b</b>
are matrices of the same type, then
<b>a</b> + <b>b</b> = <b>c</b>
means that each element c<sub>i</sub> =  a<sub>i</sub> + b<sub>i</sub>
</p>

</LESSON>
<QUESTION>
<p>
Do the following problem:
</p>

<pre>
( 2, -2 )<sup>T</sup> + ( 8,  6 )<sup>T</sup> = 
</pre>

</QUESTION>
</CAI>

<!-- ------------------------------------------------------------------------ -->
<!-- ------------------------------------------------------------------------ -->
<!-- ------------------------------------------------------------------------ -->
<CAI>Three Separate Problems
<ANSWER>
<pre>
( 2, -2 )<sup>T</sup> + ( 8,  6 )<sup>T</sup> = ( 10, 4 )<sup>T</sup>
</pre>

<LESSON> 

<p>
The matrices you add must be of the same dimension 
and same row or column type.
When you add matrices,
each dimension is handled independently of the others.
For example,
in adding two 3D column matrices,
you have three separate additions using ordinary arithmetic.
The first elements of the operand matrices are added together
to make the first element of the result matrix.
</p>
<center>

<table border="1" bordercolor="black" bgcolor="gray">
	<tr><td>
	<applet
		code="showAdd"
		width="400"
		height="300"
		vspace="10"
		hspace="10">
		Your browser must be Java enabled to see this.
	</applet>
	</td>
	</tr>
	</table>
</center>


<p>
Use the applet to play with matrix addition.
Type a number into one of the boxes, <u>hit enter</u>, and
observe the result.
Make up a few easy problems for yourself, such as:
"enter numbers into the first matrix so that each
element of the result matrix is zero."
Or, "if each element in the second matrix is zero,
what will the result matrix look like?"
</p>


<br clear="all" />

</LESSON>
<QUESTION>
<p>
Do the following two problems:
</p>

<pre>
( 8,  4, 6 )<sup>T</sup> + ( 2, -2, 9 )<sup>T</sup> = 

( 2, -2, 9 )<sup>T</sup> + ( 8,  4, 6 )<sup>T</sup> = 
</pre>

</QUESTION>
</CAI>

<!-- ------------------------------------------------------------------------ -->
<!-- ------------------------------------------------------------------------ -->
<!-- ------------------------------------------------------------------------ -->
<CAI>Commutative
<ANSWER>
<pre>
( 8, 4, 6 )<sup>T</sup>  + ( 2, -2, 9 )<sup>T</sup> = ( 10, 2, 15 )<sup>T</sup>

( 2, -2, 9 )<sup>T</sup> + ( 8,  4, 6 )<sup>T</sup> = ( 10, 2, 15 )<sup>T</sup>
</pre>

<LESSON> 
<INDEX>column matrix addition, commutative</INDEX>

<p>
Matrix addition is <b>commutative</b>. 
This means that
</p>

<pre>
<b>a + b = b + a</b>.
</pre>


<p>
This works for both row and column matrices of all dimensions.
It is also true that:
</p>

<pre>
<b>a + b + c = b + c + a = c + a + b = ....</b>.
</pre>

<p>
In other words, the order in which you add matrices does
not matter.
At least for addition, matrices work the same way as
numbers, since, of course, 1 + 2 = 2 + 1.
</p>

<p>
Matrices and numbers usually do NOT work the same way!
But they do for addition.
</p>

</LESSON>
<QUESTION>
<p>
Contemplate this problem:
</p>

<pre>
( -1, -2, 3 )<sup>T</sup>  + ( 1, 2, -3 )<sup>T</sup> = 
</pre>


</QUESTION>
</CAI>


<!-- ------------------------------------------------------------------------ -->
<!-- ------------------------------------------------------------------------ -->
<!-- ------------------------------------------------------------------------ -->
<CAI>Zero Column Matrix
<ANSWER>

<pre>
( -1, -2, 3 )<sup>T</sup>  + ( 1, 2, -3 )<sup>T</sup> = ( 0, 0, 0 )<sup>T</sup>
</pre>

<LESSON> 
<p>
Here is a problem which will probably not be on the midterm:
</p>

<pre>
( 73.6, -41.4 )<sup>T</sup>  + ( 0.0, 0.0 )<sup>T</sup> = (73.6, -41.4 )<sup>T</sup> 
</pre>


<INDEX>zero matrix</INDEX>
<p>
A matrix with all zero elements is sometimes called a <b>zero matrix</b>.
The sum of a zero matrix and a matrix <b>a</b> of the same type
is just <b>a</b>.
</p>

<p>
In symbols the zero matrix is written as <b>0</b> (bold face zero)
which is different
than 0, the real number zero.
The context in which you see <b>0</b>
determines whether it is a row or a column and how many elements it has.
So if you see
</p>

<pre>
(73.6, -41.4 )<sup>T</sup>  + <b>0</b>
</pre>

<p>
you can assume that <b>0</b> is the right type of matrix for the expression.
</p>

</LESSON>
<QUESTION>
<p>
Do the following  problem (which <em>might</em> be on the midterm):
</p>

<pre>
( 2, 5, -9 ) + ( -32.034, 94.79, 201.062 ) + ( -2, -5, 9 ) = 
</pre>



</QUESTION>
</CAI>

<!-- ------------------------------------------------------------------------ -->
<!-- ------------------------------------------------------------------------ -->
<!-- ------------------------------------------------------------------------ -->
<CAI>Matrix Addition is Associative
<ANSWER>
<pre>
( 2, 5, -9 ) + ( -32.034, 94.79, 201.062 ) + ( -2, -5, 9 ) = 

               ( -32.034, 94.79, 201.062 ) + ( -2, -5, 9 ) + ( 2, 5, -9 ) = 
                                             ----------------------------

               ( -32.034, 94.79, 201.062 ) + ( 0, 0, 0)  = 

               ( -32.034, 94.79, 201.062 )
</pre>


<LESSON> 

<p>
When I give such a problem on a midterm, it is fun to watch
students furiously add up the first two matrices, then
furiously add in the third matrix.
</p>

<INDEX>column matrix addition, associative</INDEX>
<p>
Some students spoil my fun by realizing that 
(since matrix addition is commutative) 
the matrices can be rearranged into a more favorable order.
Once the matrices are in a nice order, you can pick whichever "+"
you want to do first.
That last idea has a name:
</p>

<blockquote>
Matrix addition is <em>associative</em>. This means that
<b>( a + b ) + c = a + ( b + c )</b>.
</blockquote>

<p>
This says "first add <b>a</b> to <b>b</b> then add that result to <b>c</b>."
The result will be the same as if you did "add <b>a</b> to the result of
adding <b>b</b> with <b>c</b>."
This works for both row and column matrices of all dimensions.
</p>

</LESSON>
<QUESTION>
<p>
Thirty seconds to go on your midterm and you discover that you have
skipped a problem:
</p>

<pre>
( 25.1, -19.6 ) + ( -5.0, 9.0 ) + ( 12.4, 8.92 ) + ( -20.1, 10.6 )  = 
</pre>


<p>
Can you get it done in time?
</p>

</QUESTION>
</CAI>

<!-- ------------------------------------------------------------------------ -->
<!-- ------------------------------------------------------------------------ -->
<!-- ------------------------------------------------------------------------ -->
<CAI>Some things which Cannot be Done
<ANSWER>

<pre>
( 25.1, -19.6 ) + ( -5.0, 9.0 ) + ( 12.4, 8.92 ) + ( -20.1, 10.6 )  = 
                  -------------                    ---------------
                                \                /
                                  \            /
                                    \        /
( 25.1, -19.6 ) + ( 12.4, 8.92 ) + ( -25.1, 19.6 ) 
---------------                    ---------------
              \                    /
               \                  /
                \                /
                 \              /
                  \            /
                   ( 0.0, 0.0 )   +  ( 12.4, 8.92 ) = ( 12.4, 8.92 )
</pre>



<LESSON> 

<p>
In computer science terms, the "+" symbol is <em>overloaded,</em>
which means that the operation called for depends on the type of operands.
For example:
</p>

<pre>
1.34 + -9.06 
+ means addition of real numbers

( 84.02, 90.31 )<sup>T</sup> + ( -14.23, 10.85 )<sup>T</sup>
+ means addition of 2D column matrices
</pre>


<p>
The following have no meaning:
</p>

<pre>
34.5 + ( 84.02, 90.31 )<sup>T</sup>
can't add a number to a matrix

( 84.02, 90.31 ) + ( -14.23, 10.85 )<sup>T</sup>
can't add a row matrix to a column matrix

( 84.02, 90.31 ) + ( -14.23, 10.85, 32.75 )
can't add matrices of different dimensions
</pre>


<p>
These problems are clear when the elements are written out, as above,
but it is less clear when variable symbols are used:
</p>

<pre>
a + <b>x</b>  &lt;-- can't add a number to a matrix

<b>x</b> + <b>y</b>  &lt;-- make sure that both are of the same type
</pre>



<p>
There are some strange-looking things you can do, such as in the following:
</p>

</LESSON>
<QUESTION>
<p>
Perform the following addition:
</p>

<pre>
( 4.5, x<sub>1</sub>, w ) + ( -2.3, 3, y<sub>2</sub> )  = 
</pre>


</QUESTION>
</CAI>

<!-- ------------------------------------------------------------------------ -->
<!-- ------------------------------------------------------------------------ -->
<!-- ------------------------------------------------------------------------ -->
<CAI>Matrix Subtraction
<ANSWER>
<pre>
( 4.5, x<sub>1</sub>, w ) + ( -2.3, 3, y<sub>2</sub> )  = ( 2.2, x<sub>1</sub>+3, w+y<sub>2</sub> ) 
</pre>


<LESSON> 

<INDEX>subtraction, column matrices</INDEX>
<p>
Two matrices of the same type can be subtracted to produce a third matrix
of the same type.
As you probably imagine,
subtracting two matrices means subtracting the corresponding elements,
<em>being careful to keep the elements in the same order:</em>
</p>

<pre>
(10, 8, 12 ) - <span class="blue">(2, 14, 9 )</span> = ( 10 - <span class="blue">2</span>, 8 - <span class="blue">14</span>, 12 - <span class="blue">9</span> ) = ( 8, -6, 3 )
</pre>


<p>
If <b>a</b> and <b>b</b>
are matrices of the same type,
<b>a</b> - <b>b</b> = <b>c</b>
means that each element c<sub>i</sub> =  a<sub>i</sub> - b<sub>i</sub>
</p>


</LESSON>
<QUESTION>
<p>
Do these two problems:
</p>

<pre>
(22, 5, -12 ) - (10, -5, 3 ) = 

(10, -5, 3 ) - (22, 5, -12 ) = 
</pre>



</QUESTION>
</CAI>

<!-- ------------------------------------------------------------------------ -->
<!-- ------------------------------------------------------------------------ -->
<!-- ------------------------------------------------------------------------ -->
<CAI>Not Commutative
<ANSWER>
<p>
<pre>
(22, 5, -12 ) - (10, -5, 3 ) = ( 22 - 10, 5 - (-5), -12 - 3 ) = ( 12, 10, -15 )

(10, -5, 3 ) - (22, 5, -12 ) = ( 10 - 22, (-5) - 5, 3 - (-12) ) = (-12, -10, 15 ) 
</pre>

</p>

<LESSON> 
<INDEX>column matrix subtraction, non-commutative</INDEX>
<p>
Another Math Fact emerges:
</p>

<blockquote>
Matrix subtraction is <em>NOT commutative</em>. <br />
This means that you can't change the order when doing
<nobr><b>a - b</b>.</nobr>
</blockquote>

<INDEX>negative column matrix</INDEX>
<p>
The <b>negative</b> of a matrix is this:
</p>

<blockquote>
<b>-a</b> &nbsp; means negate each element of &nbsp; <b>a</b>.
</blockquote>


<p>
So, for example:
</p>

<pre>
-(22, 5, -12 ) = ( -22, -5, 12 )

-( 19.2, 28.6, 0.0 )<sup>T</sup> = ( -19.2, -28.6, 0.0 )<sup>T</sup> 
</pre>


<p>
In symbols: if &nbsp; <b>a</b> &nbsp;is&nbsp; ( a<sub>0</sub>, a<sub>1</sub>, ..., a<sub>2</sub>)
&nbsp;then  &nbsp; <b>-a</b> &nbsp; means ( -a<sub>0</sub>, -a<sub>1</sub>, ..., -a<sub>2</sub>).
</p>

</LESSON>
<QUESTION>
<p>
Perform the following subtraction:
<pre>
( -7.2, -98.6, 0.0 )<sup>T</sup> - ( -2.2, -2.4, 3.0 )<sup>T</sup> 
</pre>


</p>

</QUESTION>
</CAI>

<!-- ------------------------------------------------------------------------ -->
<!-- ------------------------------------------------------------------------ -->
<!-- ------------------------------------------------------------------------ -->
<CAI>Moving "-" Inside
<ANSWER>

<pre>
( -7.2, -98.6, 0.0 )<sup>T</sup> - ( <span class="red">-2.2</span>, <span class="green">-2.4</span>, <span class="blue">3.0</span> )<sup>T</sup> = 
( -7.2 -(<span class="red">-2.2</span>), -98.6 -(<span class="green">-2.4</span>), 0.0 - <span class="blue">3.0</span>)<sup>T</sup> = 
( -5.0, -96.2,  - 3.0)<sup>T</sup> 
</pre>


<LESSON> 

<p>
You may find the following an easier way to do the problem:
</p>
  
<pre>
( -7.2, -98.6, 0.0 )<sup>T</sup> - ( -2.2, -2.4,  3.0 )<sup>T</sup> = 
( -7.2, -98.6, 0.0 )<sup>T</sup> + ( +2.2, +2.4, -3.0 )<sup>T</sup> = 
( -5.0, -96.2, - 3.0)<sup>T</sup> 
</pre>


<p>
The "outside -" was used to negate the second matrix, then the
resulting two matrices were added.
In symbols:
</p>

<pre>
<b>a - b = a + (-b)</b>
</pre>


<p>
This can be more useful to remember than it at first appears.
You can negate matrices so the problem is one of matrix addition,
then rearrange the addition (because addition is commutative):
</p>

<pre>
<b>
a - b + c - d  = a + (-b) + c + (-d) 
               = (-d) + a + c + (-b)</b>
               = any rearrangement you want
</pre>


<p>
Some other facts are:
</p>

<pre>
<b>a + (-a) = 0</b>
<b>a - a = 0</b>
</pre>


<p>
Notice that the <b>0</b> means the <em>zero matrix</em>,
the matrix of the same type as <b>a</b>, but with all
elements zero.
</p>


</LESSON>
<QUESTION>
<p>
Do the following operation:
</p>

<pre>
( 4, -5, 6.2 ) + ( -43.132, 13.6, 86.5 ) - ( 4, -5, -4.8 ) = 
</pre>


</QUESTION>
</CAI>

<!-- ------------------------------------------------------------------------ -->
<!-- ------------------------------------------------------------------------ -->
<!-- ------------------------------------------------------------------------ -->
<CAI>More Practice

<ANSWER>
<p>
This looks like another trap. Rather than blindly rushing in and
calculate, try rearranging things:
</p>

<pre>
( 4, -5, 6.2 ) + ( -43.132, 13.6, 86.5 ) - ( 4, -5, -4.8 ) =

( 4, -5, 6.2 ) + ( -43.132, 13.6, 86.5 ) + ( -4, 5,  4.8 ) =

( 4, -5, 6.2 ) + ( -4, 5, 4.8 ) + ( -43.132, 13.6, 86.5 )  =

( 0, 0, 11 )   + ( -43.132, 13.6, 86.5 ) = (-43.132, 13.6, 97.5 )
</pre>


<p>
You would probably skip a few steps if you were doing this mentally.
</p>

<LESSON> 
<p>
Do a few more practice problems before you move on.
</p>


</LESSON>
<QUESTION>
<p>
What is the sum of the following three displacements:
</p>

<pre>
<b>d</b> = ( -12.4,  14.8,   0.0 )<sup>T</sup>
<b>e</b> = (   6.2, -10.2,  17.0 )<sup>T</sup>
<b>f</b> = (   6.2,  -4.6, -17.0 )<sup>T</sup>
</pre>



</QUESTION>
</CAI>

<!-- ------------------------------------------------------------------------ -->
<!-- ------------------------------------------------------------------------ -->
<!-- ------------------------------------------------------------------------ -->
<CAI>Yet More Practice
<ANSWER>
<pre>
<b>d</b> = ( -12.4,  14.8,   0.0 )<sup>T</sup>
<b>e</b> = (   6.2, -10.2,  17.0 )<sup>T</sup>
<b>f</b> = (   6.2,  -4.6, -17.0 )<sup>T</sup>
    ----------------------
    (   0.0,   0.0    0.0 )<sup>T</sup>
</pre>


<LESSON> 

</LESSON>
<QUESTION>
<p>
Find x, y, and z so that the following is true:
</p>

<pre>
<b>a</b> = ( 8.6, 7.4, 3.9 ) 
<b>b</b> = ( 4.2, 2.2, -3.0 ) 
<b>c</b> = ( x, y, z ) 

<b>a</b> + <b>b</b> + <b>c</b> = <b>0</b>
</pre>


</p>

</QUESTION>
</CAI>

<!-- ------------------------------------------------------------------------ -->
<!-- ------------------------------------------------------------------------ -->
<!-- ------------------------------------------------------------------------ -->
<CAI>Algebra
<p>
Find x, y, and z so that the following is true:
<pre>
<b>a</b> = ( 8.6, 7.4, 3.9 ) 
<b>b</b> = ( 4.2, 2.2, -3.0 ) 
<b>c</b> = ( x, y, z ) 

<b>a</b> + <b>b</b> + <b>c</b> = <b>0</b>
</pre>

</p>
<ANSWER>
<pre>
<b>a</b> + <b>b</b> + <b>c</b> = ( 12.8, 9.6, 0.9 ) + (x, y, z) = ( 12.8+x, 9.6+y, 0.9+z )  = (0, 0, 0) 
</pre>


<p>
So it must be that:
</p>

<pre>
12.8 + x = 0;  x = -12.8
 9.6 + y = 0;  y =  -9.6
 0.9 + z = 0;  z =  -0.9
</pre>

<LESSON> 
<p>
The problem was: find the elements of <b>c</b> when
</p>

<pre>
<b>a</b> + <b>b</b> + <b>c</b> = <b>0</b>
</pre>

<p>
If you didn't know they were matrices, you
might have been tempted to work this using real number algebra:
</p>

<pre>
  <b>a</b> + <b>b</b>  + <b>c</b>  = <b>0</b>
  <b>a</b> + <b>b</b>  = <b>-c</b> + <b>0</b>
 (<b>a</b> + <b>b</b>) = <b>-c</b>
-(<b>a</b> + <b>b</b>) =  <b>c</b>
</pre>


<p>
In fact, this works.
As long as every matrix is of the same type,
and the operations are only "+" or "-",
you can pretend that you are doing ordinary algebra.
Notice that the last equations means "add <b>a</b> with  <b>b</b>,
then negate the result to get <b>c</b>."
</p>

<p>
To see this, look at just the first elements of the matrices:
</p>

<pre>
 ( a<sub>0</sub>, ... ) + ( b<sub>0</sub>, ... ) +  ( c<sub>0</sub>, ... ) =  ( 0, ...)
 ( a<sub>0</sub>, ... ) + ( b<sub>0</sub>, ... )                = -( c<sub>0</sub>, ... ) + ( 0, ...)
 ( a<sub>0</sub>, ... ) + ( b<sub>0</sub>, ... )                = -( c<sub>0</sub>, ... )
 ( a<sub>0</sub> + b<sub>0</sub>, ... )                         = -( c<sub>0</sub>, ... )
-( a<sub>0</sub> + b<sub>0</sub>, ... )                         =  ( c<sub>0</sub>, ... )
-( a<sub>0</sub> + b<sub>0</sub>)                               =    c<sub>0</sub>
</pre>


<p>
If this is too ugly for you this early in the morning,
mentally erase some of the junk:
</p>

<pre>
 a<sub>0</sub> + b<sub>0</sub> + c<sub>0</sub>  =  0
 a<sub>0</sub> + b<sub>0</sub>       = -c<sub>0</sub> + 0 
 a<sub>0</sub> + b<sub>0</sub>       = -c<sub>0</sub>
 a<sub>0</sub> + b<sub>0</sub>       = -c<sub>0</sub>
-( a<sub>0</sub> + b<sub>0</sub>)    =  c<sub>0</sub>
</pre>


<p>
Of course the other elements follow the same pattern so the result is true for
the matrix as a whole.
</p>

</LESSON>
<QUESTION>
<p>
Find   c<sub>0</sub> and c<sub>1</sub> so that the following is true:
<p>

<pre>
<b>a</b> = ( -4, 2 )<sup>T</sup>
<b>b</b> = ( 8, 3 )<sup>T</sup>
<b>c</b> = ( c<sub>0</sub>, c<sub>1</sub> )<sup>T</sup>

<b>a</b> + <b>b</b> + <b>c</b> = <b>0</b>
</pre>



</QUESTION>
</CAI>

<!-- ------------------------------------------------------------------------ -->
<!-- ------------------------------------------------------------------------ -->
<!-- ------------------------------------------------------------------------ -->
<CAI>End of the Chapter
<p>
Find   c<sub>0</sub> and c<sub>1</sub> so that the following is true:
</p>

<pre>
<b>a</b> = ( -4, 2 )<sup>T</sup>
<b>b</b> = ( 8, 3 )<sup>T</sup>
<b>c</b> = ( c<sub>0</sub>, c<sub>1</sub> )<sup>T</sup>

<b>a</b> + <b>b</b> + <b>c</b> = <b>0</b>
</pre>


<ANSWER>
<pre>
 <b>a</b> + <b>b</b> + <b>c</b> = <b>0</b>
 <b>a</b> + <b>b</b> = <b>-c</b>

 ( 4,  5 )<sup>T</sup>  = -( c<sub>0</sub>, c<sub>1</sub> )<sup>T</sup>
-( 4,  5 )<sup>T</sup>  =  ( c<sub>0</sub>, c<sub>1</sub> )<sup>T</sup>
 (-4, -5 )<sup>T</sup>  =  ( c<sub>0</sub>, c<sub>1</sub> )<sup>T</sup>

 c<sub>0</sub> = -4
 c<sub>1</sub> = -5
</pre>


<LESSON> 
<p>
Here are some of the topics this chapter covered:
</p>

<ul>
<li>
<GOTO>transpose</GOTO>Transpose
of a column or row matrix.
</li>

<li>
<GOTO>addition, column matrix</GOTO>Addition
of column and row matrices.
</li>

<li>
<GOTO>column matrix addition, commutative</GOTO>Commutative
property of matrix addition.
</li>

<li>
<GOTO>column matrix addition, associative</GOTO>Associative
property of matrix addition.
</li>

<li>
<GOTO>subtraction, column matrices</GOTO>Subtraction
of column and row matrices.
</li>

<li>
<GOTO>column matrix subtraction, non-commutative</GOTO>Non-commutative
property of matrix subtraction.
</li>

</ul>


<p>
Click on a term to see where it was discussed in this chapter.
The next chapter will 
suggest ways in which what you have learned may 
be useful.
</p>

</CAI>
</CHAPTER>
