<?xml version="1.0" standalone="yes" ?>

<!--  July  28, 2003  bpk   extensive editing  -->
<!--  July  25, 2009  bpk   extensive editing  -->

<CHAPTER>

<COPYRIGHTDATE>2009</COPYRIGHTDATE>
<COPYRIGHTHOLDER>Bradley Kjell</COPYRIGHTHOLDER> 
<AUTHORNAME>kjell at ieee dot org </AUTHORNAME>
<HOMEFILE>../vectorIndex.html#13</HOMEFILE>
<STYLESHEET>../vectorStyle.css</STYLESHEET>

<CAI> CHAPTER 13 &#8212; Matrices and Simple Matrix Operations
<p><small>created: 10/18/98; revised 08/01/00, 07/28/03, 07/22/04, 07/25/09</small></p>

<LESSON>
<p>
In many fields
matrices are used to represent objects and
operations on those objects.
In computer graphics,
points and vectors are represented with
column matrices.
Square matrices
represent operations on those objects.
</p>

<h4>Chapter Topics:</h4>
<ul>
<li>What a matrix is</li>
<li>Dimensions of a matrix</li>
<li>Elements of a matrix</li>
<li>Square matrix</li>
<li>Matrix addition</li>
<li>Zero matrix</li>
<li>Matrix negation</li>
<li>Matrix subtraction</li>
<li>Scalar multiplication of a matrix</li>
<li>The transpose of a matrix</li>
</ul>

</LESSON>

<QUESTION>
<p>
A column matrix consists of a single column of
numbers.
Do you think that numbers could be arranged into several rows and
several columns?
</p>
</CAI>


<!-- ------------------------------------------------------------------------ -->
<!-- ------------------------------------------------------------------------ -->
<!-- ------------------------------------------------------------------------ -->
<CAI>Definition of Matrix
<ANSWER>
<p>
Yes.  For a computer science student, the answer is obvious.
Numbers are often put into a two-dimensional array.
</p>

</ANSWER>

<LESSON>
<INDEX>matrix, definition</INDEX>
<p>
A matrix is a collection of numbers arranged into
a fixed number of 
rows and columns.
Usually the numbers are real numbers.
In general, matrices can contain complex numbers 
but we won't see those here.
Here is an example of a matrix with three rows and three columns:
</p>

<div align="center">
<img src="mtrx1.gif" alt="Rectangular matrix" />
</div>



<p>
The top row is row 1.  The leftmost column is column 1.
This matrix is a 3x3 matrix because it has three rows and three columns.
In describing matrices, the format is:
</p>

<center>
<big>rows X columns</big>
</center>

<INDEX>element</INDEX>
<p>
Each number that makes up a matrix is called an <b>element</b> of the
matrix.
The elements in a matrix have specific locations.  
</p>

<p>
The upper left corner of the matrix
is row 1 column 1.
In the above matrix 
the element at row 1 col 1 is the value 1.
The element at row 2 column 3 is the value 4.6.
</p>


</LESSON>

<QUESTION>
<p>
What is the value of the element at row 3 column 1?
</p>

</QUESTION>

</CAI>


<!-- ------------------------------------------------------------------------ -->
<!-- ------------------------------------------------------------------------ -->
<!-- ------------------------------------------------------------------------ -->
<CAI>Matrix Dimensions
<p>
What is the value of the element at row 3 column 1?
</p>
<ANSWER>
<p>
4
</p>

</ANSWER>

<LESSON>
<INDEX>dimensions</INDEX>
<p>
The numbers of rows and columns of a matrix are
called its <b>dimensions</b>.
Here is a matrix with three rows and two columns:
</p>

<center>
<img src="mtrx2.gif">
</center>

<p>
Sometimes the dimensions are written off
to the side of the matrix, as in the above matrix.
But this is just a little reminder and not
actually part of the matrix.
Here is a matrix with <u>different</u> dimensions.
It has two rows and three columns.
This is a different "data type" than the previous
matrix.
</p>

<center>
<img src="mtrx3.gif" />
</center>

<br clear="all" />
<br />



</LESSON>

<QUESTION>
<p>
What do you suppose a <b>square matrix</b> is?
Here is an example:
</p>

<center>
<img src="mtrxSqare.gif" />
</center>

<br clear="all" />
<br />


</QUESTION>

</CAI>

<!-- ------------------------------------------------------------------------ -->
<!-- ------------------------------------------------------------------------ -->
<!-- ------------------------------------------------------------------------ -->
<CAI>Square Matrix
<ANSWER>
<p>
The number of rows == the number of columns
</p>

</ANSWER>

<LESSON>
<INDEX>matrix, square</INDEX>

<p>
In a <b>square matrix</b> the number of rows equals the number of
columns.  
In computer graphics,
square matrices are used for transformations.
</p>

<img src="mtrxColumn.gif" hspace="15" vspace="15" align="right" />
<p>
A <b>column matrix</b> consists of a
single column. It is a N x 1 matrix.
These notes, and most computer graphics texts, use
column matrices to represent geometrical
vectors.
At right is a 4 x 1 column matrix.
A <b>row matrix</b>
consists of a single row.
(Some books use row matrices to represent
geometical vectors).
</p>

<p>
Some books call a column matrix a
<em>column vector</em> and call a row matrix
a <em>row vector</em>.
This is OK, but can be ambiguous. 
In these notes
the word <em>vector</em> will be used for
a geometric object.
In these notes,
column matrices will be used to represent
vectors and will also be used to represent
geometric points.
</p>

<br clear="all" />
<br />


</LESSON>

<QUESTION>
<p>
What are square matrices used for?
</p>

</QUESTION>

</CAI>

<!-- ------------------------------------------------------------------------ -->
<!-- ------------------------------------------------------------------------ -->
<!-- ------------------------------------------------------------------------ -->
<CAI>Names for Matrices
<ANSWER>
<p>
Square matrices are used (in computer graphics)
to represent geometric transformations.
</p>

</ANSWER>

<LESSON>
<INDEX>matrix, names</INDEX>
<img src="rowman.gif" align=right hspace=30 vspace=30 />
<p>
If you sometimes forget whether rows or columns come first,
just remember that matrices are build out
of rowman columns.
A matrix can be given a name.
In printed text,
the name for a matrix is usually a capital
letter in bold face, like <b>A</b> or <b>M</b>.
Sometimes as a reminder the
dimensions are written to the right of the letter,
as in <b>B<sub>3x3</sub></b>.
</p>

<p>
The elements of a matrix also have names,
usually a lowercase letter the same as the
matrix name, with the position of the element
written as a subscript.
So,
for example,
the 3x3 matrix <b>A</b> might be written as:
</p>

<center>
<img src="mtrx4.gif">
</center>

<p>
Sometimes you write <nobr><b>A</b> = [a<sub>ij</sub>]</nobr>
to say that the elements of matrix <b>A</b> are named
a<sub>ij</sub>.
</p>

</LESSON>

<QUESTION>
<p>
(Thought Question:) If two matrices contain the same numbers as
elements, are the two matrices equal to each other?
</p>

</QUESTION>

</CAI>


<!-- ------------------------------------------------------------------------ -->
<!-- ------------------------------------------------------------------------ -->
<!-- ------------------------------------------------------------------------ -->
<CAI>Matrix Equality
<p>
If two matrices contain the same numbers as
elements, are the two matrices equal to each other?
</p>
<ANSWER>
<p>
No, to be equal, two matrices must have the same dimensions,
and must have the same values in the same positions.
</p>

</ANSWER>

<LESSON>
<INDEX>equality, of matrices</INDEX>
<p>
For two matrices to be equal, they must have
</p>

<OL>
<li>The same dimensions.</li>
<li>Corresponding elements must be equal.</li>
</OL>

<p>
In other words, say that <nobr><b>A<sub>n x m</sub></b> =  [a<sub>ij</sub>]</nobr>
and that  <nobr><b>B<sub>p x q</sub></b> =  [b<sub>ij</sub>]</nobr>.
</p>

<p>
Then <b>A</b> = <b>B</b> if and only if n=p, m=q, and a<sub>ij</sub>=b<sub>ij</sub>
for all i and j in range.
</p>

<p>
Here are two matrices which <u>are not</u> equal even though
they have the same elements.
</p>

<center>
<img src="mtrx5.gif">
</center>


<br clear="all" />
<br />



</LESSON>

<QUESTION>

<img src="mtrx6.gif" align=left hspace=40>

<p>
Here is another pair of matrices.
</p>
<p>
Are these two matrices equal?
</p>

<br clear=all>

</QUESTION>

</CAI>


<!-- ------------------------------------------------------------------------ -->
<!-- ------------------------------------------------------------------------ -->
<!-- ------------------------------------------------------------------------ -->
<CAI>Matrix Addition
<ANSWER>
<p>
No, they have the same dimensions, but corresponding elements are not equal.
</p>

</ANSWER>

<LESSON>
<INDEX>addition, of matrices</INDEX>
<p>
If two matrices have the same number of rows and same number of columns,
then the <em>matrix sum</em> can be computed:
</p>

<blockquote>
If <b>A</b> is an MxN matrix, and <b>B</b> is also an MxN matrix, then
their sum is an MxN matrix formed by adding corresponding 
elements of <b>A</b> and <b>B</b>
</blockquote>

<p>
Here is an example of this:
</p>

<center>
<img src="mtrx7.gif">
</center>

<p>
Of course, in most practical situations the elements of the matrices are
real numbers with decimal fractions, not the small integers often used
in examples.
</p>


</LESSON>

<QUESTION>
<p>
What 3x2 matrix could be added to a second 3x2 matrix without changing
that second matrix?
</p>

</QUESTION>

</CAI>


<!-- ------------------------------------------------------------------------ -->
<!-- ------------------------------------------------------------------------ -->
<!-- ------------------------------------------------------------------------ -->
<CAI>Zero Matrix
<p>
What 3x2 matrix could be added to a second 3x2 matrix without changing
that second matrix?
</p>
<ANSWER>
<p>
The 3x2 matrix that has all its elements zero.
</p>

</ANSWER>

<LESSON>
<INDEX>zero matrix</INDEX>
<p>
A zero matrix is one which has all its elements zero.
Here is a 3x3 zero matrix:
</p>
<blockquote>
<img src="mtrx8.gif">
</blockquote>

<p>
The name of a zero matrix is a bold-face zero: <b><font size="+1">0</font></b>,
although sometimes people forget to
make it bold face.
Here is an interesting problem:
</p>

<blockquote>
<img src="mtrx9.gif">
</blockquote>

<br clear="all" />
<br />



</LESSON>

<QUESTION>
<p>
Form the above sum.  No electronic calculators allowed!
</p>

</QUESTION>

</CAI>


<!-- ------------------------------------------------------------------------ -->
<!-- ------------------------------------------------------------------------ -->
<!-- ------------------------------------------------------------------------ -->
<CAI>Rules for Matrix Addition
<ANSWER>
<p>
Of course, the sum is the same as the non-zero matrix.
</p>

</ANSWER>

<LESSON>
<INDEX>addition, zero matrix</INDEX>
<p>
You should be happy with the following rules of matrix addition.
In each rule, the matrices are assumed to all have the same dimensions.
</p>

<dl>
<dd><b>A</b> + <b>B</b> = <b>B</b> + <b>A</b> </dd>
<dd><b>A</b> + <b>0</b> = <b>0</b> + <b>A</b> = <b>A</b></dd>
<dd><b>0</b> + <b>0</b> = <b>0</b></dd>
</dl>

<p>
These look the same as some rules for addition of real numbers.
(<b>Warning!!</b>  Not all rules for matrix math look the same
as for real number math.)
</p>

<p>
The first rule says that matrix addition is <em>commutative</em>.
This is because ordinary addition is being done on the corresponding
elements of the two matrices, and ordinary (real) addition is
commutative:
</p>

<center>
<img src="mtrx10.gif">
</center>

<br clear="all" />
<br />



</LESSON>

<QUESTION>
<p>
Do you think that: (<b>A</b> + <b>B</b>) + <b>C</b> = <b>A</b> + (<b>B</b> + <b>C</b>)
</p>

</QUESTION>

</CAI>


<!-- ------------------------------------------------------------------------ -->
<!-- ------------------------------------------------------------------------ -->
<!-- ------------------------------------------------------------------------ -->
<CAI>Practice with Matrix Addition
<p>
Do you think that: (<b>A</b> + <b>B</b>) + <b>C</b> = <b>A</b> + (<b>B</b> + <b>C</b>)
</p>
<ANSWER>
<p>
Yes &#8212; this is another rule that works like real number math.
</p>

</ANSWER>

<LESSON>
<p>
Here is another matrix addition problem.
Mentally form the sum (or use a scrap of paper):
</p>

<center>
<img src="mtrx11.gif">
</center>

<p>
Hint:  this problem is not as tedious as it might at first seem.
</p>


</LESSON>

<QUESTION>
<p>
What is the sum?
</p>

</QUESTION>

</CAI>


<!-- ------------------------------------------------------------------------ -->
<!-- ------------------------------------------------------------------------ -->
<!-- ------------------------------------------------------------------------ -->
<CAI>Multipliation of a Matrix by a Scalar
<ANSWER>
<p>
Each element of the 3x3 result is 10.
</p>

</ANSWER>

<LESSON>
<INDEX>scalar multiplication, matrix</INDEX>
<INDEX>multiplication, matrix scalar</INDEX>
<p>
A matrix can be multiplied by a scalar (by a real number) as follows:
</p>

<blockquote>
To multiply a matrix by a scalar, multiply each element of the matrix by the scalar.
</blockquote>

<p>
Here is an example of this.  (In this example, the variable <em>a</em> is a scalar.)
<p>

<center>
<img src="mtrx12.gif" />
</center>


<br clear="all" />
<p>
&#160;
</p>



</LESSON>

<QUESTION>
<p>
Show the result if the scalar <em>a</em> in the above is the value -1.
</p>

</QUESTION>

</CAI>


<!-- ------------------------------------------------------------------------ -->
<!-- ------------------------------------------------------------------------ -->
<!-- ------------------------------------------------------------------------ -->
<CAI>Negative of a Matrix
<ANSWER>
<p>
Each element in the result is the negative of the original,
as seen below.
</p>

</ANSWER>

<LESSON>
<INDEX>matrix, negation</INDEX>
<p>
The negation of a matrix is formed by negating each element of the matrix:
</p>

<blockquote>
<b>-A</b> = -1<b>A</b>
</blockquote>

<p>
So, for example:
</p>

<center>
<img src="mtrx13.gif" />
</center>


<p>
It will not surprise you that <b>A</b> + <b>(-A)</b>&nbsp; = <b>0</b>&nbsp;
</p>


</LESSON>

<QUESTION>
<p>
Look at the above fact.  Can you think of a way to define <em>matrix subtraction</em>?
</p>

</QUESTION>

</CAI>


<!-- ------------------------------------------------------------------------ -->
<!-- ------------------------------------------------------------------------ -->
<!-- ------------------------------------------------------------------------ -->
<CAI>Matrix Subtraction
<ANSWER>
<p>
It seems like subtraction could be defined as adding a negation of a matrix.
</p>

</ANSWER>

<LESSON>
<INDEX>matrix subtraction</INDEX>
<p>
If <b>A</b> and <b>B</b> have the same number of rows and columns, then
<b>A</b> - <b>B</b> is defined as <b>A</b> + <b>(-B)</b>.
Usually you think of this as:
</p>

<blockquote>
To form <b>A</b> - <b>B</b>, from each element of <b>A</b> subtract the
corresponding element of <b>B</b>.
</blockquote>

<p>
Here is a partly finished example:
</p>

<center>
<img src="mtrx14.gif" hspace=30>
</center>

<p>
Notice in particular the elements in the first row of the answer.
The way the result was calculated for the elements in row 1 column 2 
is sometimes confusion.
</p>


</LESSON>

<QUESTION>
<p>
Mentally fill in the two question marks.
</p>

</QUESTION>

</CAI>



<!-- ------------------------------------------------------------------------ -->
<!-- ------------------------------------------------------------------------ -->
<!-- ------------------------------------------------------------------------ -->
<CAI>Transpose

<ANSWER>
<center>
<img src="mtrx15.gif" hspace=30>
</center>


</ANSWER>

<LESSON>
<INDEX>matrix transpose</INDEX>
<p>
The <b>transpose</b> of a matrix is a new matrix whose
rows are the columns of the original 
(which makes its columns the rows of the original).
Here is a matrix and its transpose:
</p>

<center>
<img src="mtrxTrans1.gif" vspace="10" />
</center>

<p>
The superscript "T" means "transpose".
Another way to look at the transpose is that the
element at row r column c in the original
is placed at row c column r of the transpose.
The element 
<b>a<sub>rc</sub></b> of the original matrix
becomes element
<b>a<sub>cr</sub></b> in the transposed matrix.
</p>

<p>
Usually we will work with square matrices,
and it is usually square matrices that will
be transposed.
However, non-square matrices can be transposed, as well:
</p>

<center>
<img src="mtrxTrans2.gif" vspace="3" />
</center>


<br clear="all" />
<br />


</LESSON>

<QUESTION>
<p>
What is:
</p>

<center>
<img src="mtrxTrans3.gif" vspace=10 />
</center>
<br clear=all>

</QUESTION>

</CAI>

<!-- ------------------------------------------------------------------------ -->
<!-- ------------------------------------------------------------------------ -->
<!-- ------------------------------------------------------------------------ -->
<CAI>A Rule for Transpose

<ANSWER>
<center>
<img src="mtrxTrans4.gif" vspace="10" />
</center>


</ANSWER>

<LESSON>

<p>
If a transposed matrix is itself transposed, you get the original back:
</p>

<center>
<img src="mtrxTrans5.gif" vspace="10" />
</center>

<p>
This illustrates the rule (<b>A</b><sup>T</sup>)<sup>T</sup> = <b>A</b>.
</p>
</LESSON>

<QUESTION>
<p>
What is the transpose of:
</p>

<center>
<img src="mtrxTrans6.gif" vspace="10" />
</center>
<br clear=all>

</QUESTION>

</CAI>


<!-- ------------------------------------------------------------------------ -->
<!-- ------------------------------------------------------------------------ -->
<!-- ------------------------------------------------------------------------ -->
<CAI>Symmetric

<ANSWER>
<center>
<img src="mtrxTrans7.gif" vspace="10" />
</center>
<br clear=all>

<p>
The transpose of a row matrix is a column matrix.
And the transpose of a column matrix is a row matrix.
</p>

</ANSWER>

<LESSON>
<p>
A <b>symmetric matrix</b> is equal to its transpose:
<b>A</b><sup>T</sup> = <b>A</b>.
A symmetric matrix must be a square matrix.
Here are some symmetric matrices:
</p>

<table width="80%" class="layout">
<tr>
<td><img src="mtrxSymmetric1.gif" /></td>
<td><img src="mtrxSymmetric2.gif" /></td>
<td><img src="mtrxSymmetric3.gif" /></td>
</tr>
</table>

<p>
In terms of its elements, if a matrix is symmetric,
then <b>a<sub>ij</sub></b> = <b>a<sub>ji</sub></b>.
</p>

</LESSON>

<QUESTION>
<p>
Is the zero matrix symmetric?
</p>
</QUESTION>

</CAI>


<!-- ------------------------------------------------------------------------ -->
<!-- ------------------------------------------------------------------------ -->
<!-- ------------------------------------------------------------------------ -->
<CAI>Main Diagonal

<ANSWER>
Yes.
</ANSWER>

<LESSON>

<p>
The <b>main diagonal</b> of a matrix consists of those
elements that lie on the diagonal that
runs from top left to bottom right.  
If the matrix is <b>A</b>, then its main
diagonal are the elements who's row number
and column number are equal,  <b>a<sub>jj</sub></b>.
</p>

<div align="center">
<img src="mtrxMainDiagonal.gif" alt="Matrix Main Diagonal" />
</div>

<p>
The other diagonal of a matrix
is not important and does not
have a name.
</p>

</LESSON>

<QUESTION>
<p>
What elements of <b>A</b>
are not changed when the transpose
<b>A</b><sup>T</sup> 
is formed?
</p>

</QUESTION>

</CAI>


<!-- ------------------------------------------------------------------------ -->
<!-- ------------------------------------------------------------------------ -->
<!-- ------------------------------------------------------------------------ -->
<CAI>Rule Summary

<ANSWER>
<p>
The elements along the main diagonal.
This is so because the elements
<b>a<sub>jj</sub></b> in <b>A</b>
are the same in <b>A</b><sup>T</sup>.
</ANSWER>


<LESSON>
<p>
Here are some rules that cover what has been discussed.
You should check that they seem reasonable, rather
than memorize them.
For each rule the matrices have the
same number of rows and columns.
</p>

<blockquote>
<table cellpadding="15" width="90%" class="layout">
<tr><td> <b>A</b> + <b>0</b> = <b>A</b> </td>
    <td> <b>A</b> + <b>B</b> = <b>B</b> + <b>A</b> </td>
    <td> <b>0</b> + <b>0</b> = <b>0</b> </td></tr>
     
<tr><td> <b>A</b> + (<b>B</b> + <b>C</b>) = (<b>A</b> + <b>B</b>) + <b>C</b></td>
    <td> (ab)<b>A</b> = a(b<b>A</b>) </td>
    <td> a(<b>A</b> + <b>B</b>) = a<b>B</b> + a<b>A</b> </td></tr>

<tr><td> a<b>0</b> = <b>0</b> </td> 
    <td> (-1)<b>A</b> = <b>-A</b> </td>
    <td> <b>A</b> - <b>A</b>= <b>0</b> </td> </tr>

<tr><td> (<b>A</b><sup>T</sup>)<sup>T</sup> = <b>A</b></td>
    <td> <b>0</b><sup>T</sup> = <b>0</b></td></tr>
</table>
</blockquote>

<p>
In the above, a and b are scalars (real numbers).
<b>A</b> and <b>B</b> are matrices, and <b>0</b> is the
zero matrix of appropriate dimension.
</p>

</LESSON>

<QUESTION>
<p>
If <b>A</b> = <b>B</b> and <b>B</b> = <b>C</b>, then
does <b>A</b> = <b>C</b>?
</p>
</QUESTION>

</CAI>



<!-- ------------------------------------------------------------------------ -->
<!-- ------------------------------------------------------------------------ -->
<!-- ------------------------------------------------------------------------ -->
<CAI>End of the Chapter

<ANSWER>
<p>
Yes.
</p>

</ANSWER>

<LESSON>
<p>
That about wraps it up for this chapter.
You may wish to review the following.
Click on a subject that interests you to go to where it was discussed.
</p>

<ul>
<li>
<GOTO>matrix, definition</GOTO>  Definition of a matrix.
</li>
<li>
<GOTO>element</GOTO> Matrix elements.
</li>
<li>
<GOTO>dimensions</GOTO> Matrix dimensions.
</li>
<li>
<GOTO>matrix, names</GOTO> Names for matrices and their elements.
</li>
<li>
<GOTO>equality, of matrices</GOTO> When two matrices are equal.
</li>
<li>
<GOTO>addition, of matrices</GOTO> Matrix addition.
</li>
<li>
<GOTO>zero matrix</GOTO> The Zero matrix.
</li>
<li>
<GOTO>addition, zero matrix</GOTO> Rules for adding matrices.
</li>
<li>
<GOTO>multiplication, matrix scalar</GOTO> Scalar multiplication of a matrix.
</li>
<li>
<GOTO>matrix, negation</GOTO> Negation of a matrix.
</li>
<li>
<GOTO>matrix subtraction</GOTO> Matrix Subtraction.
</li>
<li>
<GOTO>matrix transpose</GOTO> Matrix Transpose
</li>

</ul>

<p>
The next chapter will discuss more things that can be done with matrices.
</p>

</CAI>
</CHAPTER>
