<?xml version="1.0" standalone="yes" ?>

<!--  July   20, 2003  bpk   extensive editing  -->
<!--  July   20, 2009  bpk   small changes -->

<CHAPTER>

<COPYRIGHTDATE>2003</COPYRIGHTDATE>
<COPYRIGHTHOLDER>Bradley Kjell</COPYRIGHTHOLDER> 
<AUTHORNAME>Bradley Kjell kjell at ieee dot org </AUTHORNAME>
<HOMEFILE>../vectorIndex.html#03</HOMEFILE>
<STYLESHEET>../vectorStyle.css</STYLESHEET>

<CAI>CHAPTER 3 &#8212; Vector Addition

<p>
<small>created 09/29/97; revised 08/06/00; 07/20/03; 07/20/09</small>
</p>

<LESSON>
<p>
The previous chapter discussed  addition of column matrices.
This is an easy, mechanical procedure.
This chapter shows why it is a <em>useful</em> procedure
by discussing
how it represents the <em>geometrical</em> operation of
vector addition.
</p>

<ul>
<li>Addition of geometrical vectors</li>
<li>Addition of vectors using the head-to-tail rule</li>
<li>Coordinate frames</li>
<li>Representing geometrical points with column matrices</li>
<li>Representing geometrical vectors with column matrices</li>
<li>Addition of vectors using column matrices</li>
<li>Vector plus point addition</li>
</ul>
</LESSON>

<QUESTION>
<p>
Just for practice,
add the following two column matrices:
</p>

<pre>
<b>a</b> = ( 3, 2 )<sup>T</sup>
<b>b</b> = (-2, 1 )<sup>T</sup>
</pre>

</QUESTION>

</CAI>


<!-- ------------------------------------------------------------------------- -->
<!-- ------------------------------------------------------------------------- -->
<!-- ------------------------------------------------------------------------- -->
<CAI>Vectors in 2D Space

<pre>
<b>a</b> = ( 3, 2 )<sup>T</sup>
<b>b</b> = (-2, 1 )<sup>T</sup>
</pre>

<ANSWER>
<pre>
<b>a + b</b> = ( 1, 3 )<sup>T</sup>
</pre>


</ANSWER>
<LESSON> 
<img src="vectorAdd1.gif" align="right" hspace="25" />

<p>
Vectors are geometric objects.
A particular vector can be represented in a variety of ways.
It is important to understand the difference between a geometric object 
(such as a point or a vector) 
and the way it is represented 
(often with a column matrix).
</p>


<td>
<p>
The diagram shows points A, B, and C (in two dimensions).
A displacement is a distance and a direction.
Vector <b>u</b> is the displacement from A to B.
Vector <b>v</b> is the displacement from B to C.
</p>

<p>
The displacement from A to C is the vector <b>w</b>.
The effect of moving through the displacement <b>u</b> and then
through the displacement <b>v</b> is the same as moving through
the displacement <b>w</b>.
In symbols:
</p>

<pre>
<b>u</b> + <b>v</b> = <b>w</b>
</pre>

</LESSON>

<QUESTION>
<p>
Does the addition depend on where the vectors are?
</p>


</QUESTION>

</CAI>


<!-- ------------------------------------------------------------------------- -->
<!-- ------------------------------------------------------------------------- -->
<!-- ------------------------------------------------------------------------- -->
<CAI>Position Independent

<p>
Does the addition depend on location?
</p>

<ANSWER>
<p>
No, because vectors have no position.
</p>

</ANSWER>
<LESSON> 

<img src="vectorAdd2.gif" align="right" hspace="25" vspace="25"/>
<p>
The points in the previous diagram show how the combined effect of two
displacements is calculated by adding them together.
But the addition of the displacements did not actually involve the points.
Vector addition usually is shown as in the diagram.
The diagram shows that the <u>effect</u> of moving through the displacement
<b>u</b>  and then moving through the displacement <b>v</b> is the same as moving through
the displacement <b>w</b>.
</p>

<p>
For example, say that you wish to move all the points of a geometric object
through displacement <b>u</b> and then through displacement <b>v</b>.
You could do this by moving each point through displacement <b>w</b>.
</p>


</LESSON>

<QUESTION>

<blockquote>
<img src="vectorAdd3.gif" hspace="4" vspace="4" alt="add s with t" />
</blockquote>

<p>
Mentally draw the line in the diagram that represents
the sum of vector <b>s</b> with vector <b>t</b>.
</p>

<br clear="all" />

</QUESTION>

</CAI>


<!-- ------------------------------------------------------------------------- -->
<!-- ------------------------------------------------------------------------- -->
<!-- ------------------------------------------------------------------------- -->
<CAI>Head-to-Tail Rule

<ANSWER>

<blockquote>
<img src="vectorAdd4.gif" alt="s added to t" />
</blockquote>


</ANSWER>
<LESSON> 

<INDEX>Head-to-Tail Rule, vector addition</INDEX>
<p>
The rule for adding vector <b>v</b> to vector <b>u</b> is:
</p>

<b>Head-to-Tail Rule:</b>
Move vector <b>v</b> (keeping its length and orientation the same)
until its tail touches the head of <b>u</b>.
The sum is the vector from the tail of <b>u</b> to the head of <b>v</b>.
</p>

<div align="center">
<img src="vectorAdd5.gif" alt="Head to Tail Rule" />
</div>

<br clear="all" />

</LESSON>

<QUESTION>

<blockquote>
<img src="vectorAdd6.gif" hspace="25" alt="Add e to d" />
</blockquote>

<p>
Mentally add vector e to vector d.
</p>
<br clear="all" />

</QUESTION>

</CAI>


<!-- ------------------------------------------------------------------------- -->
<!-- ------------------------------------------------------------------------- -->
<!-- ------------------------------------------------------------------------- -->
<CAI>Vector Addition in 3D


<ANSWER>

<blockquote>
<img src="vectorAdd7.gif" alt="Add e to d"/>
</blockquote>

<p>
The diagram shows the vector <b>e</b> sliding up until its tail touches the head of <b>d</b>.
</p>

<p>
The sum is the vector from the tail of <b>d</b> to the head of <b>e</b> .
</p>
<br clear="all" />

</ANSWER>
<LESSON> 

<INDEX>vector addition, in three dimensions</INDEX>
<p>
The diagram shows 3D vectors  <b>a</b> and  <b>b</b>  added to form  <b>c</b> 
(the 3D box is there to aid in visualizing the
three dimensions).
The head-to-tail rule works in 3D as well.
</p>

<div align="center">
<img src="vectorAdd8.gif"  vspace="15" alt="c equals a added to b" />
</div>

<p>
When two vectors are added in 3D,
the head-to-tail rule defines
a triangle oriented in 3D space.
</p>

<br clear="all" />
</LESSON>

<QUESTION>
<p>
Is it possible (do you think) to add three vectors together,
like <b>a</b>+<b>b</b>+<b>d</b> in the figure?
</p>


</QUESTION>

</CAI>


<!-- ------------------------------------------------------------------------- -->
<!-- ------------------------------------------------------------------------- -->
<!-- ------------------------------------------------------------------------- -->
<CAI>Associative

<ANSWER>
<p>
Yes. The result is the total displacement that would result in following
each vector in turn.
</p>


</ANSWER>
<LESSON> 

<INDEX>associative property, vector addition</INDEX>
<INDEX>vector addition, associative property</INDEX>

<div align="center">
<img src="vectorAddABD1.gif"  vspace="25" />
</div>

<p>
The above diagram shows the result of adding 
<nobr>(<b>a</b> + <b>b</b>) + <b>d</b> = <b>c</b> + <b>d</b></nobr>.
The result is the vector with length and direction
the same as the diagonal of the figure.
</p>

<p>
The bottom diagram shows the result of adding 
<nobr><b>a</b> + (<b>b</b> + <b>d</b>)</nobr>.
The result is the same.
This is a demonstration of the
<b>associative</b> property of vector addition:
</p>

<pre>
<b>a</b> + (<b>b</b> + <b>c</b>) = (<b>a</b> + <b>b</b>) + <b>c</b>
</pre>

<div align="center">
<img src="vectorAddABD2.gif"  vspace="25" />
</div>

<p>
The rule works in all dimensions.
Mostly the geometric vectors of
computer graphics are
two dimensional and
three dimensional
(although, in general,
higher dimensions are possible).
</p>

<p>
The associative property means that sums
of several vectors can be
written like
<nobr><b>a</b> + <b>b</b> + <b>c</b> + <b>d</b> + <b>e</b></nobr>
without parentheses.
</p>

<br clear="all" />
</LESSON>

<QUESTION>
<p>
Say that you walk five blocks north, and then three blocks east.
</p>

<p>
If, instead, you had walked
three blocks east
and then five blocks north
would you arrive at the same place?
</p>


</QUESTION>

</CAI>


<!-- ------------------------------------------------------------------------- -->
<!-- ------------------------------------------------------------------------- -->
<!-- ------------------------------------------------------------------------- -->
<CAI>Commutative

<ANSWER>
<p>
Yes.
</p>


</ANSWER>
<LESSON> 


<INDEX>commutative property, vector addition</INDEX>
<INDEX>vector addition, commutative property</INDEX>
<p>
Vector addition is commutative, just like addition of real numbers.
</p>

<blockquote>
Commutative Property: <b>a</b> + <b>b</b> = <b>b</b> + <b>a</b>
</blockquote>

<p>
If you start from point P
you end up at the same spot no matter which
displacement (<b>a</b> or <b>b</b>) you take first.
</p>

<div align="center">
<img src="vectorAdd10.gif" vspace="25" alt="Commutative Rule" />
</div>

<p>
The head-to-tail rule yields
vector <b>c</b> for both <b>a</b> + <b>b</b> and <b>b</b> + <b>a</b>.
</p>

</LESSON>

<QUESTION>
<p>
Does the commutative property hold in all dimensions?
</p>


</QUESTION>

</CAI>


<!-- ------------------------------------------------------------------------- -->
<!-- ------------------------------------------------------------------------- -->
<!-- ------------------------------------------------------------------------- -->
<CAI>Representing Points with Column Matrices

<ANSWER>
<p>
Yes.
</p>

</ANSWER>
<LESSON> 

<INDEX>points, represented as column matrix</INDEX>
<INDEX>coordinate frame</INDEX>
<p>
Points can be represented with column matrices.
To do this,
you first need to decide on a <b>coordinate frame</b>
(sometimes called just <em>frame</em>.
A coordinate frame consists of a distinguished point
P<sub>0</sub> (called the origin) and an axis for
each dimension
(often called X and Y). 
In 2D space there are two axes; in 3D space
there are three axes
(often called X, Y, and Z).
</p>

<center>
<img src="coordinates1.gif" />
</center>


<p>
For now,
let us talk about 2D space.
The left diagram shows a (rather simple) 
virtual world in 2D space.
The points and vectors exist in the space
independent of any coordinate frame.
The next diagram shows the <b>same</b> virtual
world, this time with 
a coordinate frame consisting of
a particular point P<sub>0</sub>
and two axes.
In this coordinate frame,
the point A is represented by the
column matrix (2, 2)<sup>T</sup>.
</p>


<p>
The right diagram shows the <b>same</b> virtual world,
but with a different coordinate frame.
In the second coordinate frame,
the point A is represented by the
column matrix (2, 3)<sup>T</sup>.
</p>

</LESSON>

<QUESTION>
<ul>
<li>How is point B represented using the first coordinate frame?</li>
<li>How is point B represented using the second coordinate frame?</li>
</ul>


</QUESTION>
</CAI>


<!-- ------------------------------------------------------------------------- -->
<!-- ------------------------------------------------------------------------- -->
<!-- ------------------------------------------------------------------------- -->
<CAI>Representing Points with Different Frames
<ANSWER>
<ul>
<li>How is point B represented using the first coordinate frame?
    <ul><li>(6, 2)<sup>T</sup></li></ul></li>
<li>How is point B represented using the second coordinate frame?</li>
    <ul><li>(4.8, 1.6)<sup>T</sup></li></ul></li>
</ul>


</ANSWER>
<LESSON> 

<div align="center">
<img src="flowerTable.gif" vspace="15" />
</div>

<INDEX>points, represented in different frames</INDEX>
<p>
The vital (and often confusing) idea is that 
in a graphics program
there is <u>one</u> virtual
world, but any number of coordinate frames might be in use.
Often, each object has its own frame, 
a different frame is used to describe locations of objects,
and another frame might be used for the viewpoint.
This is something you already do all the time with the real world.
The hard part is seeing how it works with a virtual world.
</p>

<p>
For example, say you have a vase set upon a table.
You are talking to a friend over the telephone and
wish to describe the vase, where it is, and how it looks to you.
</p>

<p>
You might describe the vase as a sphere centered at the
origin intersecting  a cylinder who's axis is the y axis.
That is describing the vase in its own frame.
</p>

<p> 
You might describe the location of the vase as
"8 inches from the front edge of the table
and 12 inches from the right edge."
That is using another frame to describe a location.
</p>

<p>
Now you might talk about how you are viewing the table
from a distance of eight feet and a height of five feet.
That is using yet another frame to describe a viewpoint.
You might walk around the table (admiring the beautiful vase)
and now need a new frame to describe your viewpoint.
Yet another frame.
</p>


</LESSON>

<QUESTION>
<p>
As you are out walking, a stranger approaches you
and asks for directions to the post office.
Which coordinate frame will you use:
latitude and longitude (based on Greenwich, England), 
or the number of city
blocks left and right of your current position?
</p>


</QUESTION>

</CAI>


<!-- ------------------------------------------------------------------------- -->
<!-- ------------------------------------------------------------------------- -->
<!-- ------------------------------------------------------------------------- -->
<CAI>Representing Vectors with Column Matrices


<ANSWER>
<p>
Unless the stranger has a GPS receiver,
the city block coordinate frame is likely
to be the most useful.
</p>


</ANSWER>
<LESSON> 

<center>
<img src="coordinates1.gif" />
</center>

<INDEX>vector, represented with column matrix</INDEX>
<p>
Back to our exciting virtual world. The displacement
from point A to point B is the vector <b>v</b>.
The vector does not depend on any coordinate system.
Using the first coordinate system (middle diagram)
the displacement is represented as
</p>

<pre>
(difference in x coordinates, difference in y coordinates)
</pre>

<p>
In the diagram this is (4, 0)<sup>T</sup>.  
Moving 4 units from point A in the direction of the
x axis brings us to point B.
In the second coordinate system (right diagram)
the same vector is represented by
(2.8, -1.4)<sup>T</sup>.
</p>
</LESSON>

<QUESTION>
<p>
Both points and vectors are represented with
column matrices.
Is this likely to be confusing?
</p>


</QUESTION>

</CAI>


<!-- ------------------------------------------------------------------------- -->
<!-- ------------------------------------------------------------------------- -->
<!-- ------------------------------------------------------------------------- -->
<CAI>Vector Addition represented by <br> Column Matrix Addition


<ANSWER>
<p>
Yes.  This confusion
leads to the use of <em>homogeneous coordinates</em>,
another way to represent points and vectors
with column matrices.
(Your graphics textbook will explain this system).
</p>

<LESSON>

<img src="headToTailRule1.gif" align="right" />

<p>
&nbsp;
</p>

<p>
But these notes will continue to
use column matrices.
If vectors are represented with column matrices,
then vector addition is represented by addition
of column matrices.
For example:
</p>

<pre>
<b>a</b> = ( 3, 2 )<sup>T</sup>
<b>b</b> = ( -2, 1 )<sup>T</sup>
<b>a + b = c</b> = ( 1, 3 )<sup>T</sup>
</pre>

<p>
The diagram shows the head-to-tail rule
used to add a and b to get c.
Adding the column matrices <b>a</b>
and <b>b</b> yields the
column matrix <b>c</b>.
This matrix is the correct representation
of the vector c.
</p>

<br clear="all" />
</LESSON>

<QUESTION>
<p>
Now compute <b>c</b> = <b>b + a</b> for the same
<b>a</b> and <b>b</b> as above.
</p>

</QUESTION>

</CAI>

<!-- ------------------------------------------------------------------------- -->
<!-- ------------------------------------------------------------------------- -->
<!-- ------------------------------------------------------------------------- -->
<CAI>Different Order, but Same Answer
<ANSWER>
<pre>
<b>b + a = c</b> = ( 1, 3 )<sup>T</sup>
</pre>

</ANSWER>
<LESSON> 

<img src="headToTailRule2.gif" align="right" />

<p>
&nbsp;
</p>
<p>
To draw the diagram for this follow the rules, with <b>b</b>
as the starting vector:
</p>

<ol>
<li>Draw the first vector <b>b</b>
as an arrow with its tail at the origin.</li>
<li>Draw the second vector <b>a</b>
as an arrow with its tail at the point of the first.</li>
<li>The sum is the arrow from the origin to the tip of the second vector.</li>
</ol>

<p>
(Remember that <em>vectors have no location</em> so you can draw a
picture of a vector with its tail starting on any point you want.)
</p>

<p>
Since vector addition is commutative,
the result must be the same.
</p>

<br clear="all" />
</LESSON>

<QUESTION>
<p>
(Review: ) Are vector addition and column matrix addition both <em>associative</em>?
</p>

</QUESTION>

</CAI>


<!-- ------------------------------------------------------------------------- -->
<!-- ------------------------------------------------------------------------- -->
<!-- ------------------------------------------------------------------------- -->
<CAI>Practice
<p>
(Review: ) Are vector addition and column matrix addition both <em>associative</em>?
</p>
<ANSWER>
<p>
Yes.
</p>

</ANSWER>
<LESSON> 


<p>
Now it is your turn.
Here are two vectors:
</p>

<pre>
<b>r</b> = ( 4, 3 )<sup>T</sup>
<b>s</b> = ( 1, 2 )<sup>T</sup>
</pre>

<p>
form the sum:
</p>

<pre>
<b>t</b> = <b>r + s</b>
</pre>

<p>
Do it by column matrix addition, and by the
head-to-tail rule.
In the applet, put the mouse pointer on the point where you
wish to start an arrow, left-click and drag to the point where
you wish the arrow to end.
</p>

<div align="center">
<applet code="drawArrow" width="240"  height="300" hspace="15">
	<param name="xMin" value="-2">
	<param name="xMax" value="7">
	<param name="yMin" value="-2">
	<param name="yMax" value="7">
	<param name="enableDraw" value="yes">
</applet>
</align>

<br clear="all" />
</LESSON>

<QUESTION>
<p>
When your picture is complete, go on to the next page.
</p>

</QUESTION>

</CAI>

<!-- ------------------------------------------------------------------------- -->
<!-- ------------------------------------------------------------------------- -->
<!-- ------------------------------------------------------------------------- -->
<CAI>Answer
<ANSWER>
<p>
Applying the rule:
</p>

<pre>
<b>t</b> = <b>(5, 5)<sup>T</sup></b>
</pre>

</ANSWER>
<LESSON> 


<div align="center">
<applet code="drawArrow" width="240" height="300"  vspace="15">
<param name="xMin" value="-2">
<param name="xMax" value="7">
<param name="yMin" value="-2">
<param name="yMax" value="7">

<param name="vector0" value="0,0,4,3">
<param name="color0" value="green">
<param name="label0" value="r=(4,3)">

<param name="vector1" value="4,3,5,5">
<param name="color1" value="blue">
<param name="label1" value="s=(1,2)">

<param name="vector2" value="0,0,5,5">
<param name="color2" value="red">
<param name="label2" value="t">

<param name="enableDraw" value="yes">
</applet>
</div>

<p>
Now add up the vectors in the opposite order:
form the sum
</p>

<pre>
<b>t</b> = <b>s + r</b>
</pre>

<p>
where
</p>

<pre>
<b>r</b> = ( 4, 3 )<sup>T</sup>
<b>s</b> = ( 1, 2 )<sup>T</sup>
</pre>

<p>
Do this by adding two new arrows to the  diagram.
(Remember, vectors have no location, so it is OK to
have several arrows in a diagram for the same vector.)
</p>
<br clear="all" />
</LESSON>

<QUESTION>
<p>
Continue to the next page when your answer is finished.
</p>

</QUESTION>

</CAI>


<!-- ------------------------------------------------------------------------- -->
<!-- ------------------------------------------------------------------------- -->
<!-- ------------------------------------------------------------------------- -->
<CAI>Parallelogram for Vector Addition 
<ANSWER>
<p>
As before,
</p>

<pre>
<strong>T</strong> = <strong>(5, 5)<sup>T</sup></strong>
</pre>


<LESSON>

<div align="center">
<applet code="drawArrow" width="240" height="300">
<param name="xMin" value=-2>
<param name="xMax" value=7>
<param name="yMin" value=-2>
<param name="yMax" value=7>

<param name="vector0" value="0,0,4,3">
<param name="color0" value="green">
<param name="label0" value="R">

<param name="vector1" value="1,2,5,5">
<param name="color1" value="green">
<param name="label1" value="R">

<param name="vector2" value="4,3,5,5">
<param name="color2" value="blue">
<param name="label2" value="S">

<param name="vector3" value="0,0,1,2">
<param name="color3" value="blue">
<param name="label3" value="S">

<param name="vector4" value="0,0,5,5">
<param name="color4" value="red">
<param name="label4" value="T">

<param name="enableDraw" value=yes>
</applet>
</div>

<p>
There are two ways to form the sum:
</p>

<pre>
<strong>T</strong> = <strong>S + R</strong>
<strong>T</strong> = <strong>R + S</strong>
</pre>

<p>
  where
</p>

<pre>
<strong>R</strong> = ( 4, 3 )<sup>T</sup>
<strong>S</strong> = ( 1, 2 )<sup>T</sup>
</pre>

<p>
There are two ways to draw the diagram,
depending on which arrow's tail you put at the origin.
If you draw both versions,
then you get a parallelogram with the sum of the vectors
as the diagonal arrow whose tail starts at the origin.
</p>

<INDEX>parallelogram</INDEX>
<p>
<em>What is a parallelogram?</em> you might ask, if your
high school geometry is a bit murky.
A parallelogram is a four sided figure with opposite sides 
parallel and equal in length.
So, for example,
the blue arrows representing the vector <b>s</b>
are the same length and same direction.
The green arrows representing the vector <b>r</b>
have their same length and same direction.
</p>

</LESSON>

<QUESTION>
<p>

<b>u</b> = ( -3, 2 )<sup>T</sup>, &nbsp;  &nbsp;
<b>v</b> = ( 1, -5 )<sup>T</sup> &nbsp;  &nbsp;
form the sum: &nbsp;  &nbsp;
<b>w</b> = <b>u + v</b>

</p>

</QUESTION>

</CAI>


<!-- ------------------------------------------------------------------------- -->
<!-- ------------------------------------------------------------------------- -->
<!-- ------------------------------------------------------------------------- -->
<CAI>More Practice
<p>

<b>u</b> = ( -3, 2 )<sup>T</sup>, &nbsp;  &nbsp;
<b>v</b> = ( 1, -5 )<sup>T</sup> &nbsp;  &nbsp;
form the sum: &nbsp;  &nbsp;
<b>w</b> = <b>u + v</b>
</p>

<ANSWER>

<p>
<strong>w</strong> = ( -2, -3 )<sup>T</sup>
</p>

</ANSWER>
<LESSON> 

<div align="center">
<applet code="drawArrow" 
  width="240" height="300" vspace="25">
<param name="xMin" value=-5>
<param name="xMax" value=4>
<param name="yMin" value=-5>
<param name="yMax" value=4>

<param name="enableDraw" value=yes>
</applet>
</div>

<p>
Now draw <b>u</b>, <b>v</b>, and <b>w</b> on the graph paper,
where, as before, 
<nobr><b>u</b> = ( -3, 2 )<sup>T</sup>, &nbsp;  &nbsp;</nobr>
<nobr><b>v</b> = ( 1, -5 )<sup>T</sup>,  &nbsp;  &nbsp; and &nbsp;  &nbsp;</nobr>
<nobr><b>w</b> = ( -2, -3 )<sup>T</sup></nobr>
</p>
<br clear="all" />
</LESSON>

<QUESTION>
<p>
Continue to the next page when you have answered.
</p>

</QUESTION>

</CAI>

<!-- ------------------------------------------------------------------------- -->
<!-- ------------------------------------------------------------------------- -->
<!-- ------------------------------------------------------------------------- -->
<CAI>Two Legged Trip 
<ANSWER>
<p>
Your answer should look like the diagram.
</p>

</ANSWER>
<LESSON> 

<div align="center">
<applet  code="drawArrow" 
  width="240" height="300"  vspace="15">
<param name="xMin" value=-5>
<param name="xMax" value=4>
<param name="yMin" value=-5>
<param name="yMax" value=4>

<param name="vector0" value="0,0,-3,2">
<param name="color0" value="blue">
<param name="label0" value="u">

<param name="vector1" value="-3,2,-2,-3">
<param name="color1" value="green">
<param name="label1" value="v">

<param name="vector2" value="0,0,-2,-3">
<param name="color2" value="red">
<param name="label2" value="w">

<param name="enableDraw" value=yes>
</applet>
</div>

<p>
&#160;
</p>
<p>
The diagram shows <b>w</b> = <b>u</b> + <b>v</b>, where
<nobr><b>u</b> = ( -3, 2 )<sup>T</sup>, &nbsp;  &nbsp;</nobr>
<nobr><b>v</b> = ( 1, -5 )<sup>T</sup>,  &nbsp;  &nbsp; and &nbsp;  &nbsp;</nobr>
<nobr><b>w</b> = ( -2, -3 )<sup>T</sup></nobr>
</p>

<p>
Now consider an ant that starts at the origin and walks along vector 
<b>u</b>, then walks along vector <b>v</b>,
to end up at the tip of <b>w</b>.
</p>

<p>
A second ant starts at the origin and walks along vector 
<b>w</b> to its end.
Both ants end up at the same point.
</p>

<br clear="all" />
</LESSON>

<QUESTION>
<p>
Did the two ants walk the same distance?
</p>

</QUESTION>

</CAI>

<!-- ------------------------------------------------------------------------- -->
<!-- ------------------------------------------------------------------------- -->
<!-- ------------------------------------------------------------------------- -->
<CAI>Summing Displacements &ne; Summing Lengths
<p>
Did the two ants walk the same distance?
</p>
<ANSWER>
<p>
No. In this case, it is clear that walking in a straight line
to the final destination is shorter.
</p>

</ANSWER>
<LESSON> 

<div align="center">
<applet code="drawArrow" width="240" height="300">
<param name="xMin" value=-2>
<param name="xMax" value=6>
<param name="yMin" value=-2>
<param name="yMax" value=6>

<param name="vector0" value="0,0,5,4">
<param name="color0"  value="blue">
<param name="label0"  value="e">

<param name="vector1" value="5.09,4.0,0.19,0.1">
<param name="color1"  value="green">
<param name="label1"  value="g">
</applet>
</div>

<p>
Summing displacements (vectors) is not the same as summing their length.
In the previous example, the sum of <b>u</b> and <b>v</b>
yields a vector that is shorter than the length of <b>u</b> 
plus the length of <b>v</b>.
For now, just observe this by looking at the previous diagram,
and remembering that "a straight line is the shortest distance 
between two points." 
(Later on this will be discussed using the Pythagorean Formula.)
</p>

<INDEX>triangle inequality</INDEX>
<p>
This fact is called the <b>triangle inequality</b>:
</p>

<pre>
length( <b>u</b> + <b>v</b> ) &lt;= length( <b>u</b> ) + length( <b>v</b> )
</pre>

<p>
Here is a case where the length of the sum is <em>much</em> shorter than
the sum of the lengths:
</p>

<pre>
<b>e</b> = ( 5, 4 )<sup>T</sup>
<b>g</b> = ( -4.9, -3.9 )<sup>T</sup>
<b>e + g</b> = ( .1, .1 )<sup>T</sup>
</pre>

<p>
(For clarity <b>g</b> has been moved
slightly moved away from where it should be.)
</p>

<br clear="all" />
</LESSON>

<QUESTION>
<p>
Can you think of a situation where 
the length of the result is equal to the sum of the length of the
two input vectors?
</p>

</QUESTION>

</CAI>

<!-- ------------------------------------------------------------------------- -->
<!-- ------------------------------------------------------------------------- -->
<!-- ------------------------------------------------------------------------- -->
<CAI>Vectors in the Same Direction

<ANSWER>
<p>
This is true if one vector has the same direction as the other.
</p>

</ANSWER>
<LESSON> 

<div align="center">
<applet  code="drawArrow" 
  width="240" height="300" vspace="10">
<param name="xMin" value=-2>
<param name="xMax" value=7>
<param name="yMin" value=-2>
<param name="yMax" value=7>
<param name="vector0" value="0,0,4,3">
<param name="color0" value="blue">
<param name="label0" value="(4,3)">

<param name="vector1" value="4,3,6,4.5">
<param name="color1" value="green">
<param name="label1" value="(2,1.5)">

<param name="vector2" value="0.1,0,6.1,4.5">
<param name="color2" value="red">
</applet>
</div>

<INDEX>vectors, collinear</INDEX>

<p>
This situation is illustrated in the diagram.
The head-to-tail rule is used to sum two vectors pointing in the same direction.
(Vectors in the same direction are called <b>collinear</b>).
The sum vector is slightly moved out of its correct position so that
you can see it.
The summed vectors are <span class="blue"><b>( 4, 3 )<sup>T</sup></b></span> 
and <span class="green"><b>( 2, 1.5 )<sup>T</sup></b></span>.
The sum is <span class="red"><b>(6, 4.5)<sup>T</sup></b></span>
</p>

<p>
For now, to determine if two vectors have the
same direction 
look at a picture or use geometry.
Later on 
you will see a procedure
to test if two vectors
point in the same direction.
</p>

<p>
This example is a case where the "=" sign in the formula applies:
</p>

<pre>
length(<b>u</b> + <b>v</b>) &lt= length(<b>u</b>) + length(<b>v</b>)
</pre>

<br clear="all" />
</LESSON>

<QUESTION>
<p>
Can you think of <em>another</em> case in which the "=" sign applies?
</p>

</QUESTION>

</CAI>

<!-- ------------------------------------------------------------------------- -->
<!-- ------------------------------------------------------------------------- -->
<!-- ------------------------------------------------------------------------- -->
<CAI>Diagram for Adding the Zero Vector 

<ANSWER>
<p>
When one of the vectors is a zero vector:
</p>

<pre>
length(<b>u</b> + <b>0</b>) &lt= length(<b>u</b>) + length(<b>0</b>)
</pre>

</ANSWER>

<LESSON> 

<div align="center">

<applet code="drawArrow" 
  width="200" height="230" vspace="15">
<param name="xMin" value=-2>
<param name="xMax" value=6>
<param name="yMin" value=-2>
<param name="yMax" value=6>

<param name="vector0" value="0,0,4,3">
<param name="color0" value="blue">
<param name="label0" value="A">
</applet>
</div>

<INDEX>zero vector, addition of</INDEX>

<p>
&#160;
</p>

<p>
Add the zero matrix ( 0, 0 )<sup>T</sup>
to the matrix ( 4, 3 )<sup>T</sup>.
If (0, 0)<sup>T</sup>
represents a displacement vector, 
it means
do nothing to change position.
In the diagram,
no arrow can be drawn for the zero vector
since it has no length.
</p>

<br clear=all>

</LESSON>

<QUESTION>

<p>
Now consider what this might mean:
add the vector (1, 2)<sup>T</sup> to
the <u>point</u> (4, 4)<sup>T</sup>.
</p>

<p>
If you think that makes sense,
then do the calculation.
What type of object is the result?
</p>

</QUESTION>

</CAI>

<!-- ------------------------------------------------------------------------- -->
<!-- ------------------------------------------------------------------------- -->
<!-- ------------------------------------------------------------------------- -->
<CAI>Adding Points and Vectors
<p>
Add the vector  (1, 2)<sup>T</sup>  to
the <u>point</u> (4, 4)<sup>T</sup>.
</p>

<ANSWER>


<p>
The result is a point:
(4, 4)<sup>T</sup> +  (1, 2)<sup>T</sup>  = ( 5, 6 )<sup>T</sup>
</p>

</ANSWER>
<LESSON> 

<INDEX>addition, point + vector</INDEX>
<p>
If the vector  (1, 2)<sup>T</sup> 
is a displacement (i.e., an amount by which to change x, and an amount by
which to change y), 
then the result must be a point in a new location:
</p>

<pre>
(4, 4)<sup>T</sup> +  (1, 2)<sup>T</sup>  = ( 5, 6 )<sup>T</sup>
</pre>

<p>
This is one of those situations where using the same representation
(i.e. column matrices) for both points and vectors is confusing.
You have to keep track of what type of object each matrix represents.
</p>



<p>
A displacement vector  added to a point results in a point.
Here is a diagram of that:
</p>

<center>
<img src="pointVectorAdd.gif" hspace="10" />
</center>

<p>
This is slightly odd.
Two mathematical objects <em>of different types</em>
are added together.
Again, the "+" sign is overloaded.
</p>



<br clear="all" />

</LESSON>

<QUESTION>

<div align="center">
<applet code="drawArrow"
  width="240" height="300">
<param name="xMin" value=-2>
<param name="xMax" value=7>
<param name="yMin" value=-2>
<param name="yMax" value=7>

<param name="point0" value="4,4">
<param name="plabel0" value="(4,4)">

<param name="point1" value="5,6">
<param name="plabel1" value="(5,6)">

<param name="enableDraw" value=yes> 
</applet>
</div>

<p>
The diagram (above) shows the point (4, 4)<sup>T</sup>.
Draw the vector  <strong>(1, 2)<sup>T</sup></strong> 
as a displacement from that point to the
sum (5, 6)<sup>T</sup>.
</p>

</QUESTION>

</CAI>


<!-- ------------------------------------------------------------------------- -->
<!-- ------------------------------------------------------------------------- -->
<!-- ------------------------------------------------------------------------- -->
<CAI>Translation 
<ANSWER>
<p>
Your picture should look like the one below.
</p>

</ANSWER>
<LESSON> 

<div align="center">
<applet code="drawArrow" width="240" height="300">
<param name="xMin" value=-2>
<param name="xMax" value=7>
<param name="yMin" value=-2>
<param name="yMax" value=7>

<param name="point0" value="4,4">
<param name="plabel0" value="(4,4)">

<param name="point1" value="5,6">
<param name="plabel1" value="(5,6)">

<param name="vector0" value="4,4,5,6">

<param name="enableDraw" value=yes> 
</applet>
</div>

<INDEX>translation</INDEX>

<p>
&#160;
</p>

<p>
Sometimes the operation of adding a vector to a point is
called
<b>translation</b>.
The original point is sometimes said to have been "translated to
a new location."
</p>


<p>
The vocabulary here might be confusing.
In mathematical terms, the sum of a vector and
a point yields a new point.
The first point remains unchanged.
But in computer graphics terms it is nice to
think about pictures "moving across the screen"
when displacement vectors are added to their points.
So sometimes people talk about "moving a point" and
talk about the "old point" and the "new point".
</p>


<br clear="all" />

</LESSON>

<QUESTION>

<p>
We have seen:
</p>

<ul>
<li> vector + vector</li>
<li> point + vector</li>
<li> point - point</li>
</ul>

<p>
Do you suppose that this operation can be done:
</p>

<ul>
<li> point + point</li>
</ul>


</QUESTION>

</CAI>

<!-- ------------------------------------------------------------------------- -->
<!-- ------------------------------------------------------------------------- -->
<!-- ------------------------------------------------------------------------- -->
<CAI>End of Chapter
<ANSWER>

<p>
The sum of two points does not mean anything, geometrically.
You can mechanically form the sum of two column vectors that represent points,
but the result is meaningless.
</p>

<LESSON>
<p>
You have reached the end of this chapter.
Perhaps you would like to see if you remember any of it:
</p>

<ul>
<li>
<GOTO>Head-to-Tail Rule, vector addition</GOTO>Head to tail rule
for geometric vector addition.
</li>

<li>
<GOTO>vector addition, in three dimensions</GOTO>Head to tail rule
in three dimensions.
</li>

<li>
<GOTO>vector addition, associative property</GOTO>Associative property
of vector addition.
</li>

<li>
<GOTO>vector addition, commutative property</GOTO>Commutative property
of vector addition.
</li>

<li>
<GOTO>coordinate frame</GOTO>Coordinate frames.
</li>

<li>
<GOTO>points, represented in different frames</GOTO>Representing points
using coordinate frames and column matrices.
</li>

<li>
<GOTO>vector, represented with column matrix</GOTO>Representing points
using coordinate frames and column matrices.
</li>

<li>
<GOTO>parallelogram</GOTO>Parallelogram
in vector addition
</li>

<li>
<GOTO>triangle inequality</GOTO>Triangle inequality
</li>

<li>
<GOTO>vectors, collinear</GOTO>Collinear vectors.
</li>

<li>
<GOTO>zero vector, addition of</GOTO>Zero vector
addition.
</li>

<li>
<GOTO>addition, point + vector</GOTO>Point plus vector
addition.
</li>

</ul>

<p>
The next chapter will further
discuss operations on vectors.
The  chapter after that will  
discuss further operations on vectors.
The  chapter after <em>that</em> will further
discuss further operations on vectors.
It is going to be a long semester.
</p>

</QUESTION>

</CAI>
</CHAPTER>
