<?xml version="1.0" standalone="yes" ?>

<!--  July   25, 2003  bpk   extensive editing  -->
<!--  Oct.   25, 2005  bpk   some changes  -->

<CHAPTER>

<COPYRIGHTDATE>2003</COPYRIGHTDATE>
<COPYRIGHTHOLDER>Bradley Kjell</COPYRIGHTHOLDER> 
<AUTHORNAME>Bradley Kjell kjell at ieee dot org </AUTHORNAME>
<HOMEFILE>../vectorIndex.html#13</HOMEFILE>
<STYLESHEET>../vectorStyle.css</STYLESHEET>


<CAI> CHAPTER 16 &#8212; Identity Matrix and Matrix Inverse
<p><small>revised 08/01/00, 07/29/03, 10/25/05, 07/25/09 </small></p>

<LESSON>
<p>
This chapter examines further properties of
the matrix-matrix product and two special
types of matrices.
</p>

<h4>Chapter Topics:</h4>
<ul>
<li>Identity Matrix.</li>
<li>Matrix Inverse.</li>
<li>Singular and non-singular Matrices.</li>
<li>Determinant of a Singular Matrix.</li>
</ul>

<p>
For this chapter all matrices
are square.
</p>
</LESSON>

<QUESTION>
<p>
(Review: ) What is a square matrix?
</p>
</QUESTION>

</CAI>


<!-- ------------------------------------------------------------------------ -->
<!-- ------------------------------------------------------------------------ -->
<!-- ------------------------------------------------------------------------ -->
<CAI>Square Matrices
<ANSWER>
<p>
A square matrix is one where the number of rows equals the 
number of columns.
</p>

</ANSWER>

<LESSON>

<p>
Computer graphics uses square matrices for many purposes.
Most transformations, 
such as changing the point of view
in a 3D world or projecting it into a 2D image, 
are done with square matrices.
</p>

<p>
Square matrices have properties that are not in general
shared by other rectangular matrices.
To get a taste of one of these properties,
perform the following multiplication:
</p>

<script language="JavaScript">
function blankC()
{
  var theform = document.forms[0]
  theform.txtC11.value=" "
  theform.txtC12.value=" "
  theform.txtC21.value=" "
  theform.txtC22.value=" "
}

function multMatsAB()
{
  var theform = document.forms[0]
  theform.txtC11.value=parseFloat(theform.txtA11.value)*parseFloat(theform.txtB11.value)+parseFloat(theform.txtA12.value)*parseFloat(theform.txtB21.value)
  theform.txtC12.value=parseFloat(theform.txtA11.value)*parseFloat(theform.txtB12.value)+parseFloat(theform.txtA12.value)*parseFloat(theform.txtB22.value)
  theform.txtC21.value=parseFloat(theform.txtA21.value)*parseFloat(theform.txtB11.value)+parseFloat(theform.txtA22.value)*parseFloat(theform.txtB21.value)
  theform.txtC22.value=parseFloat(theform.txtA21.value)*parseFloat(theform.txtB12.value)+parseFloat(theform.txtA22.value)*parseFloat(theform.txtB22.value)
}
</script>

<center>
<form name="myForm">
<table cellpadding="3" class="layout">

<tr><th colspan=4>A</th> <th colspan=4>I</th> <th>=</th> <th colspan=4>C</th></tr>
<tr>
  <td rowspan=2><img src="lparen50.gif"></td>
  <td><input type=text name=txtA11 value=1 size=2 onFocus="value=' '" onChange="blankC()"></td>
  <td><input type=text name=txtA12 value=2 size=2 onFocus="value=' '" onChange="blankC()"></td>
  <td rowspan=2><img src="rparen50.gif"></td>
  <td rowspan=2><img src="lparen50.gif"></td>
  <td><input type=text name=txtB11 value=1 size=2 onChange="value=1"></td>
  <td><input type=text name=txtB12 value=0 size=2 onChange="value=0"></td>
  <td rowspan=2><img src="rparen50.gif"></td>
  <td rowspan=2><input type=button value="  =  " onClick="multMatsAB()"></td>
  <td rowspan=2><img src="lparen50.gif"></td>
  <td><input type=text name=txtC11 value=" " size=2></td>
  <td><input type=text name=txtC12 value=" " size=2></td>
  <td rowspan=2><img src="rparen50.gif"></td>
</tr>
<tr>
  <td><input type=text name=txtA21 value=-2 size=2 onFocus="value=' '" onChange="blankC()"></td>
  <td><input type=text name=txtA22 value=1  size=2 onFocus="value=' '" onChange="blankC()"></td>
  <td><input type=text name=txtB21 value=0  size=2 onChange="value=0"></td>
  <td><input type=text name=txtB22 value=1   size=2 onChange="value=1"></td>
  <td><input type=text name=txtC21 value=" "  size=2></td>
  <td><input type=text name=txtC22 value=" "  size=2></td>
</tr>
</table> 
</center>

<p>
Try changing some of the elements of <b>A</b> (don't change elements of <b>I</b>)
and try the product again.
</p>

</LESSON>

<QUESTION>
<p>
What is true of the product <b>AI</b> ?
</p>
</QUESTION>

</CAI>


<!-- ------------------------------------------------------------------------ -->
<!-- ------------------------------------------------------------------------ -->
<!-- ------------------------------------------------------------------------ -->
<CAI>Pre-multiplication by I
<ANSWER>
<p>
<b>AI</b> = <b>A</b> 
</p>

</ANSWER>

<LESSON>

<p>
Now perform the following multiplication.
</p>
<script language="JavaScript">
function blankC()
{
  var theform = document.forms[0]
  theform.txtC11.value=" "
  theform.txtC12.value=" "
  theform.txtC21.value=" "
  theform.txtC22.value=" "
}

function multMatsBA()
{
  var theform = document.forms[0]
  theform.txtC11.value=parseFloat(theform.txtB11.value)*parseFloat(theform.txtA11.value)+parseFloat(theform.txtB12.value)*parseFloat(theform.txtA21.value)
  theform.txtC12.value=parseFloat(theform.txtB11.value)*parseFloat(theform.txtA12.value)+parseFloat(theform.txtB12.value)*parseFloat(theform.txtA22.value)
  theform.txtC21.value=parseFloat(theform.txtB21.value)*parseFloat(theform.txtA11.value)+parseFloat(theform.txtB22.value)*parseFloat(theform.txtA21.value)
  theform.txtC22.value=parseFloat(theform.txtB21.value)*parseFloat(theform.txtA12.value)+parseFloat(theform.txtB22.value)*parseFloat(theform.txtA22.value)
}
</script>

<center>
<form name="myForm">
<table cellpadding="3" class="layout">

<tr><th colspan=4>I</th> <th colspan=4>A</th> <th>=</th> <th colspan=4>C</th></tr>
<tr>
  <td rowspan=2><img src="lparen50.gif"></td>
  <td><input type=text name=txtB11 value=1 size=2 onChange="value=1"></td>
  <td><input type=text name=txtB12 value=0 size=2 onChange="value=0"></td>
  <td rowspan=2><img src="rparen50.gif"></td>
  <td rowspan=2><img src="lparen50.gif"></td>
  <td><input type=text name=txtA11 value=1 size=2 onFocus="value=' '" onChange="blankC()"></td>
  <td><input type=text name=txtA12 value=2 size=2 onFocus="value=' '" onChange="blankC()"></td>
  <td rowspan=2><img src="rparen50.gif"></td>
  <td rowspan=2><input type=button value="  =  " onClick="multMatsBA()"></td>
  <td rowspan=2><img src="lparen50.gif"></td>
  <td><input type=text name=txtC11 value=" " size=2></td>
  <td><input type=text name=txtC12 value=" " size=2></td>
  <td rowspan=2><img src="rparen50.gif"></td>
</tr>
<tr>
  <td><input type=text name=txtB21 value=0  size=2 onChange="value=0"></td>
  <td><input type=text name=txtB22 value=1   size=2 onChange="value=1"></td>
  <td><input type=text name=txtA21 value=-2 size=2 onFocus="value=' '" onChange="blankC()"></td>
  <td><input type=text name=txtA22 value=1  size=2 onFocus="value=' '" onChange="blankC()"></td>
  <td><input type=text name=txtC21 value=" "  size=2></td>
  <td><input type=text name=txtC22 value=" "  size=2></td>
</tr>
</table> 
</center>

<p>
Try changing some of the elements of <b>A</b> (don't change elements of <b>I</b>)
and try the product again.
</p>

</LESSON>

<QUESTION>
<p>
What is true of the product <b>IA</b> ?
</p>
</QUESTION>

</CAI>


<!-- ------------------------------------------------------------------------ -->
<!-- ------------------------------------------------------------------------ -->
<!-- ------------------------------------------------------------------------ -->
<CAI>Identity Matrix
<ANSWER>
<p>
<b>IA</b> = <b>A</b> 
</p>

<LESSON>
<INDEX>matrix, identity</INDEX>
<INDEX>identity matrix</INDEX>

<p>
The matrix <b>I</b> is called an <b>identity matrix</b> because
<b>IA</b> = <b>A</b> and <b>AI</b> = <b>A</b> for all matrices <b>A</b>.
This is similar to the number <b>1</b>, 
which is called the multiplicative identity,
because 1a = a and a1 = a for all real numbers a.
</p>

<p>
There is no matrix that works as an identity for 
matrices of all dimensions.
For <b>N&#215;N</b> square matrices
there is a matrix <b>I</b><sub>N&#215;N</sub>
that works as an identity.
</p>



<blockquote>
<table cellpadding="15" border="2">
<tr>
<td>

<table>
<tr>
<td>
<img src="lparen60.gif"></td>
<td><pre><font size=+1><b>
1  0  0
0  1  0
0  0  1
</b></font></pre></td>
<td><img src="rparen60.gif"></td>
</tr>
</table>

<td>

<p>
The  N-dimensional identity matrix <b>I</b><sub>N&#215;N</sub>  
has 1's on the main diagonal and 0's elsewhere.
</p>

<p>
The <b>main diagonal</b> consists of the
elements with the row number
equal to the column number.
</p>
</td>
</tr>
</table>

</blockquote>


<p>
The 1s must run down that particular diagonal; it won't work with
the other diagonal.
</p>

</LESSON>

<QUESTION>
<p>
Is there another N&#215;N matrix that works like <b>I</b>?
</p>

</QUESTION>

</CAI>

<!-- ------------------------------------------------------------------------ -->
<!-- ------------------------------------------------------------------------ -->
<!-- ------------------------------------------------------------------------ -->
<CAI>I is Unique
<p>
Is there another N&#215;N matrix that works like <b>I</b>?
</p>
<ANSWER>
<p>
No.  This is not quite obvious, but since 1 is unique for real numbers you might
suspect that <b>I</b> is unique for NxN matrices.
</p>

</ANSWER>

<LESSON>

<INDEX>identity matrix, unique</INDEX>
<p>
Here is why this is so.
In the following, assume that all the matrices have
the correct dimensions for the multiplications.
Suppose there is a matrix <b>Z</b> and that
</p>

<blockquote>
<b>ZA</b> = <b>A</b> &nbsp; &nbsp; &nbsp;  &nbsp; &nbsp; (1)
</blockquote>

<p>
for <u>any</u> <b>A</b> with the right dimensions.
The matrix <b>Z</b> works like <b>I</b>, but we are hoping
that it will be different.
We know how <b>I</b> works:
</p>

<blockquote>
<b>BI</b> = <b>B</b> &nbsp; &nbsp; &nbsp;  &nbsp; &nbsp; (2)
</blockquote>

<p>
for <u>any</u> <b>B</b> with the right dimensions.
Now replace <b>A</b> with <b>I</b> in (1) (since <b>A</b> can be any suitable matrix):
</p>

<blockquote>
<b>ZI</b> = <b>I</b>  &nbsp; &nbsp; &nbsp;  &nbsp; &nbsp; (3)
</blockquote>

<p>
Now replace <b>B</b> with <b>Z</b> in (2):
</p>

<blockquote>
<b>ZI</b> = <b>Z</b>  &nbsp; &nbsp; &nbsp;  &nbsp; &nbsp; (4)
</blockquote>

<p>
Looking at (3) and (4), <b>Z</b> and <b>I</b> are both equal to the
same thing, so they must equal each other:
</p>

<blockquote>
<b>Z</b> = <b>I</b>  &nbsp; &nbsp; &nbsp;  &nbsp; &nbsp; (5)
</blockquote>

<p>
You can start at step (1) with the other
order <b>AZ</b> = <b>A</b> and reach the same conclusion.
So if you have found a matrix that works like the indentity,
  it is indeed the identity matrix.
</p>
</LESSON>

<QUESTION>
<p>
What is the transpose of <b>I</b>?
</p>
<blockquote>

<table align="left" style="margin-left:0cm;background-color: transparent">
<tr>
<td><img src="lparen60.gif"></td>
<td><pre><font size=+1><b>
1  0  0
0  1  0
0  0  1
</b></font></pre></td>
<td><img src="rparen60.gif"></td>
<td valign=top>
T
</td>
</tr>

</table>

</blockquote>
<br clear="all" />

</QUESTION>

</CAI>

<!-- ------------------------------------------------------------------------ -->
<!-- ------------------------------------------------------------------------ -->
<!-- ------------------------------------------------------------------------ -->
<CAI>Transpose of I
<ANSWER>

<blockquote>
<table align="left" style="margin-left:0cm;background-color:transparent">
<tr>
<td><img src="lparen60.gif"></td>
<td><pre><font size=+1><b>
1  0  0
0  1  0
0  0  1
</b></font></pre></td>
<td><img src="rparen60.gif"></td>
<td valign=top>
T
</td>
<td> = </td>
<td><img src="lparen60.gif"></td>
<td><pre><font size=+1><b>
1  0  0
0  1  0
0  0  1
</b></font></pre></td>
<td><img src="rparen60.gif"></td>

</tr>

</table>
</blockquote>

<br clear="all" />
<br />


</ANSWER>

<LESSON>

<INDEX>identity, transpose</INDEX>
<p>
For any dimension: <b>I</b><sup>T</sup> = <b>I</b>.
</p>

<blockquote>
<b>I</b><sup>T</sup> = <b>I</b>
</blockquote>

<p>
Another useful property is the following.
Actually, this is really just an application
of the definition of <b>I</b>.
</p>

<blockquote>
<b>AIB</b> = <b>AB</b>
</blockquote>

<p>
Another easy application of the definition:
</p>

<blockquote>
<b>II</b> = <b>I</b>, or <b>I</b><sup>2</sup> = <b>I</b>
</blockquote>

<p>
These are all obvious; you should not have to memorize
anything here.
But it does help to look them over.
</p>
</LESSON>

<QUESTION>
<p>
Compute the following:
</p>

<blockquote>
<table style="margin-left:0cm;background-color:transparent">

<tr>
<td><img src="lparen60.gif"></td>
<td><pre><font size=+1><b>
0.5  0.0  0.0
0.0  0.5  0.0
0.0  0.0  0.5
</b></font></pre></td>
<td><img src="rparen60.gif"></td>


<td><img src="lparen60.gif"></td>
<td><pre><font size=+1><b>
2    4    6
0  -12   -8
4    0    4
</b></font></pre></td>
<td><img src="rparen60.gif"></td>

<td>=</td>

</tr>

</table>

</blockquote>
<br clear="all" />

<p>
Hint: you don't actually need to multiply matrices.
</p>


</QUESTION>

</CAI>

<!-- ------------------------------------------------------------------------ -->
<!-- ------------------------------------------------------------------------ -->
<!-- ------------------------------------------------------------------------ -->
<CAI>Diagonal Matrix
<ANSWER>
<blockquote>
<table>
<tr>

<td><img src="lparen60.gif"></td>
<td><pre><font size=+1><b>
0.5  0.0  0.0
0.0  0.5  0.0
0.0  0.0  0.5
</b></font></pre></td>
<td><img src="rparen60.gif"></td>


<td><img src="lparen60.gif"></td>
<td><pre><font size=+1><b>
2    4    6
0  -12   -8
4    0    4
</b></font></pre></td>
<td><img src="rparen60.gif"></td>

<td>=</td>

<td><b>(0.5)I </b></td>

<td><img src="lparen60.gif"></td>
<td><pre><font size=+1><b>
2    4    6
0  -12   -8
4    0    4
</b></font></pre></td>
<td><img src="rparen60.gif"></td>

<td>=</td>
</tr>
</table>

<br clear="all" />

<table>
<tr>

<td><b>0.5</b></td>

<td><img src="lparen60.gif"></td>
<td><pre><font size=+1><b>
2    4    6
0  -12   -8
4    0    4
</b></font></pre></td>
<td><img src="rparen60.gif"></td>

<td>=</td>

<td><img src="lparen60.gif"></td>
<td><pre><font size=+1><b>
1    2    3
0   -6   -4
2    0    2
</b></font></pre></td>
<td><img src="rparen60.gif"></td>

</tr>

</table>

<img src="mathTypeTrial00.gif">

</blockquote>
<br clear="all" />

</ANSWER>

<LESSON>

<INDEX>matrix, diagonal</INDEX>

<p>
The diagonal matrix (a<b>I</b>) is sometimes
useful in computer graphics.
Say for example that what you want to compute is:
</p>

<blockquote>
a <b>Ax</b>
</blockquote>

<p>
where a is a scalar and <b>x</b> is a column matrix.
Sometimes it is convenient to think of this as:
</p>

<blockquote>
(a<b>I</b>)<b>Ax</b>
</blockquote>

<p>
Now every operation is a matrix multiplication.
This is an advantage
since matrix multiplication can be done
by graphics hardware.
</p>

</LESSON>

<QUESTION>
<p>
What is (2<b>I</b>)(0.5<b>I</b>)?
</p>

</QUESTION>

</CAI>

<!-- ------------------------------------------------------------------------ -->
<!-- ------------------------------------------------------------------------ -->
<!-- ------------------------------------------------------------------------ -->
<CAI>Product Yields I
<ANSWER>
<p>
(2<b>I</b>)(0.5<b>I</b>) = <b>I</b>
</p>

</ANSWER>

<LESSON>

<p>
It is clear that (2<b>I</b>)(0.5<b>I</b>) = 2 (0.5)<b>I</b> = 1<b>I</b> = <b>I</b>.
But,
just for practice,
mentally multiply out these matrices the long way:
</p>

<blockquote>
<table class="layout">
<tr>

<td><img src="lparen60.gif"></td>
<td><pre><font size=+1><b>
2   0   0
0   2   0
0   0   2
</b></font></pre></td>
<td><img src="rparen60.gif"></td>

<td><img src="lparen60.gif"></td>
<td><pre><font size=+1><b>
1/2   0    0
 0   1/2   0
 0    0   1/2
</b></font></pre></td>
<td><img src="rparen60.gif"></td>
</tr>

</table>

</blockquote>
<br clear="all" />

<p>
The rows from the first matrix "match" the
columns of the second so that the dot product
is 1 only for the major diagonal.
All other dot products are 0.
The resulting matrix is <b>I</b>.
</p>
</LESSON>

<QUESTION>
<p>
Say that ax = b for real numbers a and b and real variable x.
Solve for x.
</p>

</QUESTION>

</CAI>

<!-- ------------------------------------------------------------------------ -->
<!-- ------------------------------------------------------------------------ -->
<!-- ------------------------------------------------------------------------ -->
<CAI>Solve for p
<ANSWER>
<p>
If ax = b, then (a<sup>-1</sup>)ax = (a<sup>-1</sup>)b, or x = (a<sup>-1</sup>)b
(except when a is zero).
</p>

</ANSWER>

<LESSON>


<p>
The value (a<sup>-1</sup>) is the inverse of a, and all non-zero real numbers have
an inverse.
It would be nice to have a similar idea for square matrices.
</p>

<p>
Say that
</p>

<blockquote>
<b>Ap</b> = <b>q</b>
</blockquote>

<p>
for column vectors <b>p</b> and <b>q</b> and n&#215;n matrix <b>A</b> .  
</p>

<p>
If all know are <b>A</b> and <b>q</b>,
is it possible to
figure out what <b>p</b> is?
For example,
say that you know that
</p>

<blockquote>
<table class="layout">
<tr>
<td><b>A</b></td>

<td>=</td>

<td><img src="lparen40.gif"></td>
<td><pre><font size=+1><b>
1   2
0   1
</b></font></pre></td>
<td><img src="rparen40.gif"></td>

<td><b>q</b></td>

<td>=</td>
<td><img src="lparen40.gif"></td>
<td><pre><font size=+1><b>
5
2
</b></font></pre></td>
<td><img src="rparen40.gif"></td>
</tr>

</table>

</blockquote>
<br clear="all" />

<p>
Try to figure out <b>p</b> from the following.
Keep changing the elements of <b>p</b> (only) until the
result is <b>q</b>.
</p>

<script language="JavaScript">
function blankQ()
{
  var theform = document.forms[0]
  theform.txtQ1.value=" "
  theform.txtQ2.value=" "
}

function multMatsAp()
{
  var theform = document.forms[0]
  theform.txtQ1.value=parseFloat(theform.txtA11.value)*parseFloat(theform.txtP1.value)+parseFloat(theform.txtA12.value)*parseFloat(theform.txtP2.value)
  theform.txtQ2.value=parseFloat(theform.txtA21.value)*parseFloat(theform.txtP1.value)+parseFloat(theform.txtA22.value)*parseFloat(theform.txtP2.value)
}
</script>

<blockquote>
<form name="myForm">
<table cellpadding="5"  class="layout">

<tr><th colspan=4>A</th> <th colspan=3>p</th> <th>=</th> <th colspan=3>result (should be q)</th></tr>
<tr>
  <td rowspan=2><img src="lparen50.gif"></td>
  <td><input type=text name=txtA11 value=1 size=2 onChange="value=1"></td>
  <td><input type=text name=txtA12 value=2 size=2 onChange="value=2"></td>
  <td rowspan=2><img src="rparen50.gif"></td>

  <td rowspan=2><img src="lparen50.gif"></td>
  <td><input type=text name=txtP1 value=1 size=2 onFocus="value=' '" onChange="blankQ()"></td>
  <td rowspan=2><img src="rparen50.gif"></td>

  <td rowspan=2><input type=button value="  =  " onClick="multMatsAp()"></td>

  <td rowspan=2><img src="lparen50.gif"></td>
  <td><input type=text name=txtQ1 value=" " size=2></td>
  <td rowspan=2><img src="rparen50.gif"></td>
</tr>

<tr>
  <td><input type=text name=txtA21 value=0 size=2 onChange="value=0"></td>
  <td><input type=text name=txtA22 value=1 size=2 onChange="value=1"></td>

  <td><input type=text name=txtP2  value=1 size=2 onFocus="value=' '" onChange="blankQ()"></td>

  <td><input type=text name=txtQ2  value=" " size=2 onFocus="value=' '" onChange="blankQ()"></td>
</tr>
</table> 
</blockquote>
<p>
You can only change <b>p</b> in the above.
Click on the = button to see the result with each change you
make. Keep changing  <b>p</b>, searching for the one that
produces the results you want.
</p>


</LESSON>

<QUESTION>
<p>
Did you figure it out?
</p>

</QUESTION>

</CAI>

<!-- ------------------------------------------------------------------------ -->
<!-- ------------------------------------------------------------------------ -->
<!-- ------------------------------------------------------------------------ -->
<CAI>Matrix Inverse
<ANSWER>
<p>
<b>p</b> = (1, 2)<sup>T</sup>
</p>

</ANSWER>

<LESSON>

<INDEX>matrix inverse</INDEX>
<INDEX>inverse inverse</INDEX>

<p>
It was tedious to figure that out 
(and would be much worse if <b>A</b> were, say, 5 &#215; 5).
It would be nice to have a better way.
Say that
</p>

<blockquote>
<b>q</b> = <b>Ap</b> &nbsp; &nbsp; &nbsp;  &nbsp; &nbsp;  &nbsp;  &nbsp; (1)
</blockquote>

<p>
for column vectors <b>p</b> and <b>q</b> and N&#215;N matrix <b>A</b> .  
We know <b>A</b> and <b>q</b>.  We are trying to figure out what <b>p</b> must be.
Say that there is a matrix <b>B</b><sub>N&#215;N</sub> such that
</p>

<blockquote>
<b>p</b> = <b>Bq</b> &nbsp; &nbsp; &nbsp;  &nbsp; &nbsp;  &nbsp;  &nbsp; (2)
</blockquote>

<p>
Then substituting (2) into (1):
</p>

<blockquote>
<b>q</b> = <b>A</b>(<b>Bq</b>) &nbsp; &nbsp; &nbsp;  &nbsp; &nbsp; (3)
</blockquote>

<blockquote>
<b>q</b> = (<b>A</b><b>B</b>)<b>q</b>  &nbsp; &nbsp; &nbsp;  &nbsp; &nbsp; (4)
</blockquote>

<p>
If (4) is true, then  (<b>A</b><b>B</b>) = <b>I</b>.
(Remember that <b>I</b> is unique).
<b>B</b>, if it exists, is the <b>inverse</b> of <b>A</b>, written <b>A</b><sup>-1</sup>.
It follows that
</p>

<blockquote>
<b>A</b><b>A</b><sup>-1</sup> = <b>A</b><sup>-1</sup><b>A</b> = <b>I</b>
</blockquote>

<p>
Now if you have
</p>

<blockquote>
<b>q</b> = <b>Ap</b> &nbsp; &nbsp; &nbsp;  &nbsp; &nbsp;  &nbsp;  &nbsp; (1)
</blockquote>

<p>
You can solve for <b>p</b> by multiplying each side by <b>A</b><sup>-1</sup>:
</p>

<blockquote>
<b>A</b><sup>-1</sup><b>q</b> = <b>A</b><sup>-1</sup><b>Ap</b><br/>
<b>A</b><sup>-1</sup><b>q</b> = <b>p</b>
</blockquote>


<p>
Of course, the above is assuming that you somehow managed to
calculate <b>A</b><sup>-1</sup>.
</p>

</LESSON>

<QUESTION>
<p>
For any square matrix <b>A</b>, is there always going to be
an inverse <b>A</b><sup>-1</sup> ?
Hint: consider the zero matrix.
</p>

</QUESTION>

</CAI>

<!-- ------------------------------------------------------------------------ -->
<!-- ------------------------------------------------------------------------ -->
<!-- ------------------------------------------------------------------------ -->
<CAI>Non-singular
<ANSWER>
<p>
No.  For example there is no matrix <b>0</b><sup>-1</sup> such that
<b>0</b><b>0</b><sup>-1</sup> = <b>I</b>
</p>

</ANSWER>

<LESSON>

<INDEX>matrix, singular</INDEX>
<INDEX>matrix, non-singular</INDEX>

<p>
In fact, it is worse than that.
There are very many N &#215; N matrices that do not have
an inverse.
A matrix that <u>does</u> have an inverse is called <b>non-singular</b>.
A matrix that does not is called singular.
If the matrix <b>A</b> is non-singular, then:
</p>

<blockquote>
<b>A</b><b>A</b><sup>-1</sup> = <b>A</b><sup>-1</sup><b>A</b> = <b>I</b>
</blockquote>

<p>
Here is a matrix that has an inverse:
</p>

<blockquote>
<table  class="layout">

<tr>
<th colspan=3>
A
</th>

<th colspan=3>
A<sup>-1</sup>
</th>

<th>
=
</th>

<th colspan=3>
I
</th>
</tr>

<tr>

<td><img src="lparen40.gif"></td>
<td><pre><font size=+1><b>
1   2
0   1
</b></font></pre></td>
<td><img src="rparen40.gif"></td>

<td><img src="lparen40.gif"></td>
<td><pre><font size=+1><b>
1  -2
0   1
</b></font></pre></td>
<td><img src="rparen40.gif"></td>

<td>=</td>

<td><img src="lparen40.gif"></td>
<td><pre><font size=+1><b>
1  0
0  1
</b></font></pre></td>
<td><img src="rparen40.gif"></td>
</tr>

<tr>
<td colspan=10>
&#160;
</td>
</tr>

<tr>
<th colspan=3>
A<sup>-1</sup>
</th>

<th colspan=3>
A
</th>

<th>
=
</th>

<th colspan=3>
I
</th>
</tr>
<tr>

<td><img src="lparen40.gif"></td>
<td><pre><font size=+1><b>
1  -2
0   1
</b></font></pre></td>
<td><img src="rparen40.gif"></td>

<td><img src="lparen40.gif"></td>
<td><pre><font size=+1><b>
1   2
0   1
</b></font></pre></td>
<td><img src="rparen40.gif"></td>

<td>=</td>

<td><img src="lparen40.gif"></td>
<td><pre><font size=+1><b>
1  0
0  1
</b></font></pre></td>
<td><img src="rparen40.gif"></td>
</tr>

</table>

</blockquote>
<br clear="all" />

<p>
Rarely is an inverse as easy 
to find
as the above one.
Now, say that
</p>
<blockquote>
<table class="layout">
<tr>

<td><img src="lparen40.gif"></td>
<td><pre><font size=+1><b>
1   2
0   1
</b></font></pre></td>
<td><img src="rparen40.gif"></td>

<td><b>p</b></td>
<td> &nbsp;  &nbsp;  &nbsp; </td>
<td>=</td>
<td><img src="lparen40.gif"></td>
<td><pre><font size=+1><b>
5
2
</b></font></pre></td>
<td><img src="rparen40.gif"></td>
</tr>

</table>

</blockquote>
<br clear="all" />
</LESSON>

<QUESTION>
<p>
What is <b>p</b>? Use <b>A</b><sup>-1</sup> from above.
</p>

</QUESTION>

</CAI>

<!-- ------------------------------------------------------------------------ -->
<!-- ------------------------------------------------------------------------ -->
<!-- ------------------------------------------------------------------------ -->
<CAI>Unique <b>A</b><sup>-1</sup>
<ANSWER>

<table>
<tr>
    <th><b>p</b></th><th>=</th><td>&nbsp;</td><th>A<sup>-1</sup></th><td>&nbsp;</td><td>&nbsp;</td>
    <th><b>q</b></th></tr>
</table>


<table>
<tr>

<td><b>p</b></td>

<td>=</td>

<td><img src="lparen40.gif"></td>
<td><pre><font size=+1><b>
1  -2
0   1
</b></font></pre></td>
<td><img src="rparen40.gif"></td>

<td><img src="lparen40.gif"></td>
<td><pre><font size=+1><b>
5
2
</b></font></pre></td>
<td><img src="rparen40.gif"></td>

<td>=</td>

<td><img src="lparen40.gif"></td>
<td><pre><font size=+1><b>
1
2
</b></font></pre></td>
<td><img src="rparen40.gif"></td>

</tr>

</table>
 
<br clear="all" />
</ANSWER>

<LESSON>

<INDEX>matrix inverse, unique</INDEX>
<p>
This is (hopefully) the same answer you got for <b>p</b> by trial and
error a few pages ago.
If <b>A</b> is non-singular (has an inverse) and <b>A</b><b>p</b> = <b>q</b>, 
then <b>p</b> = <b>A</b><sup>-1</sup><b>q</b>.
</p>

<p>
The inverse of a non-singular square matrix is unique.
One way to see this is that there is only one
column matrix <b>p</b> that is the solution to 
<nobr><b>A</b><b>p</b> = <b>q</b></nobr>,
so there must be only one <b>A</b><sup>-1</sup>.
</p>

<p>
It might look like computing <b>A</b><sup>-1</sup> is a useful
thing to do.
In fact, <b>A</b><sup>-1</sup> is more useful in discussions
about matrices and transformations than it is in actual
practice.
Almost never do you really want to compute a matrix inverse.
</p>

<p>
For example, say that a column matrix <b>p</b> represents a
point in a computer graphic world.
The viewpoint changes, and the column matrix is transformed to
<nobr><b>q</b> = <b>A</b><b>p</b></nobr>.
If you want to talk about reversing the transformation,
you talk about <b>A</b><sup>-1</sup><b>q</b>.
But almost always there is an easier way to reverse
the transformation than to compute the inverse.
</p>
</LESSON>

<QUESTION>
<p>
What is &nbsp; (<b>A</b><b>B</b>) (<b>B</b><sup>-1</sup> <b>A</b><sup>-1</sup>) ?
</p>

</QUESTION>

</CAI>

<!-- ------------------------------------------------------------------------ -->
<!-- ------------------------------------------------------------------------ -->
<!-- ------------------------------------------------------------------------ -->
<CAI>Properties of the Matrix Inverse
<ANSWER>
<p>
(<b>A</b><b>B</b>) (<b>B</b><sup>-1</sup> <b>A</b><sup>-1</sup>) = <b>A</b> (<b>B</b><b>B</b><sup>-1</sup>) <b>A</b><sup>-1</sup> , by associativity.
</p>
<p>
 = <b>A</b> <b>I</b> <b>A</b><sup>-1</sup> =  <b>A</b><b>A</b><sup>-1</sup> = <b>I</b>
</p>

</ANSWER>

<LESSON>

<INDEX>inverse of matrix product</INDEX>
<p>
The answer to the question shows that:
</p>

<blockquote>
(<b>A</b><b>B</b>)<sup>-1</sup> = <b>B</b><sup>-1</sup> <b>A</b><sup>-1</sup>
</blockquote>

<INDEX>inverse of matrix transpose</INDEX>
<p>
Notice that the order of the matrices has been reversed on the right of the "=" .
Another sometimes useful property is:
</p>

<blockquote>
(<b>A</b><sup>-1</sup>)<sup>T</sup> = (<b>A</b><sup>T</sup>)<sup>-1</sup> 
</blockquote>

</LESSON>

<QUESTION>
<p>
What is the determinant of:
</p>

<blockquote>
<table style="margin-left:0cm;background-color: transparent">
<tr>
<td><img src="lparen40.gif"></td>
<td><pre><font size=+1><b>
 1   3
-1   2
</b></font></pre></td>
<td><img src="rparen40.gif"></td>
</tr>
</table>
</blockquote>

<p>
(If you have forgotten about determinants, or wish you had, don't worry.
They won't be used much.)
</p>


</QUESTION>

</CAI>

<!-- ------------------------------------------------------------------------ -->
<!-- ------------------------------------------------------------------------ -->
<!-- ------------------------------------------------------------------------ -->
<CAI>Determinant of a Singular Matrix
<ANSWER>
<p>
<blockquote>
<table>
<tr>
<td>det</td>
<td><img src="lparen40.gif"></td>
<td><pre><font size=+1><b>
 1   3
-1   2
</b></font></pre></td>
<td><img src="rparen40.gif"></td>
<td>=</td>

<td> 1*2 - 3*(-1) = 2+3 = 5</td>
</tr>
</table>
</blockquote>
<br clear="all" />
</p>

</ANSWER>

<LESSON>

<INDEX>determinant</INDEX>
<INDEX>determinant of singular matrix</INDEX>
<p>
The determinant of a 2&#215;2 matrix is computed as follows:
</p>

<blockquote>
<table class="layout">
<tr>
<td>det</td>
<td><img src="lparen40.gif"></td>
<td><pre><font size=+1><b>
 a   b
 c   d
</b></font></pre></td>
<td><img src="rparen40.gif"></td>
<td>=</td>

<td> a*d - b*c</td>
</tr>
</table>
</blockquote>

<p>
Computing the determinant of larger matrices is more complicated, 
and rarely done.
The determinant is mostly used in discussing matrices, not in
computing with them.
The following property is often useful:
</p>

<Blockquote>
The determinant of a singular matrix is zero.
</Blockquote>


</LESSON>

<QUESTION>
<p>
Compute the following determinant (just plug into the above formula):
</p>
<blockquote>
<table style="margin-left:0cm;background-color: transparent">
<tr>
<td>det</td>
<td><img src="lparen40.gif"></td>
<td><pre><font size=+1><b>
 1   2
 1   2
</b></font></pre></td>
<td><img src="rparen40.gif"></td>
</tr>
</table>
</blockquote>
<br clear="all" />

</QUESTION>

</CAI>

<!-- ------------------------------------------------------------------------ -->
<!-- ------------------------------------------------------------------------ -->
<!-- ------------------------------------------------------------------------ -->
<CAI>Rank of a Matrix
<ANSWER>
<blockquote>
<table>
<tr>
<td>det</td>
<td><img src="lparen40.gif"></td>
<td><pre><font size=+1><b>
 1   2
 1   2
</b></font></pre></td>
<td><img src="rparen40.gif"></td>
<td>=</td>

<td> 1*2 - 2*(1) = 2 -2 = 0</td>
</tr>
</table>
</blockquote>
<br clear="all" />

</ANSWER>

<LESSON>

<INDEX>Matrix rank</INDEX>

<p>
The matrix has a zero determinant and is therefor singular.
It has no inverse.
If you look the matrix you see that it has two identical rows
(and two identical columns).
In other words, the rows are not independent.
If one row is a multiple of another, then they are not
independent, and the determinant is zero.
(Equivalently: If one col is a multiple of another, then they are not
independent, and the determinant is zero.)
</p>

<p>
The <b>rank</b> of a matrix is the maximum number of independent rows
(or, the maximum number of independent columns).
A square matrix <b>A</b><sub>n&#215;n</sub> is non-singular only if its
rank is equal to n.
</p>
</LESSON>

<QUESTION>
<p>
What is the rank of the following matrix?
</p>
<blockquote>
<table style="margin-left:0cm;background-color: transparent">
<tr>
<td><img src="lparen60.gif"></td>
<td><pre><font size=+1><b>
 1   2   0   3
 1  -2   3   0
 0   0   4   8
 2   4   0   6
</b></font></pre></td>
<td><img src="rparen60.gif"></td>
</tr>
</table>
</blockquote>
<br clear="all" />

</QUESTION>

</CAI>

<!-- ------------------------------------------------------------------------ -->
<!-- ------------------------------------------------------------------------ -->
<!-- ------------------------------------------------------------------------ -->
<CAI>End of the Chapter
<blockquote>
<table>
<tr>
<td><img src="lparen60.gif"></td>
<td><pre><font size=+1><b>
 1   2   0   3
 1  -2   3   0
 0   0   4   8
 2   4   0   6
</b></font></pre></td>
<td><img src="rparen60.gif"></td>
</tr>
</table>
</blockquote>
<br clear="all" />
<ANSWER>
<p>
Three.  The last row is a multiple of the first.
</p>

<LESSON>
<p>
You have reached the end this chapter.
Here is a list of properties discussed in this chapter.
</p>

<ul>
<li>
<GOTO>identity matrix</GOTO>Identity Matrix: 
<b>IA</b> = <b>AI</b> = <b>A</b>
</li>

<li>
<GOTO>identity matrix, unique</GOTO><b>I</b> is unique.
</li>

<li>
<GOTO>identity, transpose</GOTO>Transpose of Identity: 
<b>I</b><sup>T</sup> = <b>I</b>
</li>

<li>
<GOTO>identity, transpose</GOTO>Product of Identity with itself:
<b>II</b> = <b>I</b>

</li>

<li>
<GOTO>identity, transpose</GOTO>Identity in the Middle:
<b>AIB</b> = <b>AB</b>
</li>

<li>
<GOTO>matrix inverse</GOTO>Matrix Inverse: 
<b>A</b><b>A</b><sup>-1</sup> = <b>A</b><sup>-1</sup><b>A</b> = <b>I</b>

</li>

<li>
<GOTO>matrix, singular</GOTO>Singular and non-singular matrices.
</li>

<li>
<GOTO>matrix inverse, unique</GOTO>Uniqueness of matrix inverse.
</li>

<li>
<GOTO>inverse of matrix product</GOTO>Inverse of a Product:
(<b>A</b><b>B</b>)<sup>-1</sup> = <b>B</b><sup>-1</sup> <b>A</b><sup>-1</sup>

</li>

<li>
<GOTO>inverse of matrix transpose</GOTO>Inverse of a Matrix Transpose:
<b>A</b><sup>-1</sup>)<sup>T</sup> = (<b>A</b><sup>T</sup>)<sup>-1</sup> 

</li>

<li>
<GOTO>determinant of singular matrix</GOTO>Determinant 
of a  singular matrix.
</li>

</ul>

</CAI>
</CHAPTER>

