<?xml version="1.0" standalone="yes" ?>

<!--  July   27, 2003  bpk   extensive editing  -->
<!--  July   25, 2009  bpk   extensive editing  -->

<CHAPTER>

<COPYRIGHTDATE>2009</COPYRIGHTDATE>
<COPYRIGHTHOLDER>Bradley Kjell</COPYRIGHTHOLDER> 
<AUTHORNAME>Bradley Kjell kjell at ieee dot org </AUTHORNAME>
<HOMEFILE>../vectorIndex.html#08</HOMEFILE>
<STYLESHEET>../vectorStyle.css</STYLESHEET>

<CAI> CHAPTER  11 &#8212; Projections

<p>
<small>created: 08/15/00; revised: 10/28/00, 07/27/03, 07/25/09</small>
</p>

<LESSON>

<p>
As discussed in chapter one, 
3D computer graphics consists of two activities: (1) Creating an imaginary
world inside a computer, and (2) producing two dimensional images of that
world from various viewpoints.
</p>

<p>
Producing a 2D image from a 3D image is an example of <b>projection</b>.
This chapter discusses the fundamental notions of projection.
The advanced topics are left for your graphics text book.
</p>

<h4>Chapter Topics:</h4>
<ul>
<li>Projections in general.</li>
<li>Projecting one vector onto another.</li>
<li>Example vector projections in 2D.</li>
<li>Example vector projections in 3D.</li>
</ul>

</LESSON>

<QUESTION>
<p>
How many 2D  pictures can be produced from one 3D model?
</p>

</QUESTION>

</CAI>

<!-- ------------------------------------------------------------------------ -->
<!-- ------------------------------------------------------------------------ -->
<!-- ------------------------------------------------------------------------ -->
<CAI>Many 2D Projections
<p>
How many 2D  pictures can be produced from one 3D model?
</p>
<ANSWER>
<p>
Infinitely many.
</p>

</ANSWER>

<LESSON>

<div align="center">
<table border="2" bordercolor="gray" bgcolor="lightgray" width="600" cellpadding="25">
<tr>
<td>
  <applet code="drawVector3D" width="260" height="300"
  alt="You must have Java enabled to see this demo.">
  
  <param name=xMin value=-4>
  <param name=xMax value=4>
  <param name=yMin value=-4>
  <param name=yMax value=4>
  <param name=zMin value=-4>
  <param name=zMax value=4>
  
  <param name=vector0 value="0,0,0,4,0,0">
  <param name=color0 value=red>
  <param name=label0 value=" ">
  
  <param name=vector1 value="0,0,0,0,4,0">
  <param name=color1 value=red>
  <param name=label1 value=" ">
  
  <param name=vector2 value="0,0,0,0,0,4">
  <param name=color2 value=red>
  <param name=label2 value=" ">
  
  <param name=vector3 value="4,0,0,4,4,0">
  <param name=color3 value=blue>
  <param name=label3 value=" ">
  
  <param name=vector4 value="4,0,0,4,0,4">
  <param name=color4 value=blue>
  <param name=label4 value=" ">
  
  <param name=vector5 value="4,0,4,4,4,4">
  <param name=color5 value=blue>
  <param name=label5 value=" ">
  
  <param name=vector6 value="4,4,0,4,4,4">
  <param name=color6 value=blue>
  <param name=label6 value=" ">
  
  <param name=vector7 value="0,4,0,4,4,0">
  <param name=color7 value=green>
  <param name=label7 value=" ">
  
  <param name=vector8 value="0,0,4,0,4,4">
  <param name=color8 value=blue> 
  <param name=label8 value=" ">
  
  <param name=vector9 value="0,4,4,4,4,4">
  <param name=color9 value=green>
  <param name=label9 value=" ">
  
  <param name=vector10 value="0,0,4,4,0,4">
  <param name=color10 value=green>
  <param name=label10 value=" ">
  
  <param name=vector11 value="0,4,0,0,4,4">
  <param name=color11 value=blue>
  <param name=label11 value=" ">
  
  </applet>

<td valign="top">
  <img src="snapshotBox.gif" alt="Snapshot" />
</td>
</tr>

<tr>

<td align="center">
  Applet
</td>

<td align="center">
  Snapshot of Applet<br />
  in case you don't have Java
</td>

</tr>

</table>
</div>


<p>
For example, the applet on the left projects a 3D model of a box onto the
2D view.
Different positions of the viewpoint (use the slider) produce different
2D images.
The 3D vectors of the model are being projected onto the
viewing surface to form the 2D vectors
of the image.
</p>

</LESSON>

<QUESTION>
<p>
Are two vectors and a point enough to define a plane?
</p>

</QUESTION>

</CAI>

<!-- ------------------------------------------------------------------------ -->
<!-- ------------------------------------------------------------------------ -->
<!-- ------------------------------------------------------------------------ -->
<CAI>Two Vectors Define a Plane

<ANSWER>
<p>
Yes, unless the two vectors are parallel.
</p>

</ANSWER>

<LESSON>

<INDEX>plane, defined by two vectors</INDEX>

<div align="center">
<img src="project1.gif" border="2" width="270" height="189" />
</div>

<p>
You may recall from high school geometry 
that two lines (not colinear)
define a plane.
This is the same thing.
Most of the examples in this chapter start with two 
2D vectors.
However, the results are valid for two 3D vectors because
the two 3D vectors define a plane.
</p>

<p>
The figure shows a vector <b>w</b> and a vector <b>v</b>.
For convenience in visualization,
their tails start from the same point
(but, of course, vectors have no position).
</p>

<p>
Also for convenience, the vector <b>v</b> is horizontal; 
but it could be at any orientation.
</p>

</LESSON>

<QUESTION>
<p>
Does the scaled vector k<b>v</b> (where k is a scalar) have the
same orientation as <b>v</b>?
</p>
</QUESTION>

</CAI>

<!-- ------------------------------------------------------------------------ -->
<!-- ------------------------------------------------------------------------ -->
<!-- ------------------------------------------------------------------------ -->
<CAI>Projection of one Vector onto Another
<p>
Does a scaled vector have the same orientation as the vector?
</p>

<ANSWER>
<p>
Yes &#8212; scaling changes the <em>length</em> of a vector, but
not its orientation.
</p>

</ANSWER>

<LESSON>


<INDEX>projection, one vector onto another</INDEX>
<div align="center">
<img src="project2.gif" border="2" width="270" height="189" />
</div>

<p>
In the diagram <b>w</b> and <b>v</b> are any two vectors.
We want a  vector <b>u</b> that is orthogonal to <b>v</b>.
And we want scalar k so that:
</p>

<span class="math">
<blockquote>
<b>w</b> = k<b>v</b> + <b>u</b>
</blockquote>
</span>

<p>
Then  k<b>v</b> is called the <b>projection</b> of <b>w</b> onto <b>v</b>.
</p>

</LESSON>

<QUESTION>
<p>
The vector <b>u</b> is orthogonal to <b>v</b>.  
What is true of <b>u &#183; v</b>?
</p>
</QUESTION>

</CAI>

<!-- ------------------------------------------------------------------------ -->
<!-- ------------------------------------------------------------------------ -->
<!-- ------------------------------------------------------------------------ -->
<CAI>Solving for kv
<ANSWER>
<p>
If <b>u</b> is orthogonal to <b>v</b>, then
 &nbsp; <b>u &#183; v</b> &nbsp;=&nbsp; 0
</p>

</ANSWER>

<LESSON>

<INDEX>projection, vector, formula</INDEX>
<div align="center">
<img src="project2.gif"  hspace="20" border="2" width="270" height="189" />
</div>

<p>
We want <b>u</b> and  k<b>v</b> such that &nbsp; k<b>v</b> + <b>u</b> = <b>w</b>, &nbsp; 
with the condition that <b>u</b> is orthogonal to <b>v</b>.
Using trigonometry:
</p>


<pre>
The length of k<b>v</b>   &nbsp;= &nbsp; <b>| w |</b> cos &#952;

The orientation of k<b>v</b> is <b>v<sub>u</sub></b>
</pre>

<p>
Remember that unit vectors are used to represent
 orientation in 3D space.
The orientation of <b>v</b> is <b>v<sub>u</sub></b>.
(In the picture, this happens to be horizontal, but that is just for convenience).
Since 
<span class="math">
cos &#952;
</span>
is <b>w<sub>u</sub> &#183; v<sub>u</sub></b>,
we have what we need:
</p>


<blockquote>
k<b>v</b> &nbsp;=&nbsp; |<b>w</b>| (<b>w<sub>u</sub> &#183; v<sub>u</sub></b>) <b>v<sub>u</sub></b>
</blockquote>

<p>
This formula may look awful, but it is not.
This part:
</p>

<blockquote>
|<b>w</b>| (<b>w<sub>u</sub> &#183; v<sub>u</sub></b>)
</blockquote>

<p>
is a scalar.
It adjusts <b>v</b> to to required length.
In the picture this is the length of the horizontal baby blue line.
</p>

<p>
The remaining part: &nbsp; <b>v<sub>u</sub></b>,  &nbsp; just says, 
"same orientation as <b>v</b>."
</p>

</LESSON>

<QUESTION>
<p>
(Review: ) How do you compute a unit vector?
</p>
</QUESTION>

</CAI>

<!-- ------------------------------------------------------------------------ -->
<!-- ------------------------------------------------------------------------ -->
<!-- ------------------------------------------------------------------------ -->
<CAI>Projection Procedure
<p>
(Review: ) How do you compute a unit vector?
</p>
<ANSWER>
<p>
Divide a vector by its length
</p>

</ANSWER>

<LESSON>

<INDEX>projection, vector, procedure</INDEX>

<div align="center">
<img src="project2.gif"  hspace="20" border="2" width="270" height="189" />
</div>

<p>
Rather than memorize the formula for projection, follow what it means step-by-step.
To project <b>w</b> onto <b>v</b>:
</p>

<ol>
<li>Compute the lengths:
    <dl><dd> <b>| w |</b>  &nbsp;=&nbsp; <img src="sqrt.gif" align="bottom">(<b>w &#183; w</b>)</dd>
        <dd> <b>| v |</b>  &nbsp;=&nbsp; <img src="sqrt.gif" align="bottom">(<b>v &#183; v</b>)</dd>
    </dl></li>

<li>Compute the unit vectors: 
    <dl><dd><b>w<sub>u</sub></b> &nbsp;= &nbsp; <b>w</b> / <b>| w |</b></dd>
        <dd><b>v<sub>u</sub></b> &nbsp;= &nbsp; <b>v</b> / <b>| v |</b></dd>
    </dl></li>

<li>Compute the cosine of the angle between the vectors:
    <dl><dd><b>w<sub>u</sub> &#183; v<sub>u</sub></b></dd>
    </dl></li>

<li>Assemble the projection:
    <dl><dd>k<b>v</b> &nbsp;=&nbsp; <b>| w |</b> (<b>w<sub>u</sub> &#183; v<sub>u</sub></b>) <b>v<sub>u</sub></b> </dd>
    </dl></li>
</li>
</ol>


</LESSON>

<QUESTION>
<p>
Is 
<span class="red"><b>w</b></span> projected onto <span class="blue"><b>v</b></span>  
the same vector as 
<span class="blue"><b>v</b></span> projected onto <span class="red"><b>w</b></span> 
?
</p>
</QUESTION>

</CAI>

<!-- ------------------------------------------------------------------------ -->
<!-- ------------------------------------------------------------------------ -->
<!-- ------------------------------------------------------------------------ -->
<CAI>Finding <b>u</b>
<ANSWER>
<p>
<span class="red"><b>w</b></span> projected onto <span class="blue"><b>v</b></span>  
is <b>NOT</b> the same as
<span class="blue"><b>v</b></span> projected onto <span class="red"><b>w</b></span> 
</p>

<p>
The vector resulting from a projection is oriented in the
direction of <em>the vector projected onto</em>.
</p>

</ANSWER>

<LESSON>

<INDEX>projection, vector, orthogonal component</INDEX>

<div align="center">
<img src="project2.gif"  hspace="20" border=2 width="270" height="189" />
</div>

<p>
After you have found k<b>v</b> it is easy to find the orthogonal vector,
<b>u</b>:
</p>

<blockquote>
<b>w</b> = k<b>v</b> + <b>u</b>, &nbsp; so  &nbsp; <b>u</b> = <b>w</b> - k<b>v</b>
</blockquote>

<p>
In the above formula, "+" means vector addition and "-" means vector subtraction.
</p>

<p>
So far in this chapter the vectors have all been geometrical vectors.
There has been no mention of coordinate frames or column matrices.
</p>


</LESSON>

<QUESTION>
<p>
Will these results work when vectors are represented
with column matrices?
</p>
</QUESTION>

</CAI>

<!-- ------------------------------------------------------------------------ -->
<!-- ------------------------------------------------------------------------ -->
<!-- ------------------------------------------------------------------------ -->
<CAI>Example

<ANSWER>
<p>
Thankfully, yes.
</p>

</ANSWER>

<LESSON>

<div align="center">
<img src="project3.gif" border="2" width="217" height="217" />
</div>

<p>
The vector <b>w</b> is represented by by <nobr>(6, 5)<sup>T</sup>.</nobr>
The vector <b>v</b> is represented by by <nobr>(9, 0)<sup>T</sup>.</nobr>
Find the projection of <b>w</b> onto <b>v</b>. 
(Find k<b>v</b> and <b>u</b>.)
</p>

<p>
In the diagram the answer can simply be read off the
graph paper.
But pretend you didn't notice that.
</p>

<hr>


<ol>
<li>Compute the lengths:
    <dl><dd> <b>| w |</b>  &nbsp;= &nbsp; <img src="sqrt.gif" align="bottom">((6, 5)<sup>T</sup><b>&#183;</b>(6, 5)<sup>T</sup>) &nbsp; = &nbsp; 7.81</dd>
        <dd> <b>| v |</b>  &nbsp;= &nbsp; <img src="sqrt.gif" align="bottom">((9, 0)<sup>T</sup><b>&#183;</b>(9, 0)<sup>T</sup>) &nbsp; = &nbsp; 9</dd>
    </dl></li>

<li>Compute the unit vectors: 
    <dl><dd><b>w<sub>u</sub></b> &nbsp;= &nbsp; (6, 5)<sup>T</sup> / 7.81</dd>
        <dd><b>v<sub>u</sub></b> &nbsp;= &nbsp; (9, 0)<sup>T</sup> / 9 &nbsp;= &nbsp;  (1, 0)<sup>T</sup></dd>
    </dl></li>

<li>Compute the cosine of the angle between the vectors:
    <dl><dd><b>w<sub>u</sub></b> <b>&#183;</b> <b>v<sub>u</sub></b> 
    &nbsp;= &nbsp;  (1/7.81) (6, 5)<sup>T</sup>  <b>&#183;</b> (1, 0)<sup>T</sup>
    &nbsp;= &nbsp;  6/7.81 </dd>
    </dl></li>

<li>Assemble the projection:
    <dl><dd>k<b>v</b> &nbsp;= &nbsp; <b>| w |</b> (<b>w<sub>u</sub></b><b>&#183;</b><b>v<sub>u</sub></b>) <b>v<sub>u</sub></b> </dd>
        <dd>k<b>v</b> &nbsp;= &nbsp; 7.81 (6/7.81)  (1, 0)<sup>T</sup> 
         &nbsp;  &nbsp;&nbsp;= &nbsp; 6(1, 0)<sup>T</sup> &nbsp;= &nbsp; (6, 0)<sup>T</sup></dd>
    </dl></li>
</li>

<li>Compute the orthogonal vector:
    <dl><dd><b>u</b> &nbsp;= &nbsp; <b>w</b> - k<b>v</b></dd>
        <dd><b>u</b> &nbsp;= &nbsp; (6, 5)<sup>T</sup> - (6, 0)<sup>T</sup> &nbsp;= &nbsp; (0, 5)<sup>T</sup></dd>
    </dl></li>
</li>

</ol>


<hr>

<p>
The result is that <b>u</b>  &nbsp;= &nbsp; (6, 0)<sup>T</sup> + (0, 5)<sup>T</sup>,
as expected.
Of course, the example was easy.
</p>

</LESSON>

<QUESTION>
<p>
Was it actually necessary to compute <b>| w |</b>?
</p>
</QUESTION>

</CAI>

<!-- ------------------------------------------------------------------------ -->
<!-- ------------------------------------------------------------------------ -->
<!-- ------------------------------------------------------------------------ -->
<CAI>Another Example
<p>
Was it actually necessary to compute |<b>w</b>|?
</p>
<ANSWER>
<p>
No.  It cancelled out of the final result.
</p>

</ANSWER>

<LESSON>

<INDEX>projection, fast formulae</INDEX>

<div align="center">
<img src="project4.gif" border="2" width="217" height="217" />
</div>


<p>
You don't have to compute the length of <b>w</b>.
It cancels out before the final answer.
And, all you need is the square of the length of <b>v</b>, |<b>v</b>|<sup>2</sup>.
Some books show formulae for projection that make use of these
facts (but, to my taste, are less intuitive).
</p>

<p>
Here is another example, this time not so easy.
The vector <b>w</b> is represented by by <nobr>(3.2, 7)<sup>T</sup>.</nobr>
The vector <b>v</b> is represented by by <nobr>(8, 4)<sup>T</sup>.</nobr>
Find k<b>v</b> and <b>u</b>.
</p>

<hr>

<ol>
<li>Compute the lengths:
    <dl><dd> <b>| w |</b>  &nbsp;= &nbsp; (keep it symbolic)
        <dd> <b>| v |<sup>2</sup></b>  &nbsp;= &nbsp; 
        (8, 4)<sup>T</sup><b>&#183;</b>(8, 4)<sup>T</sup> 
        &nbsp; = &nbsp; 80</dd>
    </dl></li>

<li>Compute the unit vectors: 
    <dl><dd><b>w<sub>u</sub></b> &nbsp;= &nbsp; (3.2, 7)<sup>T</sup> / <b>| w |</b></dd>
        <dd><b>v<sub>u</sub></b> &nbsp;= &nbsp; (8, 4)<sup>T</sup> / <b>| v |</b></dd>
    </dl></li>

<li>Compute the cosine of the angle between the vectors:
    <dl><dd><b>w<sub>u</sub></b> <b>&#183;</b> <b>v<sub>u</sub></b> 
    &nbsp;= &nbsp;  (3.2, 7)<sup>T</sup> / <b>| w |</b> <b>&#183;</b> (8, 4)<sup>T</sup> / <b>| v |</b><br>
    &nbsp;= &nbsp;  53.6/( <b>| w |</b><b>| v |</b>) </dd>
    </dl></li>

<li>Assemble the projection:
    <dl><dd>k<b>v</b> &nbsp;= &nbsp; <b>| w |</b> (<b>w<sub>u</sub></b><b>&#183;</b><b>v<sub>u</sub></b>) <b>v<sub>u</sub></b> </dd>
        <dd>k<b>v</b> &nbsp;= &nbsp; <b>| w |</b> &nbsp; [53.6 / (<b>| w |</b><b>| v |</b>)]  &nbsp; (8, 4)<sup>T</sup> / <b>| v |</b> </dd>
        <dd>k<b>v</b> &nbsp;= &nbsp;  53.6 / (<b>| v |</b>)  &nbsp; (8, 4)<sup>T</sup> / <b>| v |</b> </dd>
        <dd>k<b>v</b> &nbsp;= &nbsp;  53.6 / (<b>| v |</b><sup>2</sup>)  &nbsp; (8, 4)<sup>T</sup> </dd>
        <dd>k<b>v</b> &nbsp;= &nbsp;  53.6 / 80  &nbsp; (8, 4)<sup>T</sup> </dd>
        <dd>k<b>v</b> &nbsp;= &nbsp;  ((53.6*8)/80, (53.6*4)/80)<sup>T</sup>
                      &nbsp;= &nbsp;  ( 5.3, 2.68)<sup>T</sup></dd>

    </dl></li>
</li>

<li>Compute the orthogonal vector:
    <dl><dd><b>u</b> &nbsp;= &nbsp; <b>w</b> - k<b>v</b></dd>
        <dd><b>u</b> &nbsp;= &nbsp; (3.2, 7)<sup>T</sup> - (5.3, 2.68)<sup>T</sup> 
                     &nbsp;= &nbsp; (-2.1, 4.32)<sup>T</sup></dd>
    </dl></li>
</li>

</ol>


</LESSON>

<QUESTION>
<p>
Does <b>w</b> &nbsp; = &nbsp; k<b>v</b> + <b>u</b>, as it should?
</p>
</QUESTION>

</CAI>

<!-- ------------------------------------------------------------------------ -->
<!-- ------------------------------------------------------------------------ -->
<!-- ------------------------------------------------------------------------ -->
<CAI>The Point of All This
<ANSWER>
<p>
Substitute the results of the calculation into &nbsp; k<b>v</b> + <b>u</b>:
</p>

<p>
( 5.3, 2.68)<sup>T</sup> + (-2.1, 4.32)<sup>T</sup> &nbsp; = &nbsp; (3.2, 7.0)<sup>T</sup>,
&nbsp;  =  <b>w</b> &nbsp; &nbsp; as expected.
</p>

</ANSWER>

<LESSON>

<p>
The point of all this is for you to get a gut-level understanding of
what is going on when one vector is projected onto another.
This, as previously mentioned, is constantly occuring when
a computer is displaying graphics.
Much of the calculation takes place in the computer's
graphics hardware.
Millions of vectors are projected per second.
If you want to know what is going on with computer
graphics, this is something you need to know.
</p>

<p>
Here is a new problem.
Find the projection of <b>w</b> onto <b>v</b>:
</p>


<div align="center">
<img src="project5.gif" border="2" width="217" height="217" />
</div>

<p>
You are not going to make your living actually doing
these calculations.
And I have a headache from setting all these equations
in HTML.
So skip the math and just read off the answer from
the diagram.
</p>


</LESSON>

<QUESTION>
<pre>
 <b>w</b> &nbsp; = &nbsp; ( <BLU>________</BLU>  ,  <BLU>________</BLU>  )<sup>T</sup>  

 <b>v</b> &nbsp; = &nbsp; ( <BLU>________</BLU>  ,  <BLU>________</BLU>  )<sup>T</sup>  

k<b>v</b> &nbsp; = &nbsp; ( <BLU>________</BLU>  ,  <BLU>________</BLU>  )<sup>T</sup>  

 <b>u</b> &nbsp; = &nbsp; ( <BLU>________</BLU>  ,  <BLU>________</BLU>  )<sup>T</sup>  
</pre>

<p>
Fill in the blanks. Perhaps the back of an envelope would be useful.
</p>

</QUESTION>

</CAI>

<!-- ------------------------------------------------------------------------ -->
<!-- ------------------------------------------------------------------------ -->
<!-- ------------------------------------------------------------------------ -->
<CAI>Check  the Answer 
<ANSWER>

<pre>
 <b>w</b> &nbsp; = &nbsp; <BLU>(4, 8.2)</BLU><sup>T</sup>  

 <b>v</b> &nbsp; = &nbsp; <BLU>(2.8, 1.75)</BLU><sup>T</sup>  

k<b>v</b> &nbsp; = &nbsp; <BLU>(5.8, 1.6)</BLU><sup>T</sup>  

 <b>u</b> &nbsp; = &nbsp; <BLU>(-1.8, 6.4)</BLU><sup>T</sup>  
</pre>


</ANSWER>

<LESSON>

<div align="center">
<img src="project5.gif" border="2" width="217" height="217" />
</div>

<p>
The above answers look good to me (especially since I drew the picture),
but let us see if they are reasonable.
</p>

<p>
<em>First:</em> Does <b>w</b> &nbsp;=&nbsp; k<b>v</b> + <b>u</b>?
</p>

<blockquote>
(5.8, 1.6)<sup>T</sup> + (-1.8, 6.4)<sup>T</sup> &nbsp;=&nbsp; (4, 8.0)<sup>T</sup> &nbsp;=&nbsp;  <b>w</b> &nbsp; (well, almost)
</blockquote>

<p>
<em>Next:</em> Does <b>v</b>  <b>&#183;</b> <b>u</b>  &nbsp;=&nbsp; 0.0 ?
</p>

<blockquote>
(5.8, 1.6)<sup>T</sup>  <b>&#183;</b> (-1.8, 6.4)<sup>T</sup> 
 &nbsp;=&nbsp; -10.44 + 10.24
 <nobr>&nbsp;=&nbsp; -0.2&nbsp;=&nbsp; 0.0 &nbsp; (nearly)</nobr>
</blockquote>

</LESSON>

<QUESTION>
<p>
Think about all possible vectors <b>w</b> and <b>v</b> and the projection of
<b>w</b> onto <b>v</b>.
</p>

<ol>
<li>Is it possible for the vector k<b>v</b> to be longer than <b>v</b>?</li>
<li>Is it possible for the vector k<b>v</b> to be longer than <b>w</b>?</li>
</ol>
</QUESTION>

</CAI>

<!-- ------------------------------------------------------------------------ -->
<!-- ------------------------------------------------------------------------ -->
<!-- ------------------------------------------------------------------------ -->
<CAI>Groan! Another Example
<ANSWER>
<ol>
<li>Is it possible for the vector k<b>v</b> to be longer than <b>v</b>?
    <dl>
    <dd><span class="blue">Yes, as in the previous example.</span></dd></dl></li>
<li>Is it possible for the vector k<b>v</b> to be longer than <b>w</b>?</li>
    <dl>
    <dd><span class="blue">No, the longest  k<b>v</b> can be is <b>| w |</b>, 
       when <b>w</b> and <b>v</b> are co-linear.</span></dd></dl></li>
</ol>

</ANSWER>

<LESSON>

<div align="center">
<img src="project6.gif"  border="2" width="217" height="217"  />
</div>


<p>
Notice that the projection of <b>w</b> onto <b>v</b> does NOT depend on
the length of  <b>v</b>.
Only the direction of vector  <b>v</b> affects the results.
The length of the projection is 
<span class="math">
<nobr><b>| w |</b> cos &#952;</nobr>,
</span>
where 
<span class="math">
&#952; 
</span>
is the angle between the vectors.
Since the cosine function is never more than one,
the length of the projection will never be longer than the projected vector.
</p>

<p>
(These are not facts to be memorized; 
the idea is to practice visualizing what is going on by thinking
about such things).
And nothing better for visualization than another example.
</p>

</LESSON>

<QUESTION>

<p>
Project <b>w</b> onto <b>v</b> by examining the diagram.
(To make this example especially hard, I've changed the colors.)
</p>

<pre>
 <b>w</b> &nbsp; = &nbsp; ( <BLU>________</BLU>  ,  <BLU>________</BLU>  )<sup>T</sup>  

 <b>v</b> &nbsp; = &nbsp; ( <BLU>________</BLU>  ,  <BLU>________</BLU>  )<sup>T</sup>  

k<b>v</b> &nbsp; = &nbsp; ( <BLU>________</BLU>  ,  <BLU>________</BLU>  )<sup>T</sup>  

 <b>u</b> &nbsp; = &nbsp; ( <BLU>________</BLU>  ,  <BLU>________</BLU>  )<sup>T</sup>  
</pre>

</QUESTION>

</CAI>

<!-- ------------------------------------------------------------------------ -->
<!-- ------------------------------------------------------------------------ -->
<!-- ------------------------------------------------------------------------ -->
<CAI>Eyeball Estimate

<ANSWER>

<pre>
 <b>w</b> &nbsp; = &nbsp; <BLU>(-5, 5)</BLU><sup>T</sup>  

 <b>v</b> &nbsp; = &nbsp; <BLU>(5, 1)</BLU><sup>T</sup>  

k<b>v</b> &nbsp; = &nbsp; <BLU>(-3.8, -.8)</BLU><sup>T</sup>  

 <b>u</b> &nbsp; = &nbsp; <BLU>(-1.3, 5.6)</BLU><sup>T</sup>  
</pre>

</ANSWER>

<LESSON>

<div align="center">
<img src="project6.gif"  border="2" width="217" height="217"  />
</div>

<p>
Those answers were done by reading off the picture.
No guarantee that they are accurate.
So let us check:
</p>

<p>
<em>First:</em> Does <b>w</b> &nbsp;=&nbsp; k<b>v</b> + <b>u</b>?
</p>

<blockquote>
(-3.8, -0.8)<sup>T</sup> + (-1.3, 5.6)<sup>T</sup> &nbsp;=&nbsp; (-5.1, 4.8)<sup>T</sup> &nbsp;=&nbsp;  <b>w</b> &nbsp;  (almost)
</blockquote>

<p>
<em>Next:</em> Does <b>v</b>  <b>&#183;</b> <b>u</b>  &nbsp;=&nbsp; 0.0 ?
</p>

<blockquote>
(5, 1)<sup>T</sup>  <b>&#183;</b> (-1.3, 5.6)<sup>T</sup> 
 &nbsp;=&nbsp; -6.5 + 5.6
 <nobr>&nbsp;=&nbsp; -0.9 &nbsp;=&nbsp; 0.0 &nbsp;  (not quite)</nobr>
</blockquote>

</LESSON>

<QUESTION>
<p>
Can the projection of <b>w</b> onto <b>v</b> point in the <em>opposite</em>
direction of  <b>v</b> ?
</p>
</QUESTION>

</CAI>

<!-- ------------------------------------------------------------------------ -->
<!-- ------------------------------------------------------------------------ -->
<!-- ------------------------------------------------------------------------ -->
<CAI>Example in Three Dimensions
<p>
Can the projection of <b>w</b> onto <b>v</b> point in the <em>opposite</em>
direction of  <b>v</b> ?
</p>
<ANSWER>
<p>
Yes, as it did in that example.
</p>

</ANSWER>

<LESSON>

<INDEX>vector projection, 3D example</INDEX>

<div align="center">
<img src="project3D1.gif" border="2" width="296" height="246" />
</div>

<p>
The diagram shows: 
</p>

<blockquote>
<b>w</b> = (4, 2.5, 2.5)<sup>T</sup>
&#8212; <span class="red"> red vector</span>
</blockquote>

<p>
and 
</p>

<blockquote>
<b>v</b> = (5, 0, 3.1)<sup>T</sup>
&#8212; <span class="green">green vector</span>.
</blockquote>


</LESSON>

<QUESTION>
<p>
Mentally project <b>w</b> onto <b>v</b>.
(Hint: remember that the length of <b>v</b> does not matter; only its orientation.
So mentally "drop" the arrowhead of <b>w</b> onto the dotted line of <b>v</b>).
</p>
</QUESTION>

</CAI>

<!-- ------------------------------------------------------------------------ -->
<!-- ------------------------------------------------------------------------ -->
<!-- ------------------------------------------------------------------------ -->
<CAI>Collapsing one Dimension
<ANSWER>

<p>
My eyeball-estimate of the projection of <nobr><b>w</b> = (4, 2.5, 2.5)<sup>T</sup></nobr>
onto
<nobr><b>v</b> = (5, 0, 3.1)<sup>T</sup></nobr>
is 
<nobr>k<b>v</b> = (4, 0, 2.5)<sup>T</sup></nobr>
</p>

</ANSWER>

<LESSON>


<div align="center">
<img src="project3D1.gif" border="2" width="296" height="246" />
</div>


<p>
In this case,
projecting <b>w</b> onto <b>v</b> involved "collapsing" the y dimension of
<b>w</b>.
Lets see if the same result comes out mathematically.
The same steps work for 3D as for 2D:
</p>

<hr>

<ol>
<li>Compute the lengths:
    <dl><dd> <b>| w |</b>  &nbsp;= &nbsp; (keep it symbolic)
        <dd> <b>| v |<sup>2</sup></b>  &nbsp;= &nbsp; 
        ((5, 0, 3.1)<sup>T</sup> <b>&#183;</b> (5, 0, 3.1)<sup>T</sup>) 
        &nbsp; = &nbsp; 34.61</dd>
    </dl></li>

<li>Compute the unit vectors: 
    <dl><dd><b>w<sub>u</sub></b> &nbsp;= &nbsp; (4, 2.5, 2.5)<sup>T</sup> / <b>| w |</b></dd>
        <dd><b>v<sub>u</sub></b> &nbsp;= &nbsp; (5, 0, 3.1)<sup>T</sup> / <b>| v |</b></dd>
    </dl></li>

<li>Compute the cosine of the angle between the vectors:
    <dl><dd><b>w<sub>u</sub> &#183; v<sub>u</sub></b> <br>
    &nbsp;= &nbsp;  (4, 2.5, 2.5)<sup>T</sup> / <b>| w |</b> <b>&#183;</b> (5, 0, 3.1)<sup>T</sup> / <b>| v |</b><br>
    &nbsp;= &nbsp;  27.75/( <b>| w |</b><b>| v |</b>) </dd>
    </dl></li>

<li>Assemble the projection:
    <dl><dd>k<b>v</b> &nbsp;= &nbsp; <nobr><b>| w |</b> (<b>w<sub>u</sub> &#183; v<sub>u</sub></b>) <b>v<sub>u</sub></b></nobr> </dd>
        <dd>k<b>v</b> &nbsp;= &nbsp; <nobr><b>| w |</b>  (27.75 / (<b>| w |</b><b>| v |</b>))&nbsp; (5, 0, 3.1)<sup>T</sup> / <b>| v |</b></nobr> </dd>
        <dd>k<b>v</b> &nbsp;= &nbsp;  <nobr>(27.75 / (<b>| v |</b>))  &nbsp;( (5, 0, 3.1)<sup>T</sup> / <b>| v |</b> )</nobr></dd>
        <dd>k<b>v</b> &nbsp;= &nbsp;  <nobr>(27.75 / <b>| v |</b><sup>2</sup>)  &nbsp; (5, 0, 3.1)<sup>T</sup></nobr> </dd>
        <dd>k<b>v</b> &nbsp;= &nbsp;  <nobr>(27.75 / 34.61) &nbsp; (5, 0, 3.1)<sup>T</sup></nobr> </dd>
        <dd>k<b>v</b> &nbsp;= &nbsp;  <nobr>((27.75*5)/34.61, 0, (27.75*3.1)/34.61<sup>T</sup></nobr> </dd>
        <dd>k<b>v</b> &nbsp;= &nbsp;  <nobr>( 4.00, 0, 2.49)<sup>T</sup></nobr></dd>

    </dl></li>

</ol>

<hr>
<p>
So the visual estimate <nobr>k<b>v</b> = (4, 0, 2.5)<sup>T</sup></nobr>
matches the mathematical result, ( 4.00, 0, 2.49)<sup>T</sup>.
The orthogonal vector can easily be computed:
</p>

<dl><dd><b>u</b> &nbsp;= &nbsp; <b>w</b> - k<b>v</b></dd>
    <dd><b>u</b> &nbsp;= &nbsp; (4, 2.5, 2.5)<sup>T</sup> - (4, 0, 2.5)<sup>T</sup> 
                 &nbsp;= &nbsp; (0, 2.5, 0)<sup>T</sup></dd>
</dl></li>


</LESSON>

<QUESTION>
<p>
Keep the same vector <b>w</b> as in the diagram.
Visualize projecting <b>w</b> onto various vectors  <b>v'</b>.
Can you think of a vector <b>v'</b> that 
results in a  projection k<b>v'</b> that collapses  both the y and z
dimensions of  <b>w</b> ?
</p>
</QUESTION>

</CAI>

<!-- ------------------------------------------------------------------------ -->
<!-- ------------------------------------------------------------------------ -->
<!-- ------------------------------------------------------------------------ -->
<CAI>Another Example
<p>
Keep the same vector <b>w</b> as in the diagram.
Visualize projecting <b>w</b> onto various vectors  <b>v'</b>.
Can you think of a vector <b>v'</b> that  
results in a  projection k<b>v'</b> that collapses 
both the y and z
dimensions of <b>w</b> ?
</p>
<ANSWER>

<p>
It is probably harder to read the question than to figure out the result.
If <nobr><b>w</b> = (4, 2.5, 2.5)<sup>T</sup></nobr>
is projected onto
<nobr><b>v'</b> = (1, 0, 0)<sup>T</sup></nobr>
the result is
<nobr>k<b>v</b> = (4, 0, 0)<sup>T</sup></nobr>
</p>

</ANSWER>

<LESSON>

<div align="center">
<img src="project3D2.gif" border="2" width="296" height="246" />
</div>

<p>
Of course, that is what coordinate axes are:  when a vector in 3D space
is projected onto a coordinate axes you get one of the three dimensions
of that vector.
So let us look at an example that is not quite so easy:
</p>

<p>
In the picture <nobr><b>w</b> &nbsp;=&nbsp; (4, 2, 3)<sup>T</sup></nobr>
and <nobr><b>v</b> &nbsp;=&nbsp; (6, 4, 2)<sup>T</sup></nobr>.
</p>


</LESSON>

<QUESTION>
<p>
Visually project <b>w</b> onto <b>v</b>.
</p>
</QUESTION>

</CAI>

<!-- ------------------------------------------------------------------------ -->
<!-- ------------------------------------------------------------------------ -->
<!-- ------------------------------------------------------------------------ -->
<CAI>Checking the Answer
<ANSWER>
<p>
<u>My</u> visual estimate is that
if you "drop" the arrow head of <b>w</b> along a perpendicular to <b>v</b>,
you hit <b>v</b> at about 4/10 the length of <b>v</b>.
So k is about 0.4 and
<nobr>k<b>v</b> &nbsp; = &nbsp; 0.4 (6, 4, 2)<sup>T</sup></nobr>
<nobr> &nbsp; = &nbsp; (2.4, 1.6, 0.8)<sup>T</sup></p>
</p>

<p>
It turns out that I was grossly wrong.  Hope you did better.
</p>

</ANSWER>

<LESSON>

<div align="center">
<img src="project3D3.gif" border="2" width="296" height="246" />
</div>



<p>
The visual approach to 3D problems is hard, 
unless you actually have a 3D image
in front of you.
The correct answer calls for some figuring:
</p>

<ol>
<li>Compute the lengths:
    <dl><dd> <b>|w|</b>  &nbsp;= &nbsp; (keep it symbolic)
        <dd> <b>|v|<sup>2</sup></b>  &nbsp;= &nbsp; 
        ((6, 4, 2)<sup>T</sup> <b>&#183;</b> (6, 4, 2)<sup>T</sup>) 
        &nbsp; = &nbsp; 56</dd>
    </dl></li>

<li>Compute the unit vectors: 
    <dl><dd><b>w<sub>u</sub></b> &nbsp;= &nbsp; (4, 2, 3)<sup>T</sup> / <b>|w|</b></dd>
        <dd><b>v<sub>u</sub></b> &nbsp;= &nbsp; (6, 4, 2)<sup>T</sup> / <b>|v|</b></dd>
    </dl></li>

<li>Compute the cosine of the angle between the vectors:
    <dl><dd><b>w<sub>u</sub></b> <b>&#183;</b> <b>v<sub>u</sub></b> 
    &nbsp;= &nbsp;  (4, 2, 3)<sup>T</sup> <b>&#183;</b> (6, 4, 2)<sup>T</sup> / <b>|w||v|</b><br>
    &nbsp;= &nbsp;  38/( <b>|w| |v|</b>) </dd>
    </dl></li>

<li>Assemble the projection:
    <dl><dd>k<b>v</b> &nbsp;= &nbsp; <b>|w|</b> (<b>w<sub>u</sub> &#183; v<sub>u</sub></b>) <b>v<sub>u</sub></b> </dd>
        <dd>k<b>v</b> &nbsp;= &nbsp; <b>|w|</b>  {38 / (<b>|w|</b><b>|v|</b>)}  &nbsp; {(6, 4, 2)<sup>T</sup> / <b>|v|</b>} </dd>
        <dd>k<b>v</b> &nbsp;= &nbsp;  {38 /<b>|v|</b>}  &nbsp; {(6, 4, 2)<sup>T</sup> / <b>|v|</b>} </dd>
        <dd>k<b>v</b> &nbsp;= &nbsp;  {38 /<b>|v|</b><sup>2</sup>}  &nbsp; (6, 4, 2)<sup>T</sup> </dd>
        <dd>k<b>v</b> &nbsp;= &nbsp;  {38/56} &nbsp; (6, 4, 2)<sup>T</sup> </dd>
        <dd>k<b>v</b> &nbsp;= &nbsp; 0.679 &nbsp; (6, 4, 2)<sup>T</sup> </dd>
        <dd>k<b>v</b> &nbsp;= &nbsp;  ( 4.07, 2.7, 1.36)<sup>T</sup></dd>

    </dl></li>

</ol>

</LESSON>

<QUESTION>
<p>
What is <b>u</b>, where <b>u</b> + k<b>v</b>  &nbsp;= &nbsp; <b>w</b>?
(In the diagram <b>u</b> is the dotted black line).
</p>
</QUESTION>

</CAI>


<!-- ------------------------------------------------------------------------ -->
<!-- ------------------------------------------------------------------------ -->
<!-- ------------------------------------------------------------------------ -->
<CAI>End of the Chapter
<ANSWER>
<p>
<b>u</b> + k<b>v</b>  &nbsp;= &nbsp; <b>w</b>,
so
<b>u</b>  &nbsp;= &nbsp; <b>w</b>  - k<b>v</b>

  &nbsp;= &nbsp; <nobr>(4, 2, 3)<sup>T</sup></nobr> - ( 4.07, 2.7, 1.36)<sup>T</sup>

  &nbsp;= &nbsp; <nobr>(-0.07, -0.7, 1.64)<sup>T</sup></nobr>
</p>


</ANSWER>

<LESSON>
<p>
You have reached the end this chapter.
Your next project is to review the new terms
encountered in these pages:
</p>

<ul>
<li>
<GOTO>plane, defined by two vectors</GOTO>Two vectors define a plane.
</li>

<li>
<GOTO>projection, one vector onto another</GOTO>Projection
of one vector onto another.
</li>

<li>
<GOTO>projection, vector, formula</GOTO>Formula
for vector projection.
</li>

<li>
<GOTO>projection, vector, procedure</GOTO>Step-by-step
procedure for vector projection.
</li>

<li>
<GOTO>projection, vector, orthogonal component</GOTO>Orthogonal component
of vector projection.
</li>

<li>
<GOTO>projection, fast formulae</GOTO>Simplified calculation.
</li>

</ul>

<p>
The projected future is for much
more of this stuff.
You are sure to get cross.
</p>


</QUESTION>

</CAI>
</CHAPTER>
