<?xml version="1.0" standalone="yes" ?>

<!--  July 26, 2003  bpk   extensive editing  -->
<!--  May  28, 2004  bpk   two small fixes in applet parameters  -->
<!--  July 23, 2009  bpk   formatting changes  -->

<CHAPTER>

<COPYRIGHTDATE>2003</COPYRIGHTDATE>
<COPYRIGHTHOLDER>Bradley Kjell</COPYRIGHTHOLDER> 
<AUTHORNAME>Bradley Kjell kjell at ieee dot org </AUTHORNAME>
<HOMEFILE>../vectorIndex.html#10</HOMEFILE>
<STYLESHEET>../vectorStyle.css</STYLESHEET>

<CAI>CHAPTER 10 &#8212; Angle between 3D Vectors

<p>
<small>created: 08/26/97; revised: 08/14/00, 07/26/03, 07/23/09</small>
</p>

</ANSWER>

<LESSON>
<p>
The dot product is used for:
</p>

<ul>
<li><b>Length:</b> Dot product of vector with itself&nbsp;  =  &nbsp;length<sup>2</sup> </li>
<li><b>Perpendicularity:</b> Dot product of perpendicular vectors&nbsp;  =  &nbsp;0</li>
<li><b>Angle:</b>
<span class="math">
cos &#952;&nbsp;  =  &nbsp; 
</span>
dot product of two unit vectors</li>
</ul>

<p>
This chapter adds nothing new, but extends the third application
to the angle between vectors in 3D space.
</p>
</LESSON>

<QUESTION>
<p>
What is the angle between two edges of a cardboard box that meet in a corner?
</p>
</QUESTION>

</CAI>


<!-- ------------------------------------------------------------------------ -->
<!-- ------------------------------------------------------------------------ -->
<!-- ------------------------------------------------------------------------ -->
<CAI>Angles in Three Dimensions
<p>
What is the angle between two edges of a cardboard box that meet in a corner?
</p>

<ANSWER>


</ANSWER>

<LESSON>
<div align="center">
<img src="dynobox.gif" alt="Box of Dynamite" />
</div>

<p>
Any two of the three edges of a corner of a cardboard
box lie in a plane.
The angle between them is 90&#176;.
</p>

<p>
All the edges of the box intersect at right angles.
When the edges are projected to form a 2D
picture the angles between the edges
are usually not 90&#176;.
</p>


</LESSON>

</LESSON>

<QUESTION>
<p>
If your viewpoint changes, do the angles between the edges of the box change?
</p>
</QUESTION>

</CAI>

<!-- ------------------------------------------------------------------------ -->
<!-- ------------------------------------------------------------------------ -->
<!-- ------------------------------------------------------------------------ -->
<CAI>Angles between Coordinate Axes
<p>
If your viewpoint changes,
do the angles between the 3D edges of the box change?
</p>

<ANSWER>
<p>
No. 
Changing your viewpoint does not change the 3D objects.
But the 2D picture changes.
</p>

<LESSON> 

<div align="center">
<img src="dynobox2.gif" alt="Box of Dynamite" />
</div>

<p>
The angle between two vectors in 3D depends on their relation
to each other (and does not depend on your viewpoint, or the
coordinate frame you are using).
Of course,
when a 2D picture shows a 3D scene the angles in the picture
very much depend on the viewpoint.
</p>

<INDEX>angle between two 3D unit vectors</INDEX>
<p>
In the previous chapter you saw a formula for the angle 
<span class="math">
&#952;
</span>
between two unit vectors:
</p>

<blockquote>
<span class="math">
<b>a<sub>u</sub> &#183; b<sub>u</sub></b> &nbsp; = &nbsp; cos &#952;
</span>
</blockquote>

</LESSON>

<QUESTION>
<p>
Apply this formula to the two unit vectors 
parallel to the x axis and y axis:
&nbsp; (1,0,0)<sup>T</sup> &nbsp; and &nbsp; (0,1,0)<sup>T</sup>.
</p>
</QUESTION>

</CAI>

<CAI>Angle between two Vectors
<p>
Calculate the angle between the x axis and the y axis.
</p>

<ANSWER>
<p>
(1,0,0)<sup>T</sup> <b>&#183;&nbsp;</b> (0,1,0)<sup>T</sup> &nbsp; = &nbsp; 0.
Therefore the x and y axis are orthogonal.
(As we expected).
</p>

<LESSON> 


<div align="center">
<table border="2" bordercolor="gray" bgcolor="lightgray" width="520" cellpadding="25">

<tr>
<td>
  <applet code="drawVector3D" 
  width="260" height="300" 
  alt="You must have Java enabled to see this demo">
  
  <param name=xMin value=-4>
  <param name=xMax value=4>
  <param name=yMin value=-4>
  <param name=yMax value=4>
  <param name=zMin value=-4>
  <param name=zMax value=4>
  
  <param name=vector0 value="0,0,0,4,4,4">
  <param name=color0 value="red">
  <param name=label0 value="a">
  
  <param name=vector1 value="0,0,0,4,0,4">
  <param name=color1 value="blue">
  <param name=label1 value="b">
  </applet>
</td>

<td valign="top">
  <img src="snapshot3D.gif" alt="Snapshot" />
</td>
</tr>

<tr>

<td align="center">
  Applet
</td>

<td align="center">
  Snapshot of Applet<br />
  in case you don't have Java
</td>

</tr>

</table>
</div>

<p>
The previous problem was particularly easy to visualize,
and particularly easy to calculate.
Let us try something harder:
The picture shows two vectors:
</p>

<dl>
<dd>Vector <b>a</b> is represented by (4,4,4)<sup>T</sup> </dd>
<dd>Vector <b>b</b> is represented by (4,0,4)<sup>T</sup> </dd>
</dl>

<p>
The angle between the two vectors
is not 90&#176;, and
so is harder to see than in the previous example.
Click on the right and left rotate buttons to
get a better idea of the angle.
</p>

</td>
</tr>
</table>


</LESSON>

<QUESTION>
<p>
Take a guess: what angle is between <b>a</b> and <b>b</b>?
&nbsp;&nbsp;&nbsp;10&#176; ?
&nbsp;&nbsp;&nbsp;35&#176; ?
&nbsp;&nbsp;&nbsp;70&#176; ?
&nbsp;&nbsp;&nbsp;120&#176; ?
</p>
</QUESTION>

</CAI>

<!-- ------------------------------------------------------------------------ -->
<!-- ------------------------------------------------------------------------ -->
<!-- ------------------------------------------------------------------------ -->
<CAI>Formula for the angle between two Vectors
<p>
What angle is between <b>a</b> = (4,4,4)<sup>T</sup> and <b>b</b> = (4,0,4)<sup>T</sup>?
</p>

<ANSWER>
<p>
Visually, it looks somewhat less than
midway between perpendicular and horizontal.
35&#176; would be a good guess.
</p>

</ANSWER>

<LESSON>
<p>
One could do better than guess by noticing that in going from the
tail to the head of <b>a</b> the vertical distance increases by 4
while the horizontal distance increases by 4 <img src="sqrt.gif" align="bottom">2.
</p>

<p>
Hence the tangent of the angle is 
4 / (4 <img src="sqrt.gif" align="bottom">2)
&nbsp;  =  &nbsp;1.0/<img src="sqrt.gif" align="bottom">2
&nbsp;  =  &nbsp;0.7071.
</p>

<p>
so the angle with the horizontal is arctan( 0.7071 )&nbsp;  =  &nbsp;35.26&#176;.
Since <b>b</b> is in the horizontal plane,
the angle between the two vectors must be that value.
</p>

<p>
The formula for the angle 
<span class="math">
&#952;
</span>
between two unit vectors is:
</p>

<blockquote>
<span class="math">
<b>a<sub>u</sub> &#183; b<sub>u</sub></b> &nbsp;=&nbsp; cos &#952;
</span>
</blockquote>

<INDEX>angle between two 3D non-unit vectors</INDEX>

<p>
To use this formula with non-unit vectors:
(1) normalize each vector, 
(2) compute the dot product,
(3) take the arc cos to get the angle.
</p>

</LESSON>

<QUESTION>
<p>
(Calculator Problem: )
Apply this formula to <b>a</b> and <b>b</b> of the figure.
</p>
</QUESTION>

</CAI>

<!-- ------------------------------------------------------------------------ -->
<!-- ------------------------------------------------------------------------ -->
<!-- ------------------------------------------------------------------------ -->
<CAI>A More Difficult Problem
<p>
Vector <b>a</b> is (4, 4, 4)<sup>T</sup> &nbsp; &nbsp;
Vector <b>b</b> is (4, 0, 4)<sup>T</sup>  &nbsp; &nbsp; Calculate:
<b>a<sub>u</sub> &#183; b<sub>u</sub></b> &nbsp;=&nbsp;
<span class="math">
cos &#952;
</span>
</p>

<ANSWER>
 
<pre>
<span class="math">
|<b>a</b>| = <img src="sqrt.gif" align="bottom">(16 + 16 + 16) = 4 <img src="sqrt.gif" align="bottom">3 ,  |<b>b</b>| = <img src="sqrt.gif" align="bottom">(16 + 16) =  4 <img src="sqrt.gif" align="bottom">2  

<b>a<sub>u</sub></b>  =  (4, 4, 4)<sup>T</sup>/(4 <img src="sqrt.gif" align="bottom">3) ,  <b>b<sub>u</sub></b>  =  (4, 0, 4)<sup>T</sup>/(4 <img src="sqrt.gif" align="bottom">2  )

<b>a<sub>u</sub> &#183; b<sub>u</sub></b> = (16 + 16)/( (4<img src="sqrt.gif" align="bottom">3)(4<img src="sqrt.gif" align="bottom">2) ) = 2/(<img src="sqrt.gif" align="bottom">3  <img src="sqrt.gif" align="bottom">2 )  = <img src="sqrt.gif" align="bottom">2 / <img src="sqrt.gif" align="bottom">3 = cos &#952;

cos &#952; =  0.81649, &#952;  =  35.26&#176;
</span>
</pre>
 

</ANSWER>

<LESSON>



<div align="center">
<table border="2" bordercolor="gray" bgcolor="lightgray" width="520" cellpadding="25">
<tr>
<td>

  <applet code="drawVector3D" 
  width=260 height=300 align=left 
  alt="You must have Java enabled to see this demo.">
  
  <param name=xMin value=-4>
  <param name=xMax value=4>
  <param name=yMin value=-4>
  <param name=yMax value=4>
  <param name=zMin value=-4>
  <param name=zMax value=4>
  
  <param name=vector0 value="0,0,0,4,3,2">
  <param name=color0 value="blue">
  <param name=label0 value="f">
  
  <param name=vector1 value="0,0,0,-1,4,4">
  <param name=color1 value="blue">
  <param name=label1 value="g">
  
  </applet>

<td valign="top">
  <img src="snapshot3Dtwo.gif" alt="Snapshot" />
</td>
</tr>

<tr>

<td align="center">
  Applet
</td>

<td align="center">
  Snapshot of Applet<br />
  in case you don't have Java
</td>

</tr>

</table>
</div>

<p>
The nasty math in the previous exercise is not the real purpose of all this.
The goal is to illustrate the formula
<span class="math">
<nobr><b>a<sub>u</sub> &#183; b<sub>u</sub></b> &nbsp;=&nbsp; cos &#952; ,</nobr>
</span>
&nbsp; which is important in 
every  part of 3D graphics.
It is worth another example.
</p>

<p>
The figure shows two vectors, represented by:
</p>

<pre>
<b>f</b> &nbsp;  =  &nbsp;  (4, 3, 2)<sup>T</sup>

<b>g</b> &nbsp;  =  &nbsp;  (-1, 4, )<sup>T</sup>
</pre>


<p>
Rotate the figure to get a better sense of the angle between the vectors.
You would like to measure this angle by laying a protractor flat across
the two vectors.
But you can't do this since all you see is the
projection of the two vectors onto the screen.
</p>


</LESSON>

<QUESTION>
<p>
Guessing, however, is easy.  About what angle separates the two
vectors?
</p>
</QUESTION>

</CAI>

<!-- ------------------------------------------------------------------------ -->
<!-- ------------------------------------------------------------------------ -->
<!-- ------------------------------------------------------------------------ -->
<CAI>Applying the Formula
<p>
About what angle separates the two
vectors?
</p>

<ANSWER>
<p>
After rotating them figure a few times,
I guessed 50&#176;.
But this is only a guess.
</p>

</ANSWER>

<LESSON>
<p>
Lets see how close my guess is:
</p>

<ol>
<li>The two vectors are represented by:</li>
    <dl>
    <dd><b>f</b>&nbsp;  =  &nbsp;(4, 3, 2)<sup>T</sup></dd>
    <dd><b>g</b>&nbsp;  =  &nbsp;(-1, 4, 4)<sup>T</sup></dd>
    </dl>
<li>The lengths are:</li>
    <dl>
    <dd><span class="math">| <b>f</b> |<sup>2</sup></b>&nbsp;  =  &nbsp;(4, 3, 2)<sup>T</sup>&nbsp;&#183;&nbsp;(4, 3, 2)<sup>T</sup>&nbsp;  =  &nbsp;16 + 9 + 4&nbsp;  =  &nbsp;29</span></dd>
    <dd><span class="math">| <b>g</b> |<sup>2</sup></b>&nbsp;  =  &nbsp;(-1, 4, 4)<sup>T</sup>&nbsp;&#183;&nbsp;(-1, 4, 4)<sup>T</sup>&nbsp;  =  &nbsp;1 + 16 + 16&nbsp;  =  &nbsp;33 </span></dd>
    </dl>
<li>The normalized vectors are:</li>
    <dl>
    <dd><b>f<sub>u</sub></b>&nbsp;  =  &nbsp;
        (4, 3, 2)<sup>T</sup> / <img src="sqrt.gif" align="bottom">29</dd>
    <dd><b>g<sub>u</sub></b>&nbsp;  =  &nbsp;
        (-1, 4, 4)<sup>T</sup> / <img src="sqrt.gif" align="bottom">33</dd>
    </dl>
<li>The dot product is:</li>
    <dl>
    <dd><span class="math"><b>f<sub>u</sub>&nbsp;&#183;&nbsp;g<sub>u</sub></b>&nbsp;  =  &nbsp;
        (4, 3, 2)<sup>T</sup> <b>&#183;</b> (-1, 4, 4)<sup>T</sup> / (<img src="sqrt.gif" align="bottom">29 <img src="sqrt.gif" align="bottom">33)</dd>
    <dd>&nbsp; = &nbsp; (-4 + 12 + 8)/(<img src="sqrt.gif" align="bottom">29 <img src="sqrt.gif" align="bottom">33)
        &nbsp; = &nbsp; 16 / (<img src="sqrt.gif" align="bottom">29 <img src="sqrt.gif" align="bottom">33)
        &nbsp; = &nbsp; 0.51721</dd></span>
    </dl>
<li>The angle is:</li>
    <dl>
    <dd><span class="math">cos &#952; =  &nbsp;0.51721</span> </dd>
    <dd><span class="math">&#952;</span>  =  &nbsp;arc cos 0.51721
        &nbsp;=&nbsp;58.855&#176;</dd>
    </dl>
</ol>

<p>
Not too far off from my guess.
</p>

</LESSON>

<QUESTION>
<p>
Do two vectors need to be touching at their tails for there to be
an angle between them?
</p>
</QUESTION>

</CAI>


<!-- ------------------------------------------------------------------------ -->
<!-- ------------------------------------------------------------------------ -->
<!-- ------------------------------------------------------------------------ -->
<CAI>Angle between Two Directions

<p>
Do two vectors need to be touching at their tails for there to be
an angle between them?
</p>

<ANSWER>

<p>
No. Vectors don't really have a position.
You can take the dot product of any two 3D  vectors
or the column matrices that represent them.
</p>

</ANSWER>

<LESSON>

<div align="center">
<img src="bobAtBeach.gif" alt="Bob at the Beach" />
</div>

<p>
It might sound odd to measure the angle between things that have no position.
However,
many phenomena have an orientation, but no position.
The wind might come from the West one day and from the North the
next (a difference of 90&#176;).
At noon in Summer the light from the Sun arrives at a different
angle than at noon in Winter.
Shading in 3D graphics uses vectors 
for the orientation of a surface and for the
direction of each light source.
</p>

<p>
Bob and Bill 
have skipped class and are at the beach
working on their sun tans.
A convenient coordinate frame points the x-axis North,
the y-axis straight up, and the z-axis East.
</p>

<p>
In this frame, the direction to the Sun
is <nobr>(-3, 4, 0)<sup>T</sup> / 5.</nobr>
</p>

<p>
A unit vector perpendicular to Bob's back is <nobr>( -1, 2, 2)<sup>T</sup> / 3.</nobr>
</p>

<p>
A unit vector perpendicular to Bill's back is <nobr>( -2, 1, 2)<sup>T</sup> / 3.</nobr>
</p>


</LESSON>

<QUESTION>
<p>
Which student is best positioned for rapid tanning?
</p>
</QUESTION>

</CAI>

<!-- ------------------------------------------------------------------------ -->
<!-- ------------------------------------------------------------------------ -->
<!-- ------------------------------------------------------------------------ -->
<CAI>More Practice

<ANSWER>
<ul>
<li>Direction to sun&nbsp;  =  &nbsp;( -3, 4, 0)/5</li>
<li>Perpendicular to Bob's back&nbsp;  =  &nbsp;( -1, 2, 2)/3</li>
<li>Perpendicular to Bill's back&nbsp;  =  &nbsp;( -2, 1, 2)/3</li>
</ul>

<p>
To catch the most rays, your back should be pointed straight at the sun.
You want the <em>smallest</em> angle between the perpendicular to your back
and the direction to the sun.
</p>

<pre>
For Bob: ( -1, 2, 2)/3 <b>&#183;</b> ( -3, 4, 0)/5&nbsp;  =  &nbsp;(3+8+0)/15&nbsp;  =  &nbsp;11/15;&nbsp;
    arc cos( 11/15 )&nbsp;  =  &nbsp;42.8 degrees
    
For Bill: &nbsp;&nbsp;( -2, 1, 2)/3 <b>&#183;</b> ( -3, 4, 0)/5&nbsp;  =  &nbsp;(6+4+0)/15&nbsp;  =  &nbsp;10/15;&nbsp;
    arc cos( 14/15 )&nbsp;  =  &nbsp;48.2 degrees
</pre>

<p>
Bob will tan faster.
</p>

</ANSWER>

<LESSON>

<div align="center">
<table border="2" bordercolor="gray" bgcolor="lightgray" width="520" cellpadding="25">
<tr>
<td>
  <applet code="drawVector3D" 
  width=260 height=300
  alt="You must have Java enabled to see this demo.">
  
  <param name=xMin value=-4>
  <param name=xMax value=4>
  <param name=yMin value=-4>
  <param name=yMax value=4>
  <param name=zMin value=-4>
  <param name=zMax value=4>
  
  <param name=vector0 value="0,0,0,-2,4,3">
  <param name=color0 value=blue>
  <param name=label0 value=q>
  
  <param name=vector1 value="0,0,0,3,1,-4">
  <param name=color1 value=blue>
  <param name=label1 value=p>

</applet>

<td valign="top">
  <img src="snapshot3Dthree.gif" alt="Snapshot" />
</td>
</tr>

<tr>

<td align="center">
  Applet
</td>

<td align="center">
  Snapshot of Applet<br />
  in case you don't have Java
</td>

</tr>

</table>
</div>

<p>
The diagram shows two more example vectors:
</p>

<dl>
<dd><b>q</b>&nbsp;  =  &nbsp;(-2, 4, 3)<sup>T</sup></dd>
<dd><b>p</b>&nbsp;  =  &nbsp;(3, 1, -4)<sup>T</sup></dd>
</dl>

<p>
For ease in visualization the tails of the vectors have been placed
at the origin.
The vectors point into two different octants of 3D space.
</p>

<p>
Rotate the viewpoint to get a better idea of the two vectors.
See if you can find a viewpoint that best shows the angle
between the vectors.
</p>

</LESSON>

<QUESTION>
<p>
What is the angle between the two vectors?  (Work it out numerically.)
</p>
</QUESTION>

</CAI>

<!-- ------------------------------------------------------------------------ -->
<!-- ------------------------------------------------------------------------ -->
<!-- ------------------------------------------------------------------------ -->
<CAI>The Answer Worked Out

<ANSWER>
<p>
120.654 degrees
</p>

</ANSWER>

<LESSON>
<p>
In tedious detail:
</p>

<ol>
<li>The two vectors are:
    <dl>
    <dd><b>p</b>&nbsp;  =  &nbsp;( -2, 4, 3)<sup>T</sup></dd>
    <dd><b>q</b>&nbsp;  =  &nbsp;( 3, 1, -4)<sup>T</sup></dd>
    </dl></li>
<li>The lengths are:
    <dl>
    <dd>|<b>p</b>|<sup>2</sup>&nbsp;  =  &nbsp;( -2, 4, 3)<sup>T</sup> <b>&#183;</b> ( -2, 4, 3)<sup>T</sup>&nbsp;  =  &nbsp;4 + 16 + 9&nbsp;  =  &nbsp;29</dd>
    <dd>|<b>q</b>|<sup>2</sup>&nbsp;  =  &nbsp;( 3, 1, -4)<sup>T</sup> <b>&#183;</b> ( 3, 1, -4)<sup>T</sup>&nbsp;  =  &nbsp;9 + 1 + 16&nbsp;  =  &nbsp;26 </dd>
    </dl></li>
<li>The normalized vectors are:
    <dl>
    <dd><b>p<sub>u</sub></b>&nbsp;  =  &nbsp;(-2, 4, 3)<sup>T</sup>/ <img src="sqrt.gif" align="bottom">29</dd>
    <dd><b>q<sub>u</sub></b>&nbsp;  =  &nbsp;(3, 1, -4)<sup>T</sup>/ <img src="sqrt.gif" align="bottom">26</dd>
    </dl></li>
<li>The dot product is:
    <dl>
    <dd><b>p<sub>u</sub>&nbsp;&#183;&nbsp;q<sub>u</sub></b>&nbsp;  =  &nbsp;(-2, 4, 3)&#183;(3, 1, -4)<sup>T</sup>/ (<img src="sqrt.gif" align="bottom">29 <img src="sqrt.gif" align="bottom">26)</dd>
    <dd>&nbsp; = &nbsp; (-6 + 4 - 12)/(<img src="sqrt.gif" align="bottom">29 <img src="sqrt.gif" align="bottom">26)
        &nbsp; = &nbsp;-14/(<img src="sqrt.gif" align="bottom">29 <img src="sqrt.gif" align="bottom">26)&nbsp;  =  &nbsp;-0.50985</dd>
    </dl></li>
<li>The angle is:
    <dl>
    <dd><span class="math">cos &#952; &nbsp; =&nbsp; -0.50985</span> </dd>
    <dd><span class="math">&#952; &nbsp;=&nbsp; arc cos( -0.50985) &nbsp;=&nbsp; 120.654&#176;</span></dd>
    </dl></li>
</ol>

<p>
Looks about correct.
</p>

</LESSON>

<QUESTION>
<p>
What is the cosine of the angle between these unit vectors:
</p>

<pre>
<b>s</b>&nbsp;  =  &nbsp;(1, 0, 1)<sup>T</sup>/ <img src="sqrt.gif" align="bottom">2

<b>t</b>&nbsp;  =  &nbsp;(1, 1, 1)<sup>T</sup>/ <img src="sqrt.gif" align="bottom">3
</pre>

</QUESTION>

</CAI>

<!-- ------------------------------------------------------------------------ -->
<!-- ------------------------------------------------------------------------ -->
<!-- ------------------------------------------------------------------------ -->
<CAI>Geometry

<ANSWER>
<p>
What is the cosine of the angle between these unit vectors:
</p>

<pre>
<b>s</b>&nbsp;  =  &nbsp;(1, 0, 1)<sup>T</sup>/<img src="sqrt.gif" align="bottom">2

<b>t</b>&nbsp;  =  &nbsp;(1, 1, 1)<sup>T</sup>/<img src="sqrt.gif" align="bottom">3

cos &#952; &nbsp;  =  &nbsp; (1, 0, 1)<sup>T</sup> &nbsp;&#183;&nbsp; (1, 1, 1)<sup>T</sup> / (<img src="sqrt.gif" align="bottom">2 <img src="sqrt.gif" align="bottom">3)

    =  &nbsp; 2 / (<img src="sqrt.gif" align="bottom">2 <img src="sqrt.gif" align="bottom">3)
    
    =  &nbsp;<img src="sqrt.gif" align="bottom">2 / <img src="sqrt.gif" align="bottom">3
    
    =  &nbsp;0.8164
</pre>

</ANSWER>

<LESSON>



<div align="center">
<table border="2" bordercolor="gray" bgcolor="lightgray" width="600" cellpadding="25">
<tr>
<td>
<applet code="drawVector3D"  width="300" height="330" 
alt="You must have Java enabled to see this demo.">

<param name=xMin value=-3>
<param name=xMax value=3>
<param name=yMin value=-3>
<param name=yMax value=3>
<param name=zMin value=-3>
<param name=zMax value=3>

<param name=vector0 value="0,0,0,2,0,0">
<param name=color0 value=red>
<param name=label0 value=" ">

<param name=vector1 value="0,0,0,0,3,0">
<param name=color1 value=red>
<param name=label1 value=" ">

<param name=vector2 value="0,0,0,0,0,4">
<param name=color2 value=red>
<param name=label2 value=" ">

<param name=vector3 value="0,3,0,2,0,0">
<param name=color3 value=green>
<param name=label3 value=" ">

<param name=vector4 value="0,3,0,0,0,4">
<param name=color4 value=green>
<param name=label4 value=" ">

<param name=vector5 value="0,0,4,2,0,0">
<param name=color5 value=blue>
<param name=label5 value=" ">
</applet>

<td valign="top">
  <img src="snapshot3Dfour.gif" alt="Snapshot" />
</td>
</tr>

<tr>

<td align="center">
  Applet
</td>

<td align="center">
  Snapshot of Applet<br />
  in case you don't have Java
</td>

</tr>

</table>
</div>


<INDEX>solid geometry problems, and vectors</INDEX>
<p>
The dot product formula can be used to work out some geometric
problems that otherwise would be hard.
In the following figure, the red edges of the figure coincide with
the coordinate axes.
They share a mutual endpoint at <nobr>(0, 0, 0).</nobr>
The edge along the x axis ends at x=2; 
the edge along the y axis ends at y=3;
and the edge along the z axis ends at z=4.
The remaining edges connect these endpoints.
</p>

<p>
Now say that you wanted to calculate the angle between the
two green edges.
This might be fairly tedious using trigonometry.
But now you can:
</p>

<ol>
<li>Calculate a displacement vector for each green edge</li>
    (by subtracting endpoints.)
<li>Normalize each vector.</li>
<li>Use the dot product rule for the angle between them.</li>
</ol>


</LESSON>

<QUESTION>
<p>
What is the angle between the two green edges?
</p>
</QUESTION>

</CAI>

<!-- ------------------------------------------------------------------------ -->
<!-- ------------------------------------------------------------------------ -->
<!-- ------------------------------------------------------------------------ -->
<CAI>Answer Worked Out

<ANSWER>
<p>
60.051&#176;
</p>

</ANSWER>

<LESSON>


<div align="center">
  <img src="snapshot3Dfour.gif" alt="Snapshot" />
</div>


<p>
In loving detail:
</p>

<ol>
<li>The endpoints are: 
    <dl>
    <dd>(0, 3, 0) to (2, 0, 0)</dd>
    <dd>(0, 3, 0) to (0, 0, 4)</dd>
    </dl>
<li>The displacement vectors are: 
    <dl>
    <dd><b>a</b>&nbsp;  =  &nbsp;(2, 0, 0) - (0, 3, 0)&nbsp;  =  &nbsp;(2, -3, 0)<sup>T</sup></dd>
    <dd><b>b</b>&nbsp;  =  &nbsp;(0, 0, 4) - (0, 3, 0)&nbsp;  =  &nbsp;(0, -3, 4)<sup>T</sup></dd>
    </dl>
<li>The lengths are: 
    <dl>
    <dd>|<b>a</b>|<sup>2</sup>&nbsp;  =  &nbsp; (2, -3, 0)<sup>T</sup>&nbsp;&#183;&nbsp; (2, -3, 0)<sup>T</sup>&nbsp;  =  &nbsp;13</dd>
    <dd>|<b>b</b>|<sup>2</sup>&nbsp;  =  &nbsp; (0, -3, 4)<sup>T</sup>&nbsp;&#183;&nbsp; (0, -3, 4)<sup>T</sup>&nbsp;  =  &nbsp;25 </dd>
    </dl>
<li>The normalized vectors are: 
    <dl>
    <dd><b>a<sub>u</sub></b>&nbsp;  =  &nbsp;(2, -3, 0)<sup>T</sup> / <img src="sqrt.gif" align="bottom">13</dd>
    <dd><b>b<sub>u</sub></b>&nbsp;  =  &nbsp;(0, -3, 4)<sup>T</sup> / 5</dd>
    </dl>
<li>The dot product is: 
    <dl>
    <dd><b>a<sub>u</sub> &#183; b<sub>u</sub></b>&nbsp;  =  &nbsp;(2, -3, 0)<sup>T</sup> <b>&#183;</b> (0, -3, 4)<sup>T</sup> / (5<img src="sqrt.gif" align="bottom">13)</dd>
    <dd> =&nbsp; 9 / (5<img src="sqrt.gif" align="bottom">13)&nbsp;  =  &nbsp; 0.49923</dd>
    </dl>
<li>The angle is: 
    <dl>
    <dd><span class="math">cos &#952; &nbsp;  =  &nbsp;0.49923</span> </dd>
    <dd><span class="math">&#952;&nbsp;  =  &nbsp;arc cos 0.49923&nbsp;  =  &nbsp;60.051&#176;</span></dd>
    </dl>
</ol>


</LESSON>

<QUESTION>
<p>
If you had calculated the displacement vectors in the opposite manner
(by subtracting <em>from</em> (0, 3, 0) ) would it have affected the
answer?
</p>
</QUESTION>

</CAI>

<!-- ------------------------------------------------------------------------ -->
<!-- ------------------------------------------------------------------------ -->
<!-- ------------------------------------------------------------------------ -->
<CAI>End of the Chapter

<ANSWER>

<p>
No &#8212; the vectors would point in opposite directions, but their
dot product would be the same.
</p>

</ANSWER>

<LESSON>

<p>
This chapter did little but work with the formula
for the cosine of the angle between two vectors.
Only a few topics may need reviewing:
</p>

<ul>
<li>
<GOTO>angle between two 3D unit vectors</GOTO>The formula 
for the cosine of the angle between unit vectors.
</li>

<li>
<GOTO>angle between two 3D non-unit vectors</GOTO>List of steps 
to take in applying it to non-unit vectors.
</li>

<li>
<GOTO>solid geometry problems, and vectors</GOTO>Using vectors
for problems in solid geometry.
</li>

</ul>


</QUESTION>

</CAI>
</CHAPTER>

