<?xml version="1.0" standalone="yes" ?>

<!--  July   25, 2003  bpk   extensive editing  -->
<!--  July   22, 2009  bpk   format changes -->

<CHAPTER>

<COPYRIGHTDATE>2009</COPYRIGHTDATE>
<COPYRIGHTHOLDER>Bradley Kjell</COPYRIGHTHOLDER> 
<AUTHORNAME>Bradley Kjell kjell at ieee dot org </AUTHORNAME>
<HOMEFILE>../vectorIndex.html#09</HOMEFILE>
<STYLESHEET>../vectorStyle.css</STYLESHEET>

<CAI>CHAPTER 9  &#8212; The Angle Between Two Vectors

<p>
<small>created 08/26/97; revised 08/13/00, 10/07/00, 07/25/03, 07/25/09</small>
</p>

<LESSON>
<p>
The previous chapter discussed some uses of the dot product:
</p>

<ul>
<li><b>Length:</b> dot product of vector with itself  =  length<sup>2</sup> </li>
<li><b>Orthogonality:</b> dot product of two perpendicular vectors  =  0</li>
</ul>

<p>
In the first case, the angle between the vector and itself is 0&#176;.
In the second case, the angle between the two vectors is 90&#176;.
</p>

</LESSON>

<QUESTION>
<p>
Does the angle between two vectors have
something to do with the dot product?
</p>

</QUESTION>

</CAI>



<!-- ------------------------------------------------------------------------ -->
<!-- ------------------------------------------------------------------------ -->
<!-- ------------------------------------------------------------------------ -->
<CAI>Example Dot Products
<ANSWER>

<p>
Yes &#8212; maybe the dot product is large when the angle is close to zero
and small when the angle is close to perpendicular.
</p>

</ANSWER>

<LESSON>

<div align="center">
<img src="angles1.gif" border="2" alt="three vectors, separated by 30 degrees" />
</div>

<p>
The answer is correct, but a little vague.
Let us tighten it up.
For now, think about 2D vectors.
Consider vector <b>a</b> in the diagram and
its dot product with two other vectors, <b>b</b> oriented at 30&#176;,
and <b>c</b> oriented at 60&#176;.
</p>

</LESSON>

<QUESTION>
<p>
Which do you think is larger:

</p>

<dl>
<dd><b>a &#183; b</b>&nbsp;, or</dd>
<dd><b>a &#183; c</b>&nbsp; ?</dd>
</dl>

</QUESTION>

</CAI>


<!-- ------------------------------------------------------------------------ -->
<!-- ------------------------------------------------------------------------ -->
<!-- ------------------------------------------------------------------------ -->
<CAI>Length Affects Dot Product

<ANSWER>
<p>
<b>c</b> is  much longer vector than <b>b</b>;
it is likely that <b>a &#183; c</b> is the larger.
</p>

</ANSWER>

<LESSON>

<div align="center">
<img src="angles1.gif" border="2" alt="three vectors, separated by 30 degrees" />
</div>

<p>
The answer is not only likely, but correct.
</p>

<dl>
<dd><b>a</b> is (6, &nbsp;0)<sup>T</sup></dd>
<dd><b>b</b> is (3, &nbsp;2)<sup>T</sup></dd>
<dd><b>c</b> is (5, &nbsp;9)<sup>T</sup></dd>
</dl>

<p>
The dot products are:
</p>

<dl>
<dd><b>a &#183; b</b> &nbsp; is 18.0 </dd>
<dd><b>a &#183; c</b> &nbsp; is 30.00  </dd>
</dl>

<INDEX>dot product, affected by vector properties</INDEX>
<p>
There are two properties tangled up in the dot product :
the angle between the input vectors, and the length of the input vectors.
We would like to get at just the angle alone by somehow removing the influence of
length.
</p>

</LESSON>

<QUESTION>
<p>
What is the normal method for removing the influence of length?
</p>

</QUESTION>

</CAI>


<!-- ------------------------------------------------------------------------ -->
<!-- ------------------------------------------------------------------------ -->
<!-- ------------------------------------------------------------------------ -->
<CAI>Normalize Vectors

<ANSWER>

<p>
Normalize the vectors (create unit vectors in the same directions).
</p>

</ANSWER>

<LESSON>
<div align="center">
<img src="angles2.gif" border="2" />
</div>

<p>
&#160;
</p>

<p>
The diagram shows each vector after it has been
<em>normalized</em>. (Remember, this means creating a unit vector
in the same direction as the original vector).
</p>


</LESSON>

<QUESTION>
<p>
<em>Now</em> which dot product is larger? &nbsp; 
<b>a<sub>u</sub> &#183; b<sub>u</sub></b>&nbsp;, &nbsp;or
<b>a<sub>u</sub> &#183; c<sub>u</sub></b>&nbsp; ?
</p>

<p>
Hint: remember that 
<span class="math">
<b>u  &#183; v</b> &nbsp; = &nbsp; |<b>u</b>||<b>v</b>| cos &#952;</span>.
But now both vectors have length 1.0.
</p>


</QUESTION>

</CAI>


<!-- ------------------------------------------------------------------------ -->
<!-- ------------------------------------------------------------------------ -->
<!-- ------------------------------------------------------------------------ -->
<CAI>Filtering out the effect of Length

<ANSWER>
<p>
Since
   <span class="math">
   <nobr><b>u  &#183; v</b> &nbsp;=&nbsp; |<b>u</b>||<b>v</b>| cos &#952; </nobr>
   </span>
and all vectors in this problem have length 1.0,
   <span class="math">
   <nobr><b>u  &#183; v</b> &nbsp;=&nbsp; cos &#952;.</nobr>
   </span>
</p>

<p>
The dot product of <b>a<sub>u</sub>  &#183; b<sub>u</sub></b>&nbsp; is the cosine of the
angle between <b>a<sub>u</sub></b> and <b>b<sub>u</sub></b>, which can be read off the diagram as
0.866.
</p>

<p>
The dot product of <b>a<sub>u</sub> &#183; c<sub>u</sub></b>&nbsp; is the cosine of the
angle between <b>a<sub>u</sub></b> and <b>c<sub>u</sub></b>, which can be read off the diagram as
0.500.
</p>

</ANSWER>

<LESSON>

<div align="center">
<img src="angles2.gif" border="2" alt="Normalized Vectors" />
</div>

<p>
<b>b<sub>u</sub></b> is closer in orientation to <b>a<sub>u</sub></b>;
so <b>a<sub>u</sub> &#183; b<sub>u</sub></b> is the larger.
</p>

<dl>
<dd><b>a<sub>u</sub></b> is (1,&nbsp;0)&nbsp;&nbsp;&nbsp;&nbsp;&nbsp;&nbsp;&nbsp;--- a unit vector at zero degrees</dd>
<dd><b>b<sub>u</sub></b> is (0.866,&nbsp;0.5)&nbsp;&nbsp;--- a unit vector at 30 degrees</dd>
<dd><b>c<sub>u</sub></b> is (0.5,&nbsp;0.866)&nbsp;&nbsp;--- a unit vector at 60 degrees</dd>
</dl>

<p>
Remember: cos 30&#176; &nbsp;  =  &nbsp;0.866, sin 30&#176; &nbsp;  =  &nbsp;0.5,
cos 60&#176; &nbsp;  =  &nbsp;0.5, and sin 60&#176; &nbsp;  =  &nbsp;0.866.
</p>

<p>
The dot products are:
</p>

<dl>
<dd><b>a<sub>u</sub> &#183; b<sub>u</sub></b>&nbsp; is 0.866 </dd>
<dd><b>a<sub>u</sub> &#183; c<sub>u</sub></b>&nbsp; is 0.500 </dd>
</dl>


<p>
So by using vectors of length one,
the effect of length is removed and the dot product is larger
when a small angle separates the vectors.
</p>

</LESSON>

<QUESTION>
<p>
What do you suppose happens when
the vectors are in opposite directions, such as (1, 0)<sup>T</sup> and (-1, 0)<sup>T</sup> ?
</p>

</QUESTION>

</CAI>


<!-- ------------------------------------------------------------------------ -->
<!-- ------------------------------------------------------------------------ -->
<!-- ------------------------------------------------------------------------ -->
<CAI>Range of the Dot Product of Two Unit Vectors
<p>
What do you suppose happens when
the vectors are in opposite directions, such as (1, 0)<sup>T</sup> and (-1, 0)<sup>T</sup> ?
</p>

<ANSWER>
<p>
The magnitude of the dot product is negative.
</p>

</ANSWER>

<LESSON>

<p>
Here is a sampling of <b>b<sub>u</sub></b> and the dot product with <b>a<sub>u</sub></b>
&nbsp;=&nbsp;(1.0,&nbsp;0)<sup>T</sup> for various angles.
</p>

<center>
<table cellpadding="8" border="1" bordercolor="tan" bgcolor=white >
<tr bgcolor="pink"><th>Angle      </th><th>  b   </th><th>Result</th> <th>Picture</th></tr>
<tr align="center"><td bgcolor="lightblue"> 000&#176; </td><td>  (1.000, 0.000)<sup>T</sup> </td><td>1.000</td><td><img src="cosineTable00.gif" width="100" height="100"/></td>   </tr> 
<tr align="center"><td bgcolor="lightblue"> 015&#176; </td><td>  (0.966, 0.259)<sup>T</sup> </td><td>0.966</td><td><img src="cosineTable15.gif" width="100" height="100"/></td>      </tr>
<tr align="center"><td bgcolor="lightblue"> 030&#176; </td><td>  (0.866, 0.500)<sup>T</sup> </td><td>0.866</td><td><img src="cosineTable30.gif" width="100" height="100"/></td>      </tr> 
<tr align="center"><td bgcolor="lightblue"> 045&#176; </td><td>  (0.707, 0.707)<sup>T</sup> </td><td>0.707</td><td><img src="cosineTable45.gif" width="100" height="100"/></td>      </tr> 
<tr align="center"><td bgcolor="lightblue"> 060&#176; </td><td>  (0.500, 0.866)<sup>T</sup> </td><td>0.500</td><td><img src="cosineTable60.gif" width="100" height="100"/></td>      </tr> 
<tr align="center"><td bgcolor="lightblue"> 075&#176; </td><td>  (0.259, 0.966)<sup>T</sup> </td><td>0.259</td><td><img src="cosineTable75.gif" width="100" height="100"/></td>      </tr> 
<tr align="center"><td bgcolor="lightblue"> 090&#176; </td><td>  (0.000, 1.000)<sup>T</sup> </td><td>0.000</td><td><img src="cosineTable90.gif" width="100" height="100"/></td>      </tr>
<tr align="center"><td bgcolor="lightblue"> 105&#176; </td><td>  (-0.500, 0.866)<sup>T</sup> </td><td>-0.259</td><td><img src="cosineTable105.gif" width="100" height="100"/></td>    </tr> 
<tr align="center"><td bgcolor="lightblue"> 120&#176; </td><td>  (-0.500, 0.866)<sup>T</sup> </td><td>-0.500</td><td><img src="cosineTable120.gif" width="100" height="100"/></td>    </tr> 
<tr align="center"><td bgcolor="lightblue"> 135&#176; </td><td>  (-0.707, 0.707)<sup>T</sup> </td><td>-0.707</td><td><img src="cosineTable135.gif" width="100" height="100"/></td>    </tr> 
<tr align="center"><td bgcolor="lightblue"> 150&#176; </td><td>  (-0.866, 0.500)<sup>T</sup> </td><td>-0.866</td><td><img src="cosineTable150.gif" width="100" height="100"/></td>    </tr> 
<tr align="center"><td bgcolor="lightblue"> 165&#176; </td><td>  (-0.966, 0.259)<sup>T</sup> </td><td>-0.966</td><td><img src="cosineTable165.gif" width="100" height="100"/></td>    </tr> 
<tr align="center"><td bgcolor="lightblue"> 180&#176; </td><td>  (-1.000, 0.000)<sup>T</sup> </td><td>-1.000</td><td><img src="cosineTable180.gif" width="100" height="100"/></td>    </tr> 
</table>
</center>



<p>
The <b>b<sub>u</sub></b> in each case is the unit vector represented
by
<span class="math">
(cos &#952;, sin  &#952; )<sup>T</sup>
</span>
.
</p>

</LESSON>

<QUESTION>
<p>
What do you imagine is the range of values for the dot product of the two unit vectors,
<b>a<sub>u</sub> &#183; b<sub>u</sub></b>&nbsp; ?
</p>

</QUESTION>

</CAI>

<!-- ------------------------------------------------------------------------ -->
<!-- ------------------------------------------------------------------------ -->
<!-- ------------------------------------------------------------------------ -->

<CAI>Formula for the Angle between Two Vectors
<ANSWER>
<p>
Tthe range is &nbsp; &nbsp; -1.0 &nbsp;...&nbsp 1.0
</p>

</ANSWER>

<LESSON>

<p>
The range is minus one to plus one,
because each dot product in the previous page is:
</p>

<span class="math">
<blockquote>
(1, &nbsp;0)<sup>T</sup>  <b>&#183;</b>  ( cos &#952;, sin  &#952;)<sup>T</sup> &nbsp;=&nbsp; cos &#952;
</blockquote>
</span>

<p>
This  is true when <b>a<sub>u</sub></b> is a unit vector
pointing in any direction
</p>

<INDEX>angle, between unit vectors</INDEX>

<p>
The angle between two unit vectors:
</p>

  <blockquote><big>
  <table border="1" bgcolor="white" cellpadding="20" bordercolor="tan">
      <tr><td>
         <span class="math">
           <b>a<sub>u</sub> &#183 b<sub>u</sub></b> &nbsp;=&nbsp; cos &#952;
         </span>
      </td></tr>
  </table></big>
  </blockquote> 

<p>
where 
   <span class="math">
   &#952;
   </span>
 is the angle between the two vectors.
This formula automatically includes the fact that the dot product of
perpendicular vectors is zero (because cos 90&#176; is zero).
</p>

</LESSON>

<QUESTION>
<p>
(Calculator Problem: ) What is the cosine of the angle between the two unit vectors
represented by
(0.7071, 0.7071)<sup>T</sup> and (0.5, 0.866)<sup>T</sup>&nbsp;?
</p>

</QUESTION>

</CAI>


<!-- ------------------------------------------------------------------------ -->
<!-- ------------------------------------------------------------------------ -->
<!-- ------------------------------------------------------------------------ -->
<CAI>Practice
<p>
What is the cosine of the angle between the two unit vectors
represented by
(0.7071, 0.7071)<sup>T</sup> and (0.5, 0.866)<sup>T</sup>&nbsp;?
</p>

<ANSWER>
<span class="math">
<p>
cos &#952; &nbsp;=&nbsp; (0.7071, 0.7071)<sup>T</sup> <b>&#183;</b> (0.5, 0.866)<sup>T</sup> &nbsp;  =  &nbsp; 0.7071 <b>&#183;</b> 0.5 + 0.7071 <b>&#183;</b> 0.866 &nbsp;  =  &nbsp; 0.9659
</p>
</span>

</ANSWER>

<LESSON>


<div align="center">
<img src="angles3.gif" border="2" alt="A 45 degree vector and a 60 degree vector" />
</div>

<p>
The first vector, (0.7071, 0.7071)<sup>T</sup> is a unit vector at 45&#176;.
The second vector, (0.5, 0.866)<sup>T</sup> is a unit vector at 60&#176;.
So the dot product should be the cosine of 15&#176;,
which it is.
Another way to see this is with symbols.
</p>


<ol>
<li>The first vector is ( cos 45, sin 45 )<sup>T</sup></li>

<li>The second vector is ( cos 60, sin 60 )<sup>T</sup></li>

<li>The dot product is cos 45 cos 60 + sin 45 sin 60</li>

<li>&nbsp; &nbsp; = &nbsp; &nbsp;  cos 45 cos(45 + 15) + sin 45 sin(45+15)</li>

<li>&nbsp; &nbsp; = &nbsp; &nbsp;  cos 45 (cos 45 cos 15 - sin 45 sin 15) + 
    sin 45 (cos 45 sin 15 + cos 15 sin45)</li>
    
<li>&nbsp; &nbsp; = &nbsp; &nbsp;  cos 45 cos 45 cos 15 - cos 45 sin 45 sin 15 + 
    sin 45 cos 45 sin 15 + sin 45 cos 15 sin 45</li>
    
<li>&nbsp; &nbsp; = &nbsp; &nbsp;   cos<sup>2</sup> 45 cos 15 + sin<sup>2</sup>45 cos 15</li>

<li>&nbsp; &nbsp; = &nbsp; &nbsp;   (cos<sup>2</sup>45 + sin<sup>2</sup>45)cos15</li>

<li>&nbsp; &nbsp; = &nbsp; &nbsp;   cos 15</li>
</ol>

<p>
Step 5 uses:
</p>

<blockquote>
cos(x+y)&nbsp;  =  &nbsp;cos(x) cos(y) - sin(x) sin(y)
<br>
sin(x+y)&nbsp;  =  &nbsp;sin(x) cos(y) + cos(x) sin(y)
</blockquote>

<p>
Step 9 uses:
</p>

<blockquote>
sin<sup>2</sup>x + cos<sup>2</sup>x &nbsp; = &nbsp;1
</blockquote>



</LESSON>

<QUESTION>
<p>
What is the cosine of the angle between the two unit vectors
represented by
<b>q<sub>u</sub></b>&nbsp;  =  &nbsp;(0.0, 1)<sup>T</sup> and <b>r<sub>u</sub></b>&nbsp;  =  &nbsp;(0.5, 0.866)<sup>T</sup>&nbsp;?
</p>

</QUESTION>

</CAI>


<!-- ------------------------------------------------------------------------ -->
<!-- ------------------------------------------------------------------------ -->
<!-- ------------------------------------------------------------------------ -->
<CAI>More Practice
<p>
<b>q<sub>u</sub></b>&nbsp;  =  &nbsp;(0.0, 1)<sup>T</sup> and <b>r<sub>u</sub></b>&nbsp;  =  &nbsp;(0.5, 0.866)<sup>T</sup>&nbsp;?
</p>

<ANSWER>
<span class="math">
<p>
<b>q<sub>u</sub>  &nbsp;&#183; r<sub>u</sub></b>&nbsp;&nbsp;  =  &nbsp;
cos  &#952; &nbsp;  =  &nbsp;0.866. &nbsp; &nbsp;So 
&#952; &nbsp;  =  &nbsp;arc cos 0.866&nbsp;  =  &nbsp;30&#176;.
</p>
</span>

</ANSWER>

<LESSON>

<div align="center">
<img src="angles4.gif" border="2" "More Practice" />
</div>

<p>
The picture shows <b>q<sub>u</sub></b> and <b>r<sub>u</sub></b> and the
angle between them.
</p>

<p>
Since <b>q<sub>u</sub> &#183; r<sub>u</sub></b> =  
<b>r<sub>u</sub> &#183; q<sub>u</sub></b>&nbsp;,
the angle is the angle (&lt; 180&#176;) between the two vectors.
It does not matter which vector is first in the dot product.
</p>

<p>
Sometimes (especially when vectors point into diferent quadrants) it
really helps
to draw a picture to check that your answer makes sense.
</p>

</LESSON>

<QUESTION>
<p>
What is the cosine of the angle between the two unit vectors
represented by
<nobr><b>q<sub>u</sub></b>&nbsp;  =  &nbsp;(0.0, 1)<sup>T</sup></nobr> 
and 
<nobr><b>w<sub>u</sub></b>&nbsp;  =  &nbsp;(-0.5, 0.866)<sup>T</sup>&nbsp;?</nobr>
</p>

</QUESTION>

</CAI>


<!-- ------------------------------------------------------------------------ -->
<!-- ------------------------------------------------------------------------ -->
<!-- ------------------------------------------------------------------------ -->
<CAI>Which Side?
<p>
What is the cosine of the angle between the two unit vectors
<b>q<sub>u</sub></b>&nbsp;  =  &nbsp;(0.0, 1)<sup>T</sup> and <b>w<sub>u</sub></b>&nbsp;  =  &nbsp;(-0.5, 0.866)<sup>T</sup>&nbsp;?
</p>

<ANSWER>
<p>
Again, cos x&nbsp;  =  &nbsp;0.866.  So it must be that x&nbsp;  =  &nbsp;arc cos 0.866&nbsp;  =  &nbsp;30&#176;.
 </p>

</ANSWER>

<LESSON>

<div align="center">
<img src="angles4.gif" border="2" "More Practice" />
</div>

<p>
Both vectors <b>r<sub>u</sub></b> and <b>w<sub>u</sub></b> gave the
answer cos 30,
when the dot product was done with <b>q<sub>u</sub></b>,
although they lie on either side of <b>q<sub>u</sub></b>.
</p>

<INDEX>dot product, ambiguous orientation</INDEX>
<p>
In two dimensions, there are two unit vectors that are 30&#176;
away from a given vector.
Both of them will give you the same dot product with the given vector.
Be careful to draw a picture in ambiguous situations.
</p>

</LESSON>

<QUESTION>
<p>
What is the cosine of the angle between the two unit vectors
represented  by
<nobr><b>q<sub>u</sub></b> = (0.0, 1)<sup>T</sup></nobr>
and 
<nobr><b>z<sub>u</sub></b> = (-0.5, -0.866)<sup>T</sup>&nbsp;?</nobr>
</p>

</QUESTION>

</CAI>


<!-- ------------------------------------------------------------------------ -->
<!-- ------------------------------------------------------------------------ -->
<!-- ------------------------------------------------------------------------ -->
<CAI>Angles Greater than 90
<ANSWER>
<p>
Now, 
<span class="math">
cos &#952; = -0.866.  
</span>
So 
<span class="math">
&#952; =   arc cos -0.866   =  150&#176;.
</span>
</p>

</ANSWER>

<LESSON>
<INDEX>cosine, angles which yield negative values</INDEX>


<div align="center">
<img src="angles5.gif"  border="2" />
</div>

<p>
<b>q<sub>u</sub></b>&nbsp;  =  &nbsp;(0.0, 1)<sup>T</sup> and <b>z<sub>u</sub></b>
&nbsp;  =  &nbsp;(-0.5, -0.866)<sup>T</sup>&nbsp;
</p>

<p>
The angle between the two vectors is greater than 90&#176;, so
the cosine is negative.
</p>

</LESSON>

<QUESTION>
<p>
In the diagram above, mentally draw <em>the other</em> vector that
has a dot product of -0.866 with vector <b>q<sub>u</sub></b>.
</p>

</QUESTION>

</CAI>


<!-- ------------------------------------------------------------------------ -->
<!-- ------------------------------------------------------------------------ -->
<!-- ------------------------------------------------------------------------ -->
<CAI>Same Angle; Same Dot Product

<ANSWER>
<p>
The picture is below.
</p>

</ANSWER>

<LESSON>

<div align="center">
<img src="angles6.gif" border="2" alt="Same Angle, Same Dot Product" />
</div>

<p>
The two vectors that have a dot product of -0.866
with <b>q<sub>u</sub></b>   =   (0.0, 1)<sup>T</sup> 
are:
</p>

<dl>
<dd><b>z<sub>u</sub></b>   =  (-0.5, -0.866)<sup>T</sup></dd>
<dd><b>v<sub>u</sub></b>   =  ( 0.5, -0.866)<sup>T</sup></dd>
</dl>

<p>
In the diagram, the two 
have their tail placed at the origin.
(But remember: vectors are not fixed to any
particular location and can be drawn anywhere that is convenient).
The dot product gives you the angle between the
orientation of two vectors.
</p>

</LESSON>

<QUESTION>
<p>
What is the angle between these two vectors:
<nobr><b>d<sub>u</sub></b>&nbsp;=&nbsp;0.7071(1, 1)<sup>T</sup></nobr>
and
<nobr><b>e<sub>u</sub></b>&nbsp;=&nbsp;-0.7071(1, 1)<sup>T</sup></nobr>
</p>

<p>
Sketch the vectors to see the situation.
</p>

</QUESTION>

</CAI>


<!-- ------------------------------------------------------------------------ -->
<!-- ------------------------------------------------------------------------ -->
<!-- ------------------------------------------------------------------------ -->
<CAI>More Practice

<ANSWER>

<blockquote>
0.7071(1, 1)<sup>T</sup> <b>&#183;</b> &nbsp;-0.7071(1, 1)<sup>T</sup> &nbsp;  =  &nbsp; 0.7071(-0.7071)(1+1)
<br>&nbsp; = &nbsp; -0.7071<sup>2</sup> &nbsp; * &nbsp; 2 &nbsp; &nbsp;  =  &nbsp; &nbsp; -0.5*2 &nbsp; &nbsp;  =  &nbsp; 1
</blockquote>


<p>
so the angle is: arc cos( -1 ) &nbsp; = &nbsp;180&#176;.  &nbsp;  &nbsp; 
In 2D,
there is only one vector 180&#176; away from a given vector.
</p>

</ANSWER>

<LESSON>

<p>
Of course, the real world rarely gives you
easy angles of 30&#176;, 45&#176;, 60&#176;,
and so on.
Here is a more realistic problem:
Find the angle between:
</p>

<dl>
<dd><b>f<sub>u</sub></u></b> &nbsp;&nbsp;  =  &nbsp;&nbsp; (0.6, 0.8)<sup>T</sup> </dd>
<dd><b>g<sub>u</sub></u></b> &nbsp;&nbsp;  =  &nbsp;&nbsp; (0.8, 0.6)<sup>T</sup> </dd>
</dl>


<p>
You may wish to confirm that these are indeed unit vectors.
Sketch the vectors.
Then, calculate their dot product.
Use the arc cos function of the desktop
calculator (or a real calculator) to find the angle.
Calculate the answer in degrees, not radians.
</p>

<br clear="all" />

</LESSON>

<QUESTION>
<p>
(Calculator Problem: )What is the angle?
</p>

</QUESTION>

</CAI>


<!-- ------------------------------------------------------------------------ -->
<!-- ------------------------------------------------------------------------ -->
<!-- ------------------------------------------------------------------------ -->
<CAI>Non-unit Vectors

<ANSWER>
<div align="center">
<img src="angles7.gif" border="2" />
</div>


<span class="math">
<p>
The dot product is ( 0.6, 0.8 ) <b>&nbsp;&#183;&nbsp;</b> ( 0.8, 0.6 )&nbsp;=&nbsp;
0.6*0.8 + 0.8*0.6&nbsp;=&nbsp;0.48 + 0.48&nbsp;  =  &nbsp;0.96
The angle is arc cos( 0.96 ) &nbsp;=&nbsp; 16.26&#176;
</p>
</span>

</ANSWER>

<LESSON>

<p>
Consider the following problem:
Find the angle between the two vectors:
</p>

<blockquote>
<b>j</b> &nbsp;=&nbsp; (3, 4)<sup>T</sup>&nbsp; , &nbsp; &nbsp;
<b>k</b> &nbsp;=&nbsp; (0, 2)<sup>T</sup>
</blockquote>

<p>
These are not <em>unit vectors</em>,
so you can not find the angle between them
without further work.
As always, draw a sketch first.
</p>

</LESSON>

<QUESTION>
<p>
What do you suggest doing, so that the angle
between the two vectors can be found?
</p>


</QUESTION>

</CAI>


<!-- ------------------------------------------------------------------------ -->
<!-- ------------------------------------------------------------------------ -->
<!-- ------------------------------------------------------------------------ -->
<CAI>Angle between Non-unit Vectors

<ANSWER>
<p>
Normalize each vector.
This does not change the orientations.
Now there are two unit vectors and the cosine
of the angle between them can be found with the dot
product.
</p>

</ANSWER>

<LESSON>

<div align="center">
<img src="angles8.gif" border="2" alt="Non-unit Vectors" />
</div>

<INDEX>angle between non-unit vectors</INDEX>
<p>
Find the angle between the two vectors:
</p>

<blockquote>
<b>j</b> &nbsp;=&nbsp; (3, 4)<sup>T</sup> , &nbsp;
<b>k</b> &nbsp;=&nbsp; (0, 2)<sup>T</sup> 
</blockquote>

<p>
First, find the length of each vector: &nbsp; 
</p>

<blockquote>
|<b>j</b>| &nbsp;=&nbsp; 5.0 , &nbsp;
|<b>k</b>| &nbsp;=&nbsp; 2.0.
</blockquote>

<p>
Normalize each vector.
Often in this step it is wise not to perform the division:
</p>

<blockquote>
<b>j<sub>u</sub></b> &nbsp;=&nbsp; (3, 4)<sup>T</sup> / 5.0 , &nbsp;
<b>k<sub>u</sub></b> &nbsp;=&nbsp; (0, 2)<sup>T</sup> / 2.0
</blockquote>

<p>
Compute the dot product: 
</p>

<blockquote>
<b>j<sub>u</sub> &#183; k<sub>u</sub></b> &nbsp;=&nbsp; (3, 4)<sup>T</sup> / 5.0 <b>&#183;</b> (0, 2)<sup>T</sup> / 2.0
&nbsp;=&nbsp;(1/10)(3, 4)<sup>T</sup> <b>&#183;</b> (0, 2)<sup>T</sup>
&nbsp;=&nbsp; (0.1)(8) &nbsp;=&nbsp; 0.8.
</blockquote>

<p>
Finally use the arc cos function of your calculator:
<nobr> arc cos 0.8&nbsp;=&nbsp; 36.87&#176;</nobr> 
</p>

</LESSON>

<QUESTION>
<p>
Calculate the angle between: &nbsp; 
<b>a</b> &nbsp;=&nbsp; (10, 5)<sup>T</sup> &nbsp; 
and &nbsp; 
<b>b</b> &nbsp;=&nbsp; (8, 12)<sup>T</sup>
</p>

</QUESTION>

</CAI>


<!-- ------------------------------------------------------------------------ -->
<!-- ------------------------------------------------------------------------ -->
<!-- ------------------------------------------------------------------------ -->
<CAI>End of the Chapter
<p style="text-align: justify;">
Calculate the angle between: &nbsp; 
<b>a</b> &nbsp;=&nbsp; (10, 5)<sup>T</sup> &nbsp; 
and &nbsp; 
<b>b</b> &nbsp;=&nbsp; (8, 12)<sup>T</sup>
</p>

<ANSWER>
<p>
The lengths are:
| <b>a</b> | &nbsp;  =   &nbsp;<img src="sqrt.gif" align="bottom">125,  &nbsp; 
| <b>b</b> | &nbsp;  =   &nbsp;<img src="sqrt.gif" align="bottom">208.  &nbsp; 
</p>

<p>
The dot product is:
</p>

<p>
(10, 5)<sup>T</sup> / <img src="sqrt.gif" align="bottom">125 <b>&#183;</b> (8, 12)<sup>T</sup> / <img src="sqrt.gif" align="bottom">208
 &nbsp; = &nbsp; (10*8 + 5*12) / (<img src="sqrt.gif" align="bottom">125 <img src="sqrt.gif" align="bottom">208)<br /><br />
  = &nbsp; 140 / (<img src="sqrt.gif" align="bottom">125 <img src="sqrt.gif" align="bottom">208)
 &nbsp; = &nbsp; 140 / <img src="sqrt.gif" align="bottom">(125*208) = &nbsp; 140 / <img src="sqrt.gif" align="bottom">26000
 &nbsp; = &nbsp; 0.86824
</p>

<p>
so the angle is: &nbsp; arc cos ( 0.86824 ) &nbsp;=&nbsp; 29.745&#176; 
</p>

</ANSWER>

<LESSON>
<p>
This chapter had quite a bit of numerical computation in it.
Be careful that you did not loose sight of the important points:
</p>

<ul>

<li> 
<GOTO>dot product, affected by vector properties</GOTO>Two properties that are tangled together in the dot product.
</li>

<li> 
<GOTO>angle, between unit vectors</GOTO>Formula for the angle between two unit vectors.
</li>

<li> 
<GOTO>dot product, ambiguous orientation</GOTO>How many vectors have the same angular separation from a given vector?
</li>

<li>
<GOTO>cosine, angles which yield negative values</GOTO>What a negative cosine means for angular separation.
</li>

<li>
<GOTO>angle between non-unit vectors</GOTO>How to find the angle between non-unit vectors.
</li>

</ul>


</CAI>
</CHAPTER>

