<?xml version="1.0" standalone="yes" ?>

<!--  July   22, 2003  bpk   extensive editing  -->
<!--  July   22, 2009  bpk   format changes -->

<CHAPTER>

<COPYRIGHTDATE>2009</COPYRIGHTDATE>
<COPYRIGHTHOLDER>Bradley Kjell</COPYRIGHTHOLDER> 
<AUTHORNAME>Bradley Kjell kjell at ieee dot org </AUTHORNAME>
<HOMEFILE>../vectorIndex.html#08</HOMEFILE>
<STYLESHEET>../vectorStyle.css</STYLESHEET>


<CAI>CHAPTER 8 &#8212; Length, Orthogonality, and the Column Matrix Dot Product

<p>
<small>created 08/26/97;  revised 08/12/00; 07/23/03; 07/23/09</small>
</p>
</ANSWER>

<LESSON>
<p>
This chapter  discusses two important facts: 
<b>(1)</b> The dot product
of a column matrix with itself returns 
the square of the
length of the vector it represents. 
<b>(2)</b> The dot product of two column matrices that represent
orthogonal vectors is zero.
</p>

<ul>
<li>The dot product and vector length</li>
<li>Unit vectors</li>
<li>Unit normal</li>
<li>Dot products of orthogonal vectors and of their column matrices</li>
<li>How to construct a vector orthogonal to a given vector</li>
</ul>
</LESSON>

<QUESTION>
<p> 
Let <b>v</b> = ( 3, 4 )<sup>T</sup> 
</p>

<ol>
<li><b>v &#183; v</b> = ?</li>
<li>The length of <b>v</b> =   ?</li>
</ol>
</CAI>


<!-- ------------------------------------------------------------------------ -->
<!-- ------------------------------------------------------------------------ -->
<!-- ------------------------------------------------------------------------ -->
<CAI>Dot Product Formula for Length
<ANSWER>
<p> 
Let <b>v</b> =  (3, 4)<sup>T</sup> 
</p>

<pre>
<b>v &#183; v</b>  =  ( 3, 4 )<sup>T</sup> <b>&#183;</b> ( 3, 4 )<sup>T</sup>
     =  3<sup>2</sup> + 4<sup>2</sup> = 9 + 16 = 25 
     = <b>5</b><sup>2</sup>

The length of  <b>v</b> = 5 since it is part of a 3/4/5 right triangle.
</pre>

<p>
Hmm... there might be a connection here....
</p>
</ANSWER>
<LESSON>

<INDEX>dot product, and length</INDEX>
<p>
As you have seen in the previous chapter:
</p>

<blockquote>
(x, y, z)<sup>T</sup> <b>&nbsp;&#183;&nbsp;</b> (x, y, z)<sup>T</sup> &nbsp;  =  &nbsp; x<sup>2</sup> + y<sup>2</sup> +  z<sup>2</sup>
</blockquote>

<p>
Another way of writing this is:
</p>

<blockquote>
<b> v &nbsp;&#183;&nbsp; v &nbsp;</b> = &nbsp; | <b>v</b> |<sup>2</sup>
</blockquote>

<p>
The dot product of a column matrix with itself is a scalar, the square of the
length of the vector it represents.
</p>

<p>
WARNING! When your graphics text starts using <em>homogeneous coordinates</em> this
calculation will need to be modified somewhat.
Remember, length is a property of the geometric vector, not an
inherent property of the column matrix that might be used to represent it.
</p>
</LESSON>

<QUESTION>
<p>
What is the length of the vector represented by ( 2, 1, -1)<sup>T</sup>&nbsp;?
</p>
</CAI>

<!-- ------------------------------------------------------------------------ -->
<!-- ------------------------------------------------------------------------ -->
<!-- ------------------------------------------------------------------------ -->
<CAI>Practice

<ANSWER>

<p style="text-align:left;">
The dot product is 4+1+1 &nbsp;  =  &nbsp; 6; so the length is <img src="sqrt.gif" align="bottom">6.
</p>
</ANSWER>

<LESSON>
<INDEX>dot product, column matrix, properties</INDEX>
<p>
Here are some easily confirmed facts:
</p>

<span class="math">
<ol>
<li> (k<b>v</b>)<b>&#183;</b>(k<b>v</b>) 
       =   k<sup>2</sup><b>v<sup>2</sup></b> ......  | k<b>v</b >|   =   k| <b>v</b> |
<li> | <b>0</b> |   =   0 
<li> <b>0 &#183; v </b>  =   0 
<li> | <b>-v</b> |   =   | <b>v</b> |
</ol>
</span>

<p>
Here are those facts in English:
</p>

<ol>
<li>If you scale a vector by a scalar k, you multiply its length by k.</li>
<li>The length of the zero vector is zero.</li>
<li>The dot product of the zero vector with any vector is zero.</li>
<li>Reversing the direction of a vector does not change its length.</li>
</ol>
</LESSON>

<QUESTION>
<p>
What is the length of the vector (30, 40)<sup>T</sup> ?
</p>
</CAI>

<!-- ------------------------------------------------------------------------ -->
<!-- ------------------------------------------------------------------------ -->
<!-- ------------------------------------------------------------------------ -->
<CAI>Unit Vectors

<ANSWER>
<p>
(30, 40)<sup>T</sup> &nbsp;=&nbsp; 10(3, 4)<sup>T</sup>, so the length is 10*5 &nbsp;  =  &nbsp; 50
</p>

<p>
Or, if you want to do it the hard way:
</p>

<p style="text-align:left;">
|(30,40)|<sup>2</sup> &nbsp;=&nbsp; 900 + 1600 &nbsp;=&nbsp; 2500.    
The length &nbsp;=&nbsp; <img src="sqrt.gif" align="bottom">2500 &nbsp;=&nbsp;   50.
</p>
</ANSWER>

<LESSON>
<INDEX>unit vector</INDEX>
<p>
Recall that a <b>unit vector</b> is a vector of length one.
Creating a unit vector in the same direction as a given vector is
called <b>normalizing</b>  the vector.
Here is the formula for normalizing a vector (copied from a previous chapter):
</p>

<span class="math"> 

  <blockquote><big>
  <table border="1" bgcolor="white" cellpadding="20" bordercolor="tan">
      <tr><td>
          <b>v<sub>u</sub></b> &nbsp;=&nbsp; <b>v</b> / |<b>v</b>|
      </td></tr>
  </table></big>
  </blockquote> 
</span>

<p>
The formula works when column matrices are used to represent the vector.
The length <b>| v |</b> is frequently calculated by
using the column matrix dot product.
</p>

<INDEX>normal, many meanings of</INDEX>
<p>
<b>Potential Confusion:</b> The word "normal" has several meanings. 
Normalizing a vector means making a unit vector in the same direction as the original.
A vector that is  perpendicular to a particular surface is sometimes called a
"normal vector" 
but is not necessarily a unit vector. 
Be careful never to say "normal vector" when you mean "unit vector."
</p>
</LESSON>

<QUESTION>
<p>
(Calculator Problem: ) Normalize the vector represented by ( 1.2, -4.2, 3.5 )<sup>T</sup>.  
</p>
</QUESTION>
</CAI>

<!-- ------------------------------------------------------------------------ -->
<!-- ------------------------------------------------------------------------ -->
<!-- ------------------------------------------------------------------------ -->
<CAI>Keep the length Explicit

<ANSWER>
<p>
The dot product is: 
</p>

<span class="math">
<blockquote>
( 1.2, -4.2, 3.5 )<sup>T</sup> <b>&#183;</b> ( 1.2, -4.2, 3.5 )<sup>T</sup> &nbsp; = &nbsp; 1.2<sup>2</sup> + (-4.2)<sup>2</sup> + 3.5<sup>2</sup> &nbsp;  =  &nbsp; 31.33.
</blockquote>
</span>

<p>
The unit vector is represented by: 
</p>

<span class="math">
<blockquote>
( 1.2, -4.2, 3.5 )<sup>T</sup> / <img src="sqrt.gif" align="bottom">31.33.
&nbsp; = &nbsp; (0.2144, -0.7504, 0.6253)<sup>T</sup> 
</blockquote>
</span>


</ANSWER>

<LESSON>
<p>
Usually with paper-and-pencil math you should
leave the answer in the first form given above
(don't actually perform the division).
Often, further calculation will present an opportunity to
cancel out the length
if you leave it explicit.
</p>
</LESSON>

<QUESTION>
<p>
Answer the following questions. (You might want to think of
2D vectors as you answer, although the answers will be correct for
3D vectors as well).
</p>

<ol>
<li>How many vectors can there be in a given direction?</li>
<li>How many UNIT vectors can there be in a given direction?</li>
</ol>
</QUESTION>

</CAI>

<!-- ------------------------------------------------------------------------ -->
<!-- ------------------------------------------------------------------------ -->
<!-- ------------------------------------------------------------------------ -->
<CAI>Unit Vectors as Directions
<ANSWER>

<ol>
<li>How many vectors can there be in a given direction?&nbsp;&nbsp;<font color=blue>Infinitly Many.</font></li>
<li>How many UNIT vectors can there be in a given direction?&nbsp;&nbsp;<font color=blue>One.</font></li>
</ol>

</ANSWER>

<LESSON>

<div align="center">
<img src="sameDir.gif" border="2" <alt="several vectors in the same direction" />
</div>

<p>
There can be infinitely many vectors in a given direction since the elements of
a vector are real numbers.  
So, for example in two dimensions, 
there are an infinite number of vectors 
pointing along the x-axis.
The 
column matrices for these vectors look like
(s, 0)<sup>T</sup>.
</p>

<p>
The unit vector for a given vector 
points in the same direction as that vector.
There is only one unit vector in a given direction.
There is only one value for the expression <b>v</b> / |<b>v</b>|.
There is only 
one unit vector in the positive x direction,
represented by ( +1, 0)<sup>T</sup>.
</p>

<p>
The same is true for other orientations and other number of dimensions.
The picture shows vectors of various lengths but same orientation.
Only one of them is a unit vector.
</p>

<p>
Recall the formula:
</p>

<span class="math">
<blockquote>
angle &nbsp;  =  &nbsp; arc tan( y/x )
</blockquote>
</span>

<p>
This formula is not very useful in three dimensions.
When there are three axes it is not enough to
determine the angle between a vector and just one
axis.
</p>

<INDEX>unit vector, as direction</INDEX>
<p>
Often the <em>unit vector for a given vector</em>
is used to express the given vector's direction.
There is only one such unit vector,
so this description of direction is unique.
This works for all dimensions.
</p>

</LESSON>

<QUESTION>
<p>
What is the direction of <b>v</b> &nbsp;=&nbsp; ( -3, 2, 4)<sup>T</sup>  ?
</p>
</QUESTION>

</CAI>

<!-- ------------------------------------------------------------------------ -->
<!-- ------------------------------------------------------------------------ -->
<!-- ------------------------------------------------------------------------ -->
<CAI>Right Angles
<p>
What is the direction of <b>v</b> &nbsp;  =  &nbsp; ( -3, 2, 4)<sup>T</sup>  ?
</p>

<ANSWER>
<p>
Calculate the unit vector:
</p>

<span class="math">
<ol>
<li>| <b>v</b> |<sup>2</sup> &nbsp;  =  &nbsp; 9 + 4 + 16 &nbsp;  =  &nbsp; 29</li>
<li><b>v<sub>u</sub></b> &nbsp;  =  &nbsp; <b>v</b> / <img src="sqrt.gif" align="bottom">29</li>
</ol>
</span>
</ANSWER>

<LESSON>

<div align="center">
<img src="rightAngles.gif" border="2" alt="vectors at right angles" />
</div>

<p>
There is an interesting result
when the directions of two vectors
are 90<sup>o</sup> apart.
For example, zero degrees and 90 degrees.
</p>

</LESSON>

<QUESTION>
<p>
What is the dot product of <b>r</b> &nbsp;  =  &nbsp; 
(6, 0)<sup>T</sup> with <b>s</b> &nbsp;  =  &nbsp; (0, 8)<sup>T</sup>?
</p>
</QUESTION>

</CAI>

<!-- ------------------------------------------------------------------------ -->
<!-- ------------------------------------------------------------------------ -->
<!-- ------------------------------------------------------------------------ -->
<CAI>Same Vectors, Rotated
<p>
What is the dot product of <b>r</b> &nbsp;  =  &nbsp; 
(6, 0)<sup>T</sup> with <b>s</b> &nbsp;  =  &nbsp; (0, 8)<sup>T</sup>?
</p>

<ANSWER>
<span class="math">
<p>
(6, 0)<sup>T</sup> <b>&#183;</b> (0, 8)<sup>T</sup> &nbsp; = &nbsp; 6*0 + 0*8 &nbsp; = &nbsp; 0
</p>
</span>
</ANSWER>

<LESSON>

<div align="center">
<img src="rightAngles2.gif" border="2" alt="two vectors at right angles" />
</div>

<p>
The question was a particularly easy case.
Here are the same two vectors rotated 45<sup>o</sup>:
</p>

<span class="math">
<dl>
<dd><b>r'</b> &nbsp;  =  &nbsp; (&nbsp;&nbsp;6cos(45), &nbsp;6sin(45)&nbsp;)<sup>T</sup> </dd>
<dd>&nbsp;</dd>
<dd><b>s'</b> &nbsp;  =  &nbsp; (&nbsp;-8sin(45), &nbsp;8cos(45)&nbsp;)<sup>T</sup> </dd>
</dl>
</span>

<p>
Don't worry too much about how I got the rotatated vectors.
This topic will come up soon enough.
</p>

</LESSON>

<QUESTION>
<p>
Form the dot product of the two vectors:
</p>

<span class="math">
<dl>
<dd><b>r'</b> &nbsp;  =  &nbsp; (&nbsp;2cos(45), &nbsp;2sin(45)&nbsp;) </dd>
<dd>&nbsp;</dd>
<dd><b>s'</b> &nbsp;  =  &nbsp; (&nbsp;-3sin(45), &nbsp;3cos(45)&nbsp;) </dd>
</dl>
</span>

<p>
(Yes, I know, this looks an awful lot like trigonometry.  But it isn't.
Just do it.)
</p>
</QUESTION>

</CAI>

<!-- ------------------------------------------------------------------------ -->
<!-- ------------------------------------------------------------------------ -->
<!-- ------------------------------------------------------------------------ -->
<CAI>Dot Product of Orthogonal Vectors

<span class="math">
<dl>
<dd><b>r'</b> &nbsp;  =  &nbsp; (&nbsp;2cos(45), &nbsp;2sin(45)&nbsp;) </dd>
<dd>&nbsp;</dd>
<dd><b>s'</b> &nbsp;  =  &nbsp; (&nbsp;-3sin(45), &nbsp;3cos(45)&nbsp;) </dd>
</dl>
</span>

<ANSWER>
<p>
Plugging away:
</p>

<span class="math">
<dl>
<dd><b>r' &#183; s'</b> &nbsp;  =  &nbsp; 2cos(45) * (-3)sin(45) &nbsp; + &nbsp; 2sin(45) * 3cos(45) </dd>
<dd>&nbsp;</dd>
<dd> &nbsp;   &nbsp;   &nbsp;   &nbsp;  &nbsp;  =  &nbsp; -2cos(45) * (3)sin(45) &nbsp; + &nbsp; 2sin(45) * 3cos(45) </dd>
<dd>&nbsp;</dd>
<dd> &nbsp;   &nbsp;   &nbsp;   &nbsp;  &nbsp;  =  &nbsp; -6cos(45) * sin(45) &nbsp; + &nbsp;  6cos(45) * sin(45)</dd>
<dd>&nbsp;</dd>
<dd> &nbsp;   &nbsp;   &nbsp;   &nbsp;  &nbsp;  =  &nbsp; 0 </dd>
</dl>
</span>

</ANSWER>

<LESSON>

<INDEX>orthogonal vectors, dot product</INDEX>
<p>
It seems reasonable that the dot product of two vectors
is the same after they both have been rotated by the
same amount.
</p>

<div align="center"><big>
  <table border="1" bgcolor="white" cellpadding="20" bordercolor="tan">
      <tr><td>The dot product of two orthogonal vectors is zero.
              The dot product of the two column matrices that represent them is zero.
      </td></tr>
  </table></big>
  </div> 


<p>
Only the relative orientation matters. 
If the vectors are orthogonal, the dot product will be zero.
Two vectors do not have to intersect to be orthogonal.
(Since vectors have no location, it really makes little
sense to talk about two vectors intersecting.)
</p>

<p>
Of course, this is the same result as we saw
 with geometrical vectors.
</p>
</LESSON>

<QUESTION>
<p>
Are the following orthogonal?
</p>

<span class="math">
<dl>
<dd><b>q</b> &nbsp;  =  &nbsp; ( -5, 3 )<sup>T</sup> </dd>
<dd><b>r</b> &nbsp;  =  &nbsp; ( 3, 5 )<sup>T</sup>  </dd>
</dl>
</span>

</p>
</QUESTION>

</CAI>

<!-- ------------------------------------------------------------------------ -->
<!-- ------------------------------------------------------------------------ -->
<!-- ------------------------------------------------------------------------ -->
<CAI>Independent of Length

<ANSWER>
<p>
Yes, the dot product is zero.
</p>
</ANSWER>

<LESSON>

<INDEX>orthogonal vector, creating</INDEX>

<p>
To form a 2D column matrix that is perpendicular to an other:
</p>

<blockquote>
Swap the elements, and negate one of them.
</blockquote>

<p>
This only works in 2D, however.
It gives you one of <em>an infinite number</em> columns orthogonal
to the given one.
For example, all the following vectors are orthogonal to ( -5, 3)<sup>T</sup>:
</p>

<ul>
<li>( 3, 5 )<sup>T</sup></li>
<li>( -3, -5)<sup>T</sup></li>
<li>( 1.5, 2.5)<sup>T</sup></li>
<li>( 6, 10)<sup>T</sup></li>
<li> .... and so on
</ul>

<p>
The reason this works is:
If <b>u</b> is orthogonal to <b>v</b>, then <b>u &#183; v</b> &nbsp; = &nbsp; 0.
So (k<b>u</b>) <b>&#183; v</b> &nbsp; = &nbsp; k(<b>u &#183; v</b>) &nbsp;= &nbsp; 0,
for any real number k.
So there are an infinite number of vectors (k<b>u</b>) orthogonal to <b>v</b>.
</p>

<INDEX>unit normal</INDEX>
<p>
Often one wishes to find a <em>unit normal</em> to a given vector.
A <b>unit normal</b> to a given vector is a vector that:
</p>

<ol>
<li>Is orthogonal (normal) to the given vector.</li>
<li>Has a length of one.</li>
</ol>

<p>
Remember not to confuse the two ideas <em>normalizing a vector</em>
(making a unit vector in the same direction as the vector),
and <em>computing a unit normal</em> (making a unit vector in an orthogonal
direction to a vector.)
</p>
</LESSON>

<QUESTION>
<p>
Calculate a unit normal to (-5, 3)<sup>T</sup>.
</p>
</QUESTION>

</CAI>

<!-- ------------------------------------------------------------------------ -->
<!-- ------------------------------------------------------------------------ -->
<!-- ------------------------------------------------------------------------ -->
<CAI>Infinitely Many Normals
<p>
Calculate a unit normal to (-5, 3)<sup>T</sup>.
</p>

<ANSWER>
<p style="text-align:left;">
(3, 5)/(<img src="sqrt.gif" align="bottom">34). Or you might pick the other one (there are two): 
(-3, -5)/(<img src="sqrt.gif" align="bottom">34).
</p>
</ANSWER>

<LESSON>
<INDEX>unit normals, in 3D</INDEX>
<img src="wagonWheel.gif" align="left" width="116" height="114" hspace="25" />

<p>
&#160;
</p>

<p>
Vectors in three dimensions, also, have unit normals.
But a unit normal vector to a given vector is not unique.
Think of the axle of a wagon wheel.
All the spokes are orthogonal to the axle.
Any line in the plane of the spokes is orthogonal to the axle;
and there are an infinite number of them.
</p>

<br clear="all" />
<p>
&#160;
</p>

</LESSON>

<QUESTION>
<p>
Find several normals to the vector represented by (1, 2, 2)<sup>T</sup>.
</p>
</QUESTION>

</CAI>

<!-- ------------------------------------------------------------------------ -->
<!-- ------------------------------------------------------------------------ -->
<!-- ------------------------------------------------------------------------ -->
<CAI>Zero Vector as Orthogonal
<p>
Find several normals to the vector represented by (1, 2, 2)<sup>T</sup>.
</p>

<ANSWER>

<ul>
<li>( 0, 0, 0 )</li>
<li>( -2, 1, 0 )</li>
<li>( 0, -1, 1 )</li>
<li>( -4, 1, 1 )</li>
<li>( 0, 1, -1 )</li>
<li>... and infinitely many more</li>
</ul>

<p>
These are all normal to the given vector because their dot product with it
is zero.
These are not unit normals.
But even if you were to insist on unit normals, there would
still be an infinite number.
</p>
</ANSWER>

<LESSON>
<p>
Notice the first answer (above).
The dot product of the zero vector with the given vector is zero,
so the zero vector must be orthogonal to  the given vector.
This is OK.
Math books often use the fact that the zero vector is orthogonal
to every vector (of the same type).
We probably won't need this; but future math courses might.
Of course, the length of the zero vector is zero, so it is not a unit normal.
</p>

<INDEX>slope</INDEX>

<p>
From analytic geometry you may recall the formula for the slope of a line
in two dimensions not parallel to the Y axis:
</p>

<blockquote>
m &nbsp;  =  &nbsp; (change in y) / (change in x)
</blockquote>

<p>
This is the same formula as for the   tangent of the angle with the x axis.
This formula is related to the 
reason that the dot product of orthogonal 2D vectors is zero.
</p>
</LESSON>

<QUESTION>

<ul>
<li>What is the slope of ( 2, 5 )<sup>T</sup> ? &nbsp;(Call it m<sub>1</sub>) </li>
<li>What is the slope of ( -5, 2)<sup>T</sup> ? &nbsp;(Call it m<sub>2</sub>) </li>
<li>What is the dot product? </li>
<li>What is m<sub>1</sub> times m<sub>2</sub> ? </li>
</ul>

</QUESTION>

</CAI>

<!-- ------------------------------------------------------------------------ -->
<!-- ------------------------------------------------------------------------ -->
<!-- ------------------------------------------------------------------------ -->
<CAI>Slopes of Perpendicular Lines

<ANSWER>

<ul>
<li>What is the slope of ( 2, 5 )<sup>T</sup> ?  &nbsp;&nbsp;&nbsp;<font color=blue> m<sub>1</sub> &nbsp;  =  &nbsp; 5/2 </font>
<li>What is the slope of ( -5, 2)<sup>T</sup> ?  &nbsp;&nbsp;&nbsp;<font color=blue> m<sub>2</sub> &nbsp;  =  &nbsp; -2/5 </font>
<li>What is the dot product? &nbsp;&nbsp;&nbsp;<font color=blue> (2)(-5) + (5)(2) &nbsp;  =  &nbsp; 0</font>
<li>What is m<sub>1</sub> times m<sub>2</sub>? &nbsp;&nbsp;&nbsp;<font color=blue> 5/2 * -2/5 &nbsp;  =  &nbsp; -1</font>
</ul>

</ANSWER>

<LESSON>
<INDEX>slopes, of perpendicular lines</INDEX>
<p>
You may recall this from past math classes:
</p>

<blockquote>
If two lines are perpendicular, then the product of their slopes is -1.
</blockquote>

<p>
This is another way to look at what goes on when you make a normal vector
to a given 2D vector by swapping elements and negating one:
</p>

<dl>
<dd>If &nbsp;<b>v</b> &nbsp; = &nbsp; ( x, y )<sup>T</sup></dd>
<dd>Then &nbsp;<b>v'</b> &nbsp; =&nbsp; ( -y, x )<sup>T</sup> &nbsp; is orthogonal,</dd>
<dd>because &nbsp; ( x, y)<sup>T</sup> <b>&#183;</b> ( -y, x ) &nbsp; is -xy + yx &nbsp;  =  &nbsp; 0.</dd>
<dd>The slope of &nbsp; ( x, y )<sup>T</sup> &nbsp; is y/x.</dd>
<dd>The slope of &nbsp; ( -y, x )<sup>T</sup> &nbsp; is -x/y.</dd>
<dd>The product of the slopes is &nbsp; y/x * -x/y &nbsp; = &nbsp; -(xy)/(xy) &nbsp;  =  &nbsp; -1</dd>
</dl>
</LESSON>

<QUESTION>
<p>
Are ( -1.5, 6)<sup>T</sup> and (2, 2)<sup>T</sup> orthogonal?
</p>
</QUESTION>

</CAI>

<!-- ------------------------------------------------------------------------ -->
<!-- ------------------------------------------------------------------------ -->
<!-- ------------------------------------------------------------------------ -->
<CAI>End of the Chapter
<p>
Are ( -1.5, 6)<sup>T</sup> and (2, 2)<sup>T</sup> orthogonal?
</p>

<ANSWER>
<p>
No: the dot product is -3 + 12 &nbsp;  =  &nbsp; 9.
</p>
</ANSWER>

<LESSON>
<p>
The dot product is not zero, 
so the two vectors are not orthogonal.
You don't even have to think about lengths.
(Remember that this test detects orthogonality no matter what the
length of the vectors).
The next chapter will discuss what a non-zero dot product of two vectors gives you.
</p>

<p>
You have reached the end of the chapter.
Normally at this point you would review the following terms:
</p>

<ul>
<li>
<GOTO>dot product, and length</GOTO>Length 
of a vector as a dot product.
</li>

<li>
<GOTO>dot product, column matrix, properties</GOTO>Some facts 
about the dot product and vector length.
</li>

<li>
<GOTO>unit vector</GOTO>Unit vector 
(review.)
</li>

<li>
<GOTO>normal, many meanings of</GOTO>Easy way 
to get confused.
</li>

<li>
<GOTO>unit vector, as direction</GOTO>Unit vector 
used to express direction.
</li>

<li>
<GOTO>orthogonal vectors, dot product</GOTO>Dot product 
of orthogonal vectors.
</li>

<li>
<GOTO>orthogonal vector, creating</GOTO>Way to construct a 2D vector 
orthogonal to another one.
</li>

<li>
<GOTO>unit normal</GOTO>Unit Normal.
</li>

<li>
<GOTO>unit normals, in 3D</GOTO>Unit normal
in 3D.
</li>

<li>
<GOTO>slope</GOTO>Definition of the slope of a 2D line (review.)
</li>

<li>
<GOTO>slopes, of perpendicular lines</GOTO>Relationship between slopes of perpendicular 2D lines.
</li>

</ul>

<p>
Click on a term to see where it was discussed in this chapter.
</p>

</CAI>
</CHAPTER>
