<?xml version="1.0" standalone="yes" ?>

<!--  Jly   25, 2003  bpk   extensive editing  -->
<!--  Jly   25, 2009  bpk   some editing  -->
<!--  Oct   10, 2009  bpk   improved some pictures -->

<CHAPTER>

<COPYRIGHTDATE>2003</COPYRIGHTDATE>
<COPYRIGHTHOLDER>Bradley Kjell</COPYRIGHTHOLDER> 
<AUTHORNAME>Bradley Kjell kjell at ieee dot org </AUTHORNAME>
<HOMEFILE>../vectorIndex.html#10</HOMEFILE>
<STYLESHEET>../vectorStyle.css</STYLESHEET>


<CAI> CHAPTER  12 &#8212; Vector Cross Product

<p>
<small>created: 08/17/00; revised 07/28/03, 10/20/05, 07/25/09, 10/10/09 </small>
</p>

<LESSON>

<p>
<img src="sunPicture.gif" alt="Shining Sun" class="rightimage" />
</p>

<p>
The cross product is another operation
that takes two vectors as operands.
The most important use of the cross product in
computer graphics is to find a vector perpendicular
to a plane.
This is needed when calculating 
how light reflects off the surface.
</p>

<h4>Chapter Topics:</h4>
<ul>
<li>Cross product definition</li>
<li>The right hand rule</li>
<li>Cross product properties</li>
<li>Computing the cross product with column matrices</li>
<li>Determinant-like memory aid</li>
</ul>

</LESSON>

<QUESTION>
<p>
(Review: ) How many vectors are needed to define a plane that goes through a point?
</p>
</QUESTION>

</CAI>

<!-- ------------------------------------------------------------------------ -->
<!-- ------------------------------------------------------------------------ -->
<!-- ------------------------------------------------------------------------ -->
<CAI>Operands, Operators, and Results
<ANSWER>
<p>
Two vectors, not co-linear. The two vectors define the orientation of the plane,
and the point selects one plane out of the all those with that orientation.
</p>

<p>
We will soon see how the dot product is realted to this fact.
</p>

</ANSWER>

<LESSON>

<p>
So far, you have seen the following operations:
</p>

<table cellpadding="30" class="layout">

<tr>
  <td>
  <img src="pointSub.gif">
  </td>

  <td>
  <img src="vectorAdd.gif">
  </td>
</tr>

<tr>
  <td>
  <img src="vectorSub.gif">
  </td>

  <td>
  <img src="vectorScale.gif">
  </td>
</tr>

<tr>
  <td>
  <img src="vectorDot.gif">
  </td>

  <td>
  <img src="vectorPointAdd.gif">
  </td>
</tr>

</table>


</LESSON>

<QUESTION>
<p>
In the above, is there a
multiplication-like operation that
takes two vector operands and outputs
a vector result?
</p>
</QUESTION>

</CAI>

<!-- ------------------------------------------------------------------------ -->
<!-- ------------------------------------------------------------------------ -->
<!-- ------------------------------------------------------------------------ -->
<CAI>Definition of the Cross Product
<ANSWER>
<p>
No.
</p>

</ANSWER>

<LESSON>

<INDEX>cross product, definition</INDEX>

<div align="center">
<img src="vectorCross.gif" alt="Vector Cross Produce" />
</div>

<p>
If <b>u</b> and <b>v</b> are vectors in three dimensional space, then 
<span class="math">
<b>u</b> <b>&#215;</b> <b>v</b> 
</span>
is a three dimensional
vector.
Unlike the other operations, its operands and result must be 3D vectors, only.
</p>

<p>
<b>Definition of the Cross product <b>u</b> <b>&#215;</b> <b>v</b></b>
</p>
  
<ul>
<li><b>u</b> and <b>v</b> must be 3D vectors</li>
<li>The result is a 3D vector with the following length and orientation:
  <ul>
<li>Length:   |<b>u</b> <b>&#215;</b> <b>v</b> | 
    &nbsp; = &nbsp; | <b>u</b> | | <b>v</b> | 
    <span class="math">
    sin &#952;,
    </span>
    &nbsp; where 
    <span class="math">
    &#952;,
    </span>
    is the angle between  <b>u</b> and <b>v</b>.</li>

<li>Orientation:  <b>u</b> <b>&#215;</b> <b>v</b> 
    is perpendicular to both <b>u</b> and <b>v</b>.</li>
    
    <li>
    The choice (out of two) orientations perpendicular 
    to <b>u</b> and <b>v</b> is
    made by the <em>right hand rule.</em></li></ul></li>
</ul>

<p>
The result is a vector perpendicular to the two operand vectors.
But there are two directions that are perpendicular to both operands.
Which one does the cross product give you?
That is determined by the <em>right hand rule</em>,
which is explained on the next page.
</p>

</LESSON>

<QUESTION>

<p>
A wood screw is positioned perpendicular to a plank of wood.
You wish drive the screw into the wood with a screw driver.
Which direction must you twist the screw driver?
</p>
</QUESTION>

</CAI>

<!-- ------------------------------------------------------------------------ -->
<!-- ------------------------------------------------------------------------ -->
<!-- ------------------------------------------------------------------------ -->
<CAI>Carpentry of Vectors
<ANSWER>
<p>
A right-handed screw (the normal kind) must be turned clockwise
into the wood (viewed from its head).
</p>

</ANSWER>

<LESSON>

<INDEX>right-hand rule</INDEX>

<img src="rightHandRule.gif" align="right" hspace="20" alt="Hand and Screwdriver" />
<img src="screwdriver.gif" align="right" hspace="20" alt="Wood Screw" />

<p>
&nbsp;
</p>

<p>
The cross product of two vectors is
perpendicular to both;
the right hand rule picks
the one out of two possible perpendicular
directions.
</p>

<p>
The diagrams show  the right hand rule.
The order of operands is <b>important</b>.
The result of  
<span class="math">
<nobr> <b>u</b> <b>&#215;</b> <b>v</b></nobr>
</span>
points in the same
direction a screw must
point if
twisting from <nobr><b>u</b> to <b>v</b></nobr>
drives it into the wood.
</p>

<p>
Or, think of the direction your
thumb points when your fingers curl
around from <b>u</b> to <b>v</b>.
</p>

<br clear="all" />
<br />

</LESSON>

<QUESTION>
<p>
Does &nbsp;
<span class="math">
<b>u</b> <b>&#215;</b> <b>v</b> &nbsp;
</span>
point in the same direction as &nbsp; 
<span class="math">
<b>v</b> <b>&#215;</b> <b>u</b> &nbsp;?
</span>
(Hint: get out your screw driver).
</p>
</QUESTION>

</CAI>

<!-- ------------------------------------------------------------------------ -->
<!-- ------------------------------------------------------------------------ -->
<!-- ------------------------------------------------------------------------ -->
<CAI>Visualizing the Cross Product

<ANSWER>
<p>
No. The two possible cross products between <b>u</b> and <b>v</b>
<em>point in opposite directions.</em>
</p>

</ANSWER>

<LESSON>

<div align="center">
<img src="parallelogramArea.gif" border="2" alt="Area of Parallelogram" />
</div>

<INDEX>cross product, as area of parallelogram</INDEX>
<p>
The picture shows two vectors <b>u</b> and <b>v</b> 
and the parallelogram 
they define between them.
</p>

<p>
The area of the parallelogram is:
<span class="math">
| <b>u</b> | | <b>v</b> | sin &#952;
</span>
where 
<span class="math">
&#952; 
</span>
is the enclosed angle.
</p>

<p>
This area is the same as the magnitude of the cross product.
This fact is sometimes helpful in visualizing the cross product.
For example,
if <b>u</b> is rotated so that its orientation approaches that of <b>v</b>
(but its length is not changed),
the area of the parallelogram gets close to zero,
as does the magnitude of the cross product.
</p>

</LESSON>

<QUESTION>
<p>
What angle between <b>u</b> and <b>v</b> will <em>maximize</em>
their cross product? (Hint: look at the diagram)
</p>
</QUESTION>

</CAI>

<!-- ------------------------------------------------------------------------ -->
<!-- ------------------------------------------------------------------------ -->
<!-- ------------------------------------------------------------------------ -->
<CAI>Reversing the Order of Operands
<p>
What angle between <b>u</b> and <b>v</b> will <em>maximize</em>
their cross product?
</p>
<ANSWER>
<p>
90&#176;
</p>

</ANSWER>

<LESSON>

<INDEX>cross product, anti-commutative</INDEX>

<div align="center">
<img src="crossProdDir.gif" border="2" alt="Cross product of u and v" />
</div>

<p>
<em>Review:</em> &nbsp;
To reverse the direction of a vector <b>w</b>, scale it by -1.
<b>w</b> and <b>-w</b>
point in opposite directions.
The diagram shows two cross products, their orientation
determined by the right hand rule.
</p>

<p>
The magnitude of <b>u</b> <b>&#215;</b> <b>v</b> &nbsp;
is  &nbsp;|<b>u</b>||<b>v</b>| 
<span class="math">
sin &#952; &nbsp =&nbsp;  <nobr>|<b>v</b>||<b>u</b>| sin &#952;.</nobr>
</span>
</p>

<p>
So,  &nbsp;<b>u</b> <b>&#215;</b> <b>v</b> &nbsp; = &nbsp; -(<b>v</b> <b>&#215;</b> <b>u</b>) .
</p>

<p>
Here is a really good interactive applet that demonstrates the dot product:
</p>


<p>
<a href="http://www.phy.syr.edu/courses/java-suite/crosspro.html" target="_blank">
The Vector Cross Product - A JAVA Interactive Tutorial </a> &nbsp; (Off-site applet.)
</p>

<p>
Keep this applet open as you read the following pages.
</p>

</LESSON>

<QUESTION>
<p>
Does  
<span class="math">
-(<b>v</b> <b>&#215;</b> <b>u</b>) =  -<b>v</b> <b>&#215;</b> <b>u</b> ?
</span>
(Decide this by looking at the diagram and visualizing both sides of the equation).
</p>
</QUESTION>

</CAI>

<!-- ------------------------------------------------------------------------ -->
<!-- ------------------------------------------------------------------------ -->
<!-- ------------------------------------------------------------------------ -->
<CAI>Colinear Operands
<ANSWER>
<p>
Yes,  
<span class="math">
-(<b>v</b> <b>&#215;</b> <b>u</b>) =  -<b>v</b> <b>&#215;</b> <b>u</b> ?
</span>
</p>

</ANSWER>

<LESSON>

<INDEX>cross product, colinear vectors</INDEX>
<p>
The length of 
<span class="math">
<b>u &#215; v</b> is  |<b>u</b>| |<b>v</b>| sin &#952;.
</span>
If <b>u</b> and <b>v</b> are colinear (parallel) what is
the length of their cross product?
</p>

<p>
Since 
<span class="math">
sin &#952;  =  0 
when &#952;  =  0 ,
</span>
and the angle between colinear vectors is zero,
the magnitude of the result is zero.
The result is still a vector; it is the <nobr><em>zero vector</em>&nbsp; <b>0</b>.</nobr>
</p>


<span class="math">
<blockquote>
<b>u</b> <b>&#215;</b> <b>u</b> &nbsp; = &nbsp; <b>0</b>.
</blockquote>
</span>

<p>
Also, since k<b>u</b> is colinear to <b>u</b> (for a scalar k), then:
</p>

<span class="math">
<blockquote>
(k<b>u</b>) <b>&#215;</b> <b>u</b> &nbsp; = &nbsp; <b>0</b>.
</blockquote>
</span>

</LESSON>

<QUESTION>
<p>
Is the result of 
<span class="math">
<b>u</b> <b>&#215;</b> <b>u</b> 
</span>
perpendicular to
both operands?
</p>
</QUESTION>

</CAI>

<!-- ------------------------------------------------------------------------ -->
<!-- ------------------------------------------------------------------------ -->
<!-- ------------------------------------------------------------------------ -->
<CAI>More Math Fun
<p>
Is the result of <b>u</b> <b>&#215;</b> <b>u</b> &nbsp; = &nbsp; <b>0</b> 
&nbsp; perpendicular to
both operands?
</p>
<ANSWER>
<p>
Yes, because <b>0 &#183; u</b>  &nbsp; = &nbsp; 0, which means that
they are perpendicular.
</p>

</ANSWER>

<LESSON>

<INDEX>cross product, with zero vector</INDEX>

<div align="center">
<img src="scaledCross.gif" border="2" alt="U cross V" />
</div>

<p>
What about 
<span class="math">
<b>u</b> <b>&#215;</b> <b>0</b> ?
</span>
The magnitude   
<span class="math">
|<b>u</b>||<b>0</b>| sin &#952;
</span>
is zero, 
and the result is a vector, so:
</p>

<span class="math">
<blockquote>
<b>u</b> <b>&#215;</b> <b>0</b> = <b>0</b> <b>&#215;</b> <b>u</b>  = <b>0</b>
</blockquote>
</span>

<p>
Now, consider 
<span class="math">
(k<b>u</b>) <b>&#215;</b> <b>v</b>. 
</span>
Plug into the formula
for the magnitude, 
<span class="math">
|<b>u</b>||<b>v</b>| sin &#952;,
</span>
and for the direction
(perpendicular to both operands). 
</p>

</LESSON>

<QUESTION>
<p>
What is (k<b>u</b>) <b>&#215;</b> <b>v</b> ?
</p>
</QUESTION>

</CAI>

<!-- ------------------------------------------------------------------------ -->
<!-- ------------------------------------------------------------------------ -->
<!-- ------------------------------------------------------------------------ -->
<CAI>Not Associative
<ANSWER>
<p>
By examining the diagram, or working with the formula:
<nobr>(k<b>u</b>) <b>&#215;</b> <b>v</b></nobr> &nbsp; = &nbsp; 
<nobr>k( <b>u</b> <b>&#215;</b> <b>v</b> )</nobr>
</p>

</ANSWER>

<LESSON>

<INDEX>cross product, not associative</INDEX>

<div align="center">
<img  src="notAssociative.gif"  border="2" />
</div>

<p>
Fussing with math gives the same result:
</p>

<span class="math">
<blockquote>
| (k<b>u</b>) <b>&#215;</b> <b>v</b> | &nbsp; = &nbsp; 
| k<b>u</b> | | <b>v</b> | sin &#952;

&nbsp; = &nbsp; 

| k | |<b>u</b> | | <b>v</b> | sin &#952;
</blockquote>
</span>

<p>
The magnitude is | k | times the magnitude of 
<span class="math">
<b>u</b> <b>&#215;</b> <b>v</b>.
</span>
And the orientation of the result must be the same.
So the answer is correct.
</p>

<p>
Another fact is that,
in general, &nbsp; 
<span class="math">
(<b>u</b> <b>&#215;</b> <b>v</b>) <b>&#215;</b> <b>w</b> &nbsp;<big>&ne;</big>&nbsp; 
<b>u</b> <b>&#215;</b> (<b>v</b>  <b>&#215;</b> <b>w</b>)
</span>
</p>

<p>
To see this, look at the diagram and mentally form the cross product 
<span class="math">
<nobr>(<b>u</b> <b>&#215;</b> <b>v</b>) </nobr>,
</span>
then take the cross product of that with <b>w</b>.
Then form the cross product 
<span class="math">
<nobr>(<b>v</b>  <b>&#215;</b> <b>w</b>)</nobr>
</span>
and take the cross product of <b>u</b> with that.
</p>

</LESSON>

<QUESTION>
<p>
What is 
<span class="math">
<nobr>(<b>u</b> <b>&#215;</b> <b>v</b>) </nobr> 
</span>
in the diagram ?
</p>
</QUESTION>

</CAI>

<!-- ------------------------------------------------------------------------ -->
<!-- ------------------------------------------------------------------------ -->
<!-- ------------------------------------------------------------------------ -->
<CAI>More Properties
<ANSWER>
<p>
<b>0</b>
</p>

</ANSWER>

<LESSON>

<INDEX>cross product, distributive property</INDEX>


<div align="center">
<img src="ijkAxes.gif" border="2" alt="I J K Axes" />
</div>

<p>
Another property is:
</p>

<blockquote>
<span class="math">
<b>u</b> <b>&#215;</b> (<b>v</b> + <b>w</b>) = 
<b>u</b> <b>&#215;</b> <b>v</b> + <b>u</b> <b>&#215;</b> <b>w</b> .
</span>
</blockquote>

<p>
To see this, plug into the definition of the cross product.
</p>

<p>
Often the unit vectors in the direction of the x, y, and z axes 
(in whatever coordinate frame is currently being used)
are called <b>i</b>, <b>j</b>, and <b>k</b>.
Sometimes (as in the picture), little hats are put on each letter.
</p>

<p>
Since the length of each vector is one, and they are mutually
perpendicular (so the sine of the angle between any two is one),
the following is true:
</p>

<INDEX>cross product, between coordinate axes</INDEX>

<table cellpadding="25" class="layout">
<tr><td>
<pre>
<b>i</b> <b>&#215;</b> <b>j</b> &nbsp; = &nbsp; <b>k</b>

<b>j</b> <b>&#215;</b> <b>k</b> &nbsp; = &nbsp; <b>i</b>

<b>k</b> <b>&#215;</b> <b>i</b> &nbsp; = &nbsp; <b>j</b>
</pre>

</td><td>

<pre>
<b>i</b> <b>&#215;</b> <b>k</b> &nbsp; = &nbsp; -<b>j</b>

<b>k</b> <b>&#215;</b> <b>j</b> &nbsp; = &nbsp; -<b>i</b>

<b>j</b> <b>&#215;</b> <b>i</b> &nbsp; = &nbsp; -<b>k</b>
</pre>

</td></tr>
</table>

<p>
Rather than memorize this, 
just draw the diagram and use the right hand rule.
</p>

</LESSON>

<QUESTION>
<p>
What is each of the following:
</p>

<pre>
<b>i</b> <b>&#215;</b> <b>i</b> &nbsp; = 

<b>j</b> <b>&#215;</b> <b>j</b> &nbsp; = 

<b>k</b> <b>&#215;</b> <b>k</b> &nbsp; = 
</pre>

</QUESTION>

</CAI>

<!-- ------------------------------------------------------------------------ -->
<!-- ------------------------------------------------------------------------ -->
<!-- ------------------------------------------------------------------------ -->
<CAI>Cross Product of Column Matrices
<ANSWER>

<pre>
<b>i</b> <b>&#215;</b> <b>i</b> &nbsp; = <b>0</b>

<b>j</b> <b>&#215;</b> <b>j</b> &nbsp; = <b>0</b>

<b>k</b> <b>&#215;</b> <b>k</b> &nbsp; = <b>0</b>
</pre>

</ANSWER>

<LESSON>

<INDEX>cross product, computing</INDEX>
<INDEX>cross product, column matrix</INDEX>



<p>
<b>Definition of the Cross product for column matrices <b>u</b> <b>&#215;</b> <b>v</b></b>
</p>

<ul>
<li><b>u</b> and <b>v</b> must represent 3D vectors.</li>

<li>The result represents a 3D vector.</li>
  

<li> If vector <b>u</b> is represented by &nbsp; &nbsp;
<span class="math">
<b>u</b>  &nbsp; = &nbsp; (u<sub>i</sub> , u<sub>j</sub> , u<sub>k</sub> )<sup>T</sup><br>
</span>
</li>

<li>
and if vector <b>v</b> is represented by &nbsp; &nbsp;
<span class="math">
<b>v</b>  &nbsp; = &nbsp; (v<sub>i</sub> , v<sub>j</sub> , v<sub>k</sub> )<sup>T</sup>.
</span>


<li>
Then &nbsp; 
<span class="math">
<b>u</b> <b>&#215;</b> <b>v</b> &nbsp; = &nbsp; 
(
  u<sub>j</sub> v<sub>k</sub> - u<sub>k</sub> v<sub>j</sub> , &nbsp; 
  u<sub>k</sub> v<sub>i</sub> - u<sub>i</sub> v<sub>k</sub> , &nbsp; 
  u<sub>i</sub> v<sub>j</sub> - u<sub>j</sub> v<sub>i</sub>
)<sup>T</sup>.
</span>
</li>
</ul>

<p>
There is a pattern in how this is formed.  Look at it a bit.
But don't even think of memorizing it.
</p>

</LESSON>

<QUESTION>
<p>
What is: 
<span class="math">
(1, 2, 3)<sup>T</sup>  <big>&#215;</big> (0, 0, 0)<sup>T</sup> ?
</span>
</p>
</QUESTION>

</CAI>

<!-- ------------------------------------------------------------------------ -->
<!-- ------------------------------------------------------------------------ -->
<!-- ------------------------------------------------------------------------ -->
<CAI>Memory Aid
<p>
What is: 
<span class="math">
(1, 2, 3)<sup>T</sup>  <big><b>&#215;</b></big> (0, 0, 0)<sup>T</sup> ?
</span>
</p>

<ANSWER>
<p>
Obviously 
<span class="math">
(1, 2, 3)<sup>T</sup>  <big><b>&#215;</b></big> <b>0</b> = <b>0</b> 
</span>
</p>

<p>
Or, plug  into the formula
<span class="math">
<b>u</b> <b>&#215;</b> <b>v</b> &nbsp; = &nbsp; 
(
  u<sub>j</sub> v<sub>k</sub> - u<sub>k</sub> v<sub>j</sub> , &nbsp; 
  u<sub>k</sub> v<sub>i</sub> - u<sub>i</sub> v<sub>k</sub> , &nbsp; 
  u<sub>i</sub> v<sub>j</sub> - u<sub>j</sub> v<sub>i</sub>
)<sup>T</sup>.
</span>
</p>

<p>
<span class="math">
(1, 2, 3)<sup>T</sup>  <big><b>&#215;</b></big> (0, 0, 0)<sup>T</sup> &nbsp; = &nbsp;
( 2&#215;0 - 3&#215;0, &nbsp; 3&#215;0 - 1&#215;0, &nbsp; 1&#215;0 - 2&#215;0 )<sup>T</sup>&nbsp; = &nbsp; <b>0</b>
</span>
</p>

</ANSWER>

<LESSON>

<INDEX>cross product, as determinant</INDEX>

<p>
Here is a way to compute the cross product
by arranging the elements of each vector into a determinant.
This works as a memory aide, assuming you already know how to
evaluate 3x3 determinants.
If you don't know how, then skip this method and use the definition
on the previous page.
</p>

<p>
The top row contains the symbols that stand for each axes.
This is <b>not</b> the definition of cross product. 
In fact, it is not even a determinant.
It is merely a memory aid.
</p>

<blockquote>
<img src="crossDeterminant.gif">
</blockquote>

<p>
This only works for three dimensional vectors. 
(The cross product is not defined for vectors of any but three dimensions.)
Put the <b>first vector's</b> components into the second row,
and the <b>second vector's</b> components into the third row.
</p>

</LESSON>

<QUESTION>
<p>
What is the cross product of (1, 2, 1)<sup>T</sup> with (0, -1, 2)<sup>T</sup> ? &nbsp;
Fill in the blanks:
</p>

<blockquote>
<img src="crossDeterminant2.gif">
</blockquote>

<!--
<table cellpadding=1>
<tr align=center> <td>|</td> <td> i </td>  <td> j </td>  <td> k </td>  <td> | </td> </tr>
<tr align=center> <td>|</td> <td> 1 </td>  <td> 2 </td>  <td> 1 </td>  <td> | </td> </tr>
<tr align=center> <td>|</td> <td> 0 </td>  <td> -1 </td>  <td> 2 </td>  <td> | </td> </tr>
</table>
-->

</QUESTION>

</CAI>

<!-- ------------------------------------------------------------------------ -->
<!-- ------------------------------------------------------------------------ -->
<!-- ------------------------------------------------------------------------ -->
<CAI>Evaluating the Determinant-like Thing
<p>
What is the cross product of (1, 2, 1)<sup>T</sup> with (0, -1, 2)<sup>T</sup> ? &nbsp;
</p>
<ANSWER>

<blockquote>
<img src="crossDeterminant3.gif">
</blockquote>

</ANSWER>

<LESSON>

<INDEX>determinant, evaluation</INDEX>
<p>
To evaluate this,
find the cofactors of <b>i</b>, <b>j</b>, <b>k</b> in the top row.
In the picture, the cofactors are circled in red.
The cofactor for <b>i</b>, for instance, is the
elements of rows 2 and 3 other than those in column i.
</p>

<blockquote>
<img src="crossDeterminant4.gif">
</blockquote>

<p>
To evaluate a cofactor, multiply the two elements on the main diagonal,
subtract from that the product of the two elements on the other diagonal.
For example,
for the cofactor of <b>i</b> this is 
<span class="math">
2&#215;2 - 1&#215;(-1) &nbsp;=&nbsp; 2 + 1  &nbsp;=&nbsp;5
</span>
</p>


</LESSON>

<QUESTION>
<p>
What is the cross product of (0, -1, 2)<sup>T</sup> with (1, 2, 1)<sup>T</sup>  ? &nbsp;
Fill in the blanks.
(NOTE: the order of the vectors has been reversed).
</p>

<blockquote>
<img src="crossDeterminant5.gif">
</blockquote>
</QUESTION>

</CAI>

<!-- ------------------------------------------------------------------------ -->
<!-- ------------------------------------------------------------------------ -->
<!-- ------------------------------------------------------------------------ -->
<CAI>Another Evaluation
<ANSWER>
<p>
What is the cross product of (0, -1, 2)<sup>T</sup> with (1, 2, 1)<sup>T</sup>  ? &nbsp;
</p>

<blockquote>
<img src="crossDeterminant6.gif">
</blockquote>

</ANSWER>

<LESSON>

<!--INDEX></INDEX-->
<p>
Evaluation follows the same pattern as before,
but the second and third rows have been swapped.
</p>

<blockquote>
<img src="crossDeterminant7.gif">
</blockquote>

<p>
This is the negative of the previous result,
demonstrating that 
</p>

<blockquote>
<span class="math">
<b>u</b> <b>&#215;</b> <b>v</b> &nbsp; = &nbsp; -(<b>v</b> <b>&#215;</b> <b>u</b>) .
</span>
</blockquote>

<p>
(You saw this before, only done with geometrical vectors).
</p>

</LESSON>

<QUESTION>
<p>
What does the determinant-like thing look like when you take the cross product
of a vector by itself?
</p>
</QUESTION>

</CAI>

<!-- ------------------------------------------------------------------------ -->
<!-- ------------------------------------------------------------------------ -->
<!-- ------------------------------------------------------------------------ -->
<CAI>Two Rows Equal
<p>
What does the determinant-like thing look like when you take the cross product
of a vector by itself?
</p>
<ANSWER>
<p>
Rows two and three will be the same.
</p>

</ANSWER>

<LESSON>

<INDEX>determinant, two rows the same</INDEX>
<p>
Recall from the dark ages of high school math that if two rows of a
determinant are the same, then it evaluates to zero. 
Each co-factor evaluates to zero, resulting in 
<span class="math">
<nobr>0<b>i</b> + 0<b>j</b> + 0<b>k</b> &nbsp;=&nbsp; <b>0</b>.</nobr>
</span>
</p>

<p>
The same will happen if one row is a multiple of another.
These results reflect what we have already seen
with geometrical vectors: 
<span class="math">
<nobr>k<b>u</b>  <b>&#215;</b> <b>u</b> &nbsp; = &nbsp; <b>0</b>.</nobr>
</span>
</p>

<p>
The other properties of the cross product of geometrical vectors
are also true of the cross product of their column matrix
representations.
</p>

</LESSON>

<QUESTION>
<p>
What were those properties again?
</p>
</QUESTION>

</CAI>

<!-- ------------------------------------------------------------------------ -->
<!-- ------------------------------------------------------------------------ -->
<!-- ------------------------------------------------------------------------ -->
<CAI>End of Chapter
<ANSWER>
<p>
Here is a list of cross product properties:
</p>

</ANSWER>

<LESSON>

<INDEX>cross product, properties (summary)</INDEX-->

<dl>

<dt>
<GOTO>right-hand rule</GOTO>Right hand rule.
</dt>
<dd>The orientation of <b>u</b><b>&#215;</b><b>v</b> is in the "thumb" direction
    if your fingers curl from <b>u</b><b> to </b><b>v</b>.
</dd>

<dt>
<GOTO>cross product, as area of parallelogram</GOTO>Magnitude of Cross product.
</dt>
<dd>The magnitude of <b>u</b><b>&#215;</b><b>v</b> is the area
    of the parallelogram defined by the two vectors.
</dd>

<dt>
<GOTO>cross product, anti-commutative</GOTO>Anti-commutative
</dt>
<dd>
<b>u</b> <b>&#215;</b> <b>v</b> &nbsp; = &nbsp; -(<b>v</b> <b>&#215;</b> <b>u</b>)
</dd>

<dt>
<GOTO>cross product, colinear vectors</GOTO>Co-linear operands yield zero vector.
</dt>
<dd><b>u</b> <b>&#215;</b> <b>u</b> &nbsp; = &nbsp; <b>0</b> &nbsp; &nbsp;  &nbsp; (k<b>u</b>) <b>&#215;</b> <b>u</b> &nbsp; = &nbsp; <b>0</b>.
</dd>

<dt>
<GOTO>cross product, with zero vector</GOTO>Cross product with zero vector yields zero vector.
</dt>
<dd><b>u</b> <b>&#215;</b> <b>0</b> &nbsp; = &nbsp; <b>0</b> <b>&#215;</b> <b>u</b> &nbsp; = &nbsp; <b>0</b></dd>

<dt>
<GOTO>cross product, not associative</GOTO>Not associative
</dt>
<dd>In general: &nbsp; (<b>u</b> <b>&#215;</b> <b>v</b>) <b>&#215;</b> <b>w</b> 
&nbsp;=/=&nbsp; 
<b>u</b> <b>&#215;</b> (<b>v</b>  <b>&#215;</b> <b>w</b>)
</dd>

<dt>
<GOTO>cross product, distributive property</GOTO>Distributive over vector addition
</dt>
<dd>
<b>u</b> <b>&#215;</b> (<b>v</b> + <b>w</b>) &nbsp; = &nbsp 
<b>u</b> <b>&#215;</b> <b>v</b> + <b>u</b> <b>&#215;</b> <b>w</b> 
</dd>

<dt>
<GOTO>cross product, between coordinate axes</GOTO>Cross product between coordinate axes
</dt>
<dd>
<b>i</b> <b>&#215;</b> <b>j</b> &nbsp; = &nbsp; <b>k</b> &nbsp; &nbsp; &nbsp;
<b>j</b> <b>&#215;</b> <b>k</b> &nbsp; = &nbsp; <b>i</b> &nbsp; &nbsp; &nbsp;
<b>k</b> <b>&#215;</b> <b>i</b> &nbsp; = &nbsp; <b>j</b> &nbsp; &nbsp; &nbsp;
</dd>
</dl>

<p>
The next chapter discusses rectangular matrices.
</p>

</CAI>
</CHAPTER>
